shop,address,id,place
"ADXマミー岡崎","愛知県 岡崎市 井田新町 6-1","WjOKnaPt8-R61FKbJJgF3w","34.9770122 137.1616994"
"G-stage七隈","福岡県 福岡市城南区 七隈 8-4-8","4aPaKAbewVno388Ij2kb9A","33.551233 130.364344"
"G3ポロス原町","福島県 南相馬市 原町区北原字本屋敷 188","oAmUMP8Ln7VHjwZIoLaGBA","37.6268239 140.9879456"
"GiGO 八戸","青森県 八戸市 城下 4-25-14","LsjVp1XmDlMMuCVWwwiJqg","40.51990816 141.4983004"
"GiGO 別府","大分県 別府市 餅ケ浜町 161-2","JNtZX9nFDiABU1wF49EAjw","33.29554779 131.50307"
"GiGO 大森","東京都 大田区 山王 2-1-5　大森駅ララビル2F","qjSW1JBzYceqBvnOnUsiig","35.58994359 139.7284341"
"GiGO 大阪第4ビル","大阪府 大阪市北区 梅田 1-11-4　駅前第4ビルB1F","uA83rC9I7s-hjuo3n-gGug","34.699746 135.499503"
"GiGO 神楽坂","東京都 新宿区 神楽坂 2-11　第2カグラヒルズ1F","eODcmAvB7oiXpnqG3r8_yg","35.701037 139.742011"
"GiGO 赤羽","東京都 北区 赤羽 1-7-9　赤羽第一葉山ビルB1F","xghdJL0PpJS_PJ719smIVg","35.7790173 139.7223472"
"GiGO 金山","愛知県 名古屋市熱田区 金山 1-19-2","3-ORBrPCdQ-h4VpI8Mycsg","35.142681 136.902152"
"GiGO 難波アビオン","大阪府 大阪市浪速区 難波中 2-3-15　MMOビルB1～3F","5BB8wDEw9o1OHziRDnANvQ","34.6626874 135.5032468"
"HapipiLand十日町","新潟県 十日町市 丑 735-1","NI_UUYDD00WXoITfRabp0w","37.136249 138.745643"
"HapipiLand福島","福島県 福島市 鎌田 船戸前14-1　ドン・キホーテ福島店内","kyXo0sFf0ZQTgq8eKRC2ug","37.790362 140.489092"
"THE 3RD PLANET BiVi沼津","静岡県 沼津市 大手町 1-1-5　BiVi沼津3F","3Ut78GX9Hbxg9YQCls1-8A","35.10399676 138.8609648"
"THE 3RD PLANET OZ浜松","静岡県 浜松市東区 宮竹町 322-1","cJte6SmwMdynRQtj7TAWzg","34.72229392 137.7654809"
"VAMP中川","愛知県 名古屋市中川区 新家 1-2007","mUWECtqTYMKm_5_Bih0uHA","35.1559093 136.8061459"
"namcoイオンタウン読谷SC","沖縄県 中頭郡読谷村 古堅 740　イオンタウン読谷SC内","jcbhs40CILprY-WFznTNag","26.367978 127.746034"
"namcoイオンタウン郡山","福島県 郡山市 松木町 2-88　イオンタウン郡山内","kssq9R-4FkV8sN1mDoESog","37.389365 140.390478"
"namcoフジグラン今治","愛媛県 今治市 東門町 5-13-1　フジグラン今治2F","ufNM8YukEpT2BI0UwvdSvA","34.0613442 133.0148186"
"namco豊岡","兵庫県 豊岡市 中陰字大工 617　3F","P6IFzxR-h2tbDd7qleYm1w","35.554928 134.8122293"
"アピナ大宮","埼玉県 さいたま市大宮区 仲町 1-19　大東ビルB1・1F","COZWFPC29GePqLkiTLdBMw","35.905268 139.62644"
"アピナ姫路","兵庫県 姫路市 東郷町 1454-3　姫路リオス2F","OoQZ3l2xFyy7cdHaLUPxpQ","34.826968 134.71516"
"アピナ川越","埼玉県 川越市 泉町 1-1　ウニクス南古谷シネマ棟1F","H3g4aG5ERSpaAMu-7HBxHg","35.90371865 139.5159119"
"アピナ松本","長野県 松本市 双葉 19-10","qed73OVsGkV6th9FBRftWw","36.2105026 137.9615503"
"アミパラここじゃ","広島県 東広島市 西条町下見 6-10-19","vMSJWICCeH0hDokFxKFQ5w","34.40757354 132.7155358"
"アミパラ垂水","兵庫県 神戸市垂水区 名谷町字室山 1400-18","kaitpjdXRTkENQ2Rsns2uw","34.66456702 135.0667709"
"アミパラ広島","広島県 広島市西区 西観音町 3-17","ikPCRl_Le62XPNO8OCsyQg","34.39351585 132.4361086"
"アミューズメントスペースASO:VIBA！","東京都 渋谷区 恵比寿 1-10-5　三恵エビスビル2・3F","FFmEzNE2SNEmuVWU8Yywpg","35.64680856 139.7109675"
"アミューズメントゾーン北上","岩手県 北上市 本通り 2-2-1　さくら野百貨店北上店4F","-FabGdDnZd7_udefynEPjg","39.288443 141.115825"
"インターワールド伊勢崎","群馬県 伊勢崎市 宮子町 3425-4","003QXzgM3C5ak69pcb4vzg","36.331521 139.162503"
"エースレーン守山","滋賀県 守山市 播磨田町 231-4　ACT守山3番館2F","1VCqd5zyYCNSj372whb-0w","35.0679113 135.9958151"
"エースレーン愛知川","滋賀県 愛知郡愛荘町 長野 200","OH2CDsCUhrIC-AWe7DOy_A","35.18748528 136.2140029"
"エースレーン近江八幡","滋賀県 近江八幡市 出町 736　ACT近江八番2番館1F","wGSl06IUY9mH72JbAlogzA","35.1318688 136.1023034"
"クラブセガ新宿西口","東京都 新宿区 西新宿 1-12-5　西口三平ビル","QBMUwlBi9EUfqaBNd-XFZQ","35.68948738 139.697409"
"クラブセガ立川","東京都 立川市 柴崎町 3-2-1　サザンビル1F","l1PJ2RhdSrzlUBvi1hI1ow","35.69751 139.41462"
"ゲームアルカナ","愛知県 稲沢市 朝府町 2-33","tDl95pZUkUp57dQR6H-QLw","35.251863 136.778801"
"ゲームシティ川口","埼玉県 川口市 栄町 1-10-5","Zx4QEqYhLyTlWyCEwRMEJQ","35.80255221 139.7256124"
"ゲームセンターテクノポリス","新潟県 長岡市 要町 1-8-50","3omUa42sC_-wtRlc8l5ASw","37.424981 138.83773"
"ゲームゾーン各務原","岐阜県 各務原市 鵜沼各務原町 5-286-1　ペタルビル1F","sSioWHofL-A_4Il7q4MbFw","35.4041592 136.9146717"
"ゲームパニック堺","大阪府 堺市堺区 築港八幡町 1-1　堺浜シーサイドステージ　堺浜えんため館内","6_VMGene-DgPH1WfYN8uDw","34.59837468 135.4474007"
"ゲームパラダイスゼロワン","神奈川県 横須賀市 若松町 1-6　ヨコビル3F","p1SXo01I7NOOsq21D3-nSg","35.279547 139.671056"
"スポーツウェーブ鉄腕24稲毛長沼","千葉県 千葉市稲毛区 長沼原町 697","0uMIkIh47H_iy2YlLcAnmQ","35.66200785 140.1266509"
"スーパーノバ会津インター","福島県 会津若松市 町北町上荒久田字宮下 142","4lo469GtpMgNw8-Q2Odn4w","37.5184251 139.9220484"
"ソユーエンターテイメントスタジオ須賀川","福島県 須賀川市 古河 105　イオンタウン須賀川B棟内","fziAI9CM4cCpovH-4bsHvw","37.2973819 140.3851589"
"ソユーゲームフィールドみのおキューズモール","大阪府 箕面市 西宿 1-15-30　みのおキューズモールCENTER棟2F","ORr3JJgR4qLtaHj-hf6J8Q","34.833013 135.489402"
"ソユーゲームフィールド三川","山形県 東田川郡三川町 猪子字和田庫 128-1　イオンモール三川1F","9Adq2RlOWFvLyn8Mj9OVmA","38.81588695 139.8350573"
"ソユーゲームフィールド八戸","青森県 八戸市 沼館 4-7-112　ピアドゥB棟2F","joVNChSPBBuG_mH5P-94qQ","40.527767 141.497134"
"ソユーゲームフィールド小名浜","福島県 いわき市 小名浜字辰巳町 79　イオンモールいわき小名浜3F","UjlPMy6p6ro7OTXCHc4EUQ","36.946819 140.903794"
"ソユーゲームフィールド旭川駅前","北海道 旭川市 宮下通 7-2-5　イオンモール旭川駅前4F","tCZEbuhu-jhGRhKMXYGniA","43.764006 142.357115"
"ソユーゲームフィールド泉南","大阪府 泉南市 りんくう南浜 3-12　イオンモールりんくう泉南2F","rBrCKmY1RKqJnGGfbLi6Mg","34.38114702 135.2680707"
"ソユーゲームフィールド釜石","岩手県 釜石市 港町 2-51-41　イオンタウン釜石3F","-5JbKSsfwK-jpbgonWFYOw","39.271199 141.881805"
"ソユーファミリーゲームフィールド防府","山口県 防府市 鐘紡町 7-1　イオンタウン防府1F","d47HlNP1hE2xenuKBZGAmw","34.0482681 131.5902686"
"ソユーフォレストハンター松前","愛媛県 伊予郡松前町 筒井 850　エミフルMASAKI　エミアミューズ1F","FTZC2qTLmGnN5NUGpwJODA","33.78780595 132.7150798"
"タイトーFステーションオリナス錦糸町","東京都 墨田区 太平 4-1-2　オリナスモールB1F","RaZcGCcd8ZbHCrhGIY8zBA","35.70040074 139.8156488"
"タイトーFステーション上越","新潟県 上越市 富岡 3524　J-MAXシアター内1F","38xbgYVvaTvabTSyLEmWvA","37.148192 138.259047"
"トヤマレジャーランド呉羽","富山県 富山市 高木字貝塚 2054","6OgKrYA-qnAUW0DQ_6ljLA","36.71546024 137.157923"
"トライセン中津","大分県 中津市 下池永 67-3","1_D0lme-DE2HlI2YEUD-Tw","33.58965196 131.2110794"
"トライセン萩原","大分県 大分市 萩原 4-227-7　ACS3F","5OKjbT1PP9IdTzfNixBPxA","33.24908724 131.6437089"
"バイパスレジャーランド加賀","石川県 加賀市 箱宮町 ヲ1-1","YJfzyxCLj5be4RETqnaFpQ","36.32537744 136.4113355"
"ビデオゲームミュージアムロボット深谷","埼玉県 深谷市 上柴町西 4-12-1","AVzHYwB0ypjPaJSNDf26sQ","36.179653 139.2987764"
"ピタゴラス和歌山","和歌山県 和歌山市 土入 73-1","37jenbdchd9NKhFGndyfVQ","34.252872 135.145628"
"プレイランドキング円町","京都府 京都市中京区 西ノ京西円町 40","3Gwy9Ssv2qlH3G8FNC8OHg","35.01877235 135.7311863"
"モンキートリック","大阪府 寝屋川市 香里南之町 32-5　YNレジデンス香里2F","VwnYvgSVG-UR4-FFq8aZ_A","34.7832936 135.6287687"
"ユーズランド三光","大分県 中津市 三光佐知 1032　イオンモール三光2F","1p2m4QM5wYrYjDDoArIj5w","33.560431 131.192061"
"ラッキー佐倉","千葉県 佐倉市 井野 1475","yQCVD2gTLEUH8mwqFOVwLQ","35.71845135 140.1362264"
"ラッキー八千代店バッティングドーム","千葉県 八千代市 大和田新田 1088","yJlTTFVP-opRXgXssouStA","35.72450505 140.0673473"
"上越レジャーランボウル","新潟県 上越市 下門前 827-2","g8UVj9xJd4ZkJsc6bTL6Hw","37.1640489 138.2489754"
"千葉レジャーランド成東","千葉県 山武市 姫島 111-1","CCZZIs9jbUSX3K8jq5c0sA","35.5884342 140.3902745"
"千葉レジャーランド野田","千葉県 野田市 吉春 776-1","1WM0ORQybNaJjDQM1vRBqg","35.97145951 139.865334"
"名古屋レジャーランド大高","愛知県 名古屋市緑区 大高町字忠治山 12-1　名古屋グランドボウルB2F","j2K-unC89HszP8F_031cYQ","35.04844347 136.9495904"
"岐阜レジャーランド穂積","岐阜県 瑞穂市 稲里 630","1agMaI4AB6Bbll5yz2wxwg","35.38432231 136.6845667"
"嶺宝スポーツセンター","福島県 いわき市 小名浜住吉字折返 2-2","5pBipzAfXEIsyOD1QlAhQQ","36.97424088 140.890558"
"新宿スポーツランド本館","東京都 新宿区 新宿 3-22-12","YElI7xKKPkVecrB1Yf0BtA","35.693126 139.701829"
"東京レジャーランド秋葉原","東京都 千代田区 外神田 1-9-5","YlXs7PTJ5d1KKhc6E0qvcA","35.69885423 139.7701049"
"滋賀レジャーランド大津","滋賀県 大津市 におの浜 3-1-43","ma-2Lzmty6Hxy2QrJfPMTA","35.003934 135.883405"
"福井レジャーランド板垣","福井県 福井市 下馬 3-112","ZWyJV2AbZSs5k6Pw9Z3Izg","36.042309 136.233763"
"群馬レジャーランド伊勢崎","群馬県 伊勢崎市 連取町 3066-1","CKGHWsk5yZdwkIBFD-bnzw","36.3182978 139.1723371"
"群馬レジャーランド渋川","群馬県 渋川市 八木原 1364","sJrFI2wwg9TzeRk5UF9j8A","36.4742725 139.0153529"
"群馬レジャーランド藤岡","群馬県 藤岡市 中 2002-1","0vb1o0ASWfpswitcQmhDZg","36.27435334 139.0720868"
"群馬レジャーランド高崎駅東口","群馬県 高崎市 江木町 333-1　高崎EXビルB1・2F","ia42VZ7HlUikAtkExT3ysg","36.32988076 139.0129173"
