m,b,2022.1.11 (水)『maimai でらっくす FESTiVAL オリジナルグッズプレゼントキャンペーン第4弾』参加店舗一覧
タイトーステーション 千歳店,北海道千歳市北栄２−１２−５
キャッツアイ新札幌店,北海道札幌市厚別区厚別東五条１ー１−１０
キャッツアイ清田店,北海道札幌市清田区清田１条１−２０−１
キャッツアイ新川店,北海道札幌市北区新川二条７丁目１ー７
キャッツアイ東苗穂店,北海道札幌市東区東苗穂６条２丁目１−２５
キャッツアイ恵庭店,北海道恵庭市住吉町２丁目９−１
キャッツアイミュンヘン大橋店,北海道札幌市豊平区平岸１条２３丁目８０１−１
ｎａｍｃｏ札幌エスタ店,北海道札幌市中央区北5条西2-1-1札幌エスタ9F
キャッツアイ篠路店,北海道札幌市北区篠路１条４丁目６ー３０
SOYUGameField旭川西店,北海道旭川市緑町23-2161-3イオンモール旭川西3F
ラウンドワン函館店,北海道函館市西桔梗町８４８−１１
ラウンドワン旭川店,北海道旭川市永山三条１−４−７
ラウンドワン札幌北２１条店,北海道札幌市東区北二十一条東１−１−２１
ラウンドワン札幌白石本通店,北海道札幌市白石区本通１６丁目北１−５０
ソユーゲームフィールド発寒,北海道札幌市西区発寒8条12丁目1　イオン札幌発寒SC3F
ソユーゲームフィールド苗穂店,北海道札幌市東区東苗穂2条3-1-1　イオンモール札幌苗穂２Ｆ
ソユーゲームフィールド旭川駅前店,北海道旭川市宮下通７−２−５ｲｵﾝﾓｰﾙ旭川駅前４F
ラウンドワン札幌すすきの店,北海道札幌市中央区南五条西3-6-1
タイトーステーション 札幌狸小路２丁目店,北海道札幌市中央区南３条西２丁目−１４
ゲームランド新さっぽろ,北海道札幌市厚別区中央２条５丁目７−３ カテプリさっぽろ３階
GiGO八戸,青森県八戸市城下4-25-14
GiGO弘前,青森県弘前市末広1-3-3
ゲームフェスタミタマ店,青森県弘前市駅前町5-5
ソユースペースファンタジーインフィニ,青森県弘前市城東北３−１０−１さくら野百貨店弘前店４Ｆ
ユーズランド下田店,青森県上北郡おいらせ町中野平４０−１イオンモール下田１Ｆ
ゲームランドつがる柏店,青森県つがる市柏稲盛幾世41イオンモールつがる柏2F
ラウンドワン青森店,青森県青森市浜田３−１−１
ゲームフィールド弘前樋の口店,青森県弘前市樋の口二丁目９−６イオンタウン弘前樋の口店
ソユーゲームフィールド青森店,青森県青森市浜田1-14-1イトーヨーカドー青森店2F
ソユーゲームフィールド八戸店,青森県八戸市沼館4-7-112八戸ピアドゥＢ棟2F
ＢＩＮＧＯ一関,岩手県一関市山目字中野９２−１
GiGO水沢,岩手県奥州市水沢区佐倉河字鎧田4-1
タイトーステーション 盛岡マッハランド店,岩手県盛岡市上堂１−２−３８マッハランド内
ゲームランド盛岡店,岩手県盛岡市前潟４−７−１イオンモール盛岡２Ｆ
アミューズメントゾーン北上店,岩手県北上市本通2-2-1さくら野北上店4F
Ｇ３ポロスイオンタウン北上店,岩手県北上市里分四地割２０番地１
ラウンドワン盛岡店,岩手県盛岡市盛岡駅西通２−１０−３５
ソユーファミリーゲームフィールド花巻店,岩手県花巻市高木第１６地割６８−６　銀河モール１Ｆ
テクノワールド,岩手県奥州市江刺区愛宕字梁川127-1
ソユーゲームフィールド盛岡南,岩手県盛岡市本宮7-1-1ｲｵﾝﾓｰﾙ盛岡南1F
ソユーゲームフィールド釜石店,岩手県釜石市港町２−１−１イオンタウン釜石店３F
GiGO佐沼,宮城県登米市迫町佐沼字中江2-5-8
GiGO名取,宮城県名取市飯野坂字土城堀57-1
タイトーステーション 仙台名掛丁店,宮城県仙台市青葉区中央１−７−１３
ゲームコーナー東部,宮城県仙台市若林区六丁の目中町26-60 斎喜東部ビル2F
タイトーステーション 仙台クリスロード店,宮城県仙台市青葉区中央２−３−２５
GiGO石巻,宮城県石巻市大街道東4-1-45
THE 3RD PLANET BiVi仙台店,宮城県仙台市宮城野区榴岡2-1-25
タイトーステーション 仙台ベガロポリス店,宮城県仙台市太白区西多賀５−２４−１ベガロポリス内
ｎａｍｃｏイオンモール名取店,宮城県名取市杜せきのした5-3-1イオンモール名取2F
プラサカプコン石巻店,宮城県石巻市茜平4丁目104番地 ｲｵﾝ石巻ｼｮｯﾋﾟﾝｸﾞｾﾝﾀｰ2F
ビーカム松森店,宮城県仙台市泉区松森字斎兵衛５８−１
ゲームランド佐沼店,宮城県登米市南方町新島前４６−１イオンタウン佐沼ＳＣ
ラウンドワン仙台苦竹店,宮城県仙台市宮城野区苦竹１−７−１０
スーパーノバ仙台利府,宮城県宮城郡利府町加瀬字新前谷地５５−１
ＧＡＭＥＢＡＮＫ仙台泉店,宮城県仙台市泉区大沢２−５−４
GiGO仙台コロナワールド,宮城県仙台市宮城野区福室字田中前1番53-1
ゲームフィールド仙台長町店,宮城県仙台市太白区長町７丁目２０番３号ザ・モール仙台長町店３階
スーパーノバイオン仙台中山,宮城県仙台市泉区南中山１−３５−５７別館３Ｆ
GiGO仙台,宮城県仙台市青葉区中央２−５−５三経６０ビル
ＳＯＹＵ　ＧＡＭＥ　ＦＩＥＬＤ古川店,宮城県大崎市古川沢田字筒場浦１５番地イオンタウン古川内
アピナ新利府　北館店,宮城県宮城郡利府町利府字新屋田前２２イオンモール新利府北館２
GiGO秋田,秋田県秋田市茨島1-1-16
SOYUGameField御所野店,秋田県秋田市御所野地蔵田1-1-1イオンモール秋田2F
ｎａｍｃｏイオンタウン大館西店,秋田県大館市根下戸新町18-121イオンタウン大館西内
ラウンドワン秋田店,秋田県秋田市卸町１−１−２
プラサカプコン大曲店,秋田県大仙市和合字坪立１７７イオン大曲ＳＣ２Ｆ
プレイランドソピアいとくアクロス能代店,秋田県能代市字寺向70いとくアクロス能代店内
ゲームフィールド十文字店,秋田県横手市十文字町仁井田字東22-1スーパーモールラッキー内
ゲームフィールド鷹巣店,秋田県北秋田市栄字前綱76　いとく鷹巣SC内
ＳＯＹＵＧａｍｅＦｉｅｌｄ能代店,秋田県能代市鰄渕字古屋布１番イオンタウン能代内
ＳＯＹＵＧａｍｅＦｉｅｌｄ大館店,秋田県大館市御成町三丁目７番５８号いとく大館ＳＣ３階
GiGO北山形,山形県山形市北町1-3-20
GiGO米沢,山形県米沢市大字花沢字タナコ原177
ビーカム成沢店,山形県山形市成沢西５−３−２７
ソユーゲームフィールド三川店,山形県東田川郡三川町大字猪子字和田庫１２８−１イオン三川１Ｆ
セガ庄内,山形県東田川郡三川町猪字大堰端３２６番地６
アピナ鶴岡店,山形県鶴岡市文下字広野１−１
ソユーゲームフィールド天童店,山形県天童市芳賀タウン北４−１−１ イオンモール天童２Ｆ
スタジオプリモ山形店,山形県山形市城南町１−１−１　霞城セントラル２Ｆ
GiGO小名浜,福島県いわき市小名浜林城字塚前18-1
GiGO日和田,福島県郡山市日和田町字西中島7-1
GiGO白河,福島県白河市新高山1-1 メガステージ白河内
GiGO福島,福島県福島市本内中井1-2
セガワールド勿来,福島県いわき市勿来町四沢字鍵田13
THE 3RD PLANET ピボット福島店,福島県福島市栄町1-1 パワーシティーピボット内
スーパーノバ福島,福島県福島市黒岩字中島7-2
ＳＯＹＵ　Ｅ−ＳＴＵＤＩＯ須賀川店,福島県須賀川市古河１０５イオンタウン須賀川Ｂ棟内
G3ポロス原町店,福島県南相馬市原町区北原本屋敷188
ラウンドワン福島店,福島県福島市太田町14-18
ラウンドワン郡山店,福島県郡山市向河原町４−５５
嶺宝スポーツセンター,福島県いわき市小名浜住吉折返２−２
タイトーＦ郡山オリエントパーク店,福島県郡山市安積町荒井字大久保３５−１
ソユーゲームフィールド小名浜店,福島県いわき市小名浜字辰巳町７９イオンモールいわき小名浜３Ｆ
GiGO日立,茨城県日立市田尻町3-26-1
GiGO霞ヶ浦,茨城県稲敷市西代1473-1
ＧＡＭＥ ＰＡＤＤＯＣＫ＋１,茨城県古河市小堤１９１６−１
ピンクパンサー下妻店,茨城県下妻市小島884-10
ゲームパニックつくば,茨城県土浦市中村東1-1-1サンタスワールド内
あそびのひろば　鹿嶋店,茨城県鹿嶋市宮中２９０−１ショッピングセンターチェリオ１階
ピンクパンサー水戸赤塚店,茨城県水戸市河和田1-1
ユーズランド水戸内原店,茨城県水戸市内原２−１イオンモール水戸内原２Ｆ
GiGO水戸,茨城県水戸市宮町1-7-44コムボックス310
ピンクパンサーつくばみらい店,茨城県つくばみらい市陽光台1-14-1
アミューズビバ,茨城県ひたちなか市東大島２−１１−１１
ピンクパンサー日立店,茨城県日立市東多賀町5-10-10
GiGO石岡,茨城県石岡市東大橋中峯1976-1
GiGO龍ヶ崎,茨城県龍ケ崎市藤ケ丘4-2-8
ピンクパンサー水戸けやき台店,茨城県水戸市酒門町3276-1
ｎａｍｃｏiiasつくば店,茨城県つくば市研究学園5-19　iiasつくば店2F2190
楽市楽座イオンモール土浦店,茨城県土浦市上高津３６７イオンモール土浦ＳＣ３階
ＳＯＹＵ　ＴＯＹ’Ｓ　ＮＹ　守谷店,茨城県守谷市百合ヶ丘3-249-1　イオンタウン守谷2Ｆ
スタジオプリモ水戸店,茨城県水戸市宮町１−２−４マイム１F
GiGO水戸南,茨城県水戸市千波町２０１７−１
ピンクパンサー土浦店,茨城県土浦市木田余４５８５−３
ゲームメガつくば店,茨城県つくば市小野崎１７７−２
GiGO 宇都宮,栃木県宇都宮市東宿郷5-1-7
GiGO小山,栃木県小山市東城南1-1-18
GiGO西那須野,栃木県那須塩原市南郷屋2-106-27
GiGO日光,栃木県日光市芹沼1448-1
ナムコプラボ宇都宮店,栃木県宇都宮市簗瀬町１６０６−１　Ｐ＆Ｄビル
シーサイドリゾートアミューズメントパーク,栃木県宇都宮市睦町７−３
INTER PARK+1宇都宮,栃木県宇都宮市インターパーク６−５−１
大田原スポーツランド,栃木県那須塩原市一区町１０４−６０
タイトーステーション 宇都宮ベルモール店,栃木県宇都宮市陽東６−２−１ベルモール内２Ｆ
ラウンドワン宇都宮店,栃木県宇都宮市江曽島町２０７２−１
ドラマ足利店,栃木県足利市朝倉町244-1
ｎａｍｃｏフェドラＰ＆Ｄ佐野店,栃木県佐野市高萩町１３４０
アピナ小山店,栃木県小山市駅南町４−２７−１８
スタジオプリモ宇都宮店,栃木県宇都宮市曲師町2-8宇都宮フェスタ1F
GiGO太田,群馬県太田市西矢島町575-1
GiGO沼田,群馬県沼田市下久屋町1100-1
THE 3RD PLANET 高崎店,群馬県高崎市下和田町5-3-8 メディアメガ高崎内
群馬レジャーランド伊勢崎店,群馬県伊勢崎市連取町3066-1
ゲームシティボストン,群馬県前橋市大友町3-7-3
インターワールド伊勢崎店,群馬県伊勢崎市宮子町3425-4
GiGO館林,群馬県館林市小桑原町949-1
ユーズランド太田店,群馬県太田市石原町８１番地イオンモール太田２Ｆ
群馬レジャーランド高崎駅東口店,群馬県高崎市江木町３３３−１高崎ＥＸビル
群馬レジャーランド太田店,群馬県太田市西矢島町162-2
群馬レジャーランド藤岡店,群馬県藤岡市中2002-1
宝島大間々店,群馬県みどり市大間々町大間々４０番地さくらもーる２Ｆ
ユーズランド高崎店,群馬県高崎市棟高町１４００番地イオンモール高崎２Ｆ
ｎａｍｃｏけやきウォーク前橋,群馬県前橋市文京町２−１−１けやきウォーク前橋2F
群馬レジャーランド渋川店,群馬県渋川市八木原1364
ラウンドワン前橋店,群馬県前橋市天川大島町１１０１−１
宝島　桐生店,群馬県桐生市永楽町５−１０ＭＥＧＡドン・キホーテ桐生店３Ｆ
GiGOスマーク伊勢崎,群馬県伊勢崎市小保方町３６８番地スマーク伊勢崎３Ｆ北−３０２
タイトーステーション 和光店,埼玉県和光市丸山台１−４−５
GiGO所沢,埼玉県所沢市日吉町8-1
GiGO入間,埼玉県入間市東藤沢2-18
GiGO川口,埼玉県川口市東領家2-2-10
GiGO籠原,埼玉県熊谷市美土里町1-169
キャロム坂戸店,埼玉県坂戸市関間2-151-1
キャロム所沢店,埼玉県所沢市下安松969-1
楽市楽座イオンモール川口前川店,埼玉県川口市前川1-1-11イオンモール川口前川店3F
埼玉レジャーランド春日部店,埼玉県春日部市大字増富字谷際163-1
ラウンドワン大宮店,埼玉県さいたま市大宮区宮町４−９０−７
ラウンドワンわらび店,埼玉県蕨市北町５−１−６
ウェアハウス上尾店,埼玉県上尾市二ツ宮１０４４
ウェアハウス越谷店,埼玉県越谷市南荻島８４１−１
モンテカルロ,埼玉県深谷市西島３−１−２
アミューズメントクラブ浦和,埼玉県さいたま市浦和区仲町1-10-7
ゲームファクトリーマグマ草加店,埼玉県草加市氷川町2125-1
ウェアハウス岩槻店,埼玉県さいたま市岩槻区加倉３−３−６３
アミューズメントフィールドバイヨン,埼玉県ふじみ野市うれし野２−１６−１LCモールうれし野２Ｆ
ｎａｍｃｏ熊谷店,埼玉県熊谷市銀座2-97CARPA1階
GiGO花園,埼玉県深谷市荒川359
シルクハット　川口,埼玉県川口市栄町３−１−１６イート川口ビル４Ｆ
ＳＯＹＵＧａｍｅＦｅｉｌｄ熊谷,埼玉県熊谷市銀座2-245ﾆｯﾄﾓｰﾙ4F
GiGOイオンモール与野,埼玉県さいたま市中央区本町西5-2-9イオンモール与野3F
ゲームパニック三郷,埼玉県三郷市ピアラシティ1-1-200
ラウンドワン朝霞店,埼玉県朝霞市膝折町２−１６−１０
THE 3RD PLANET フレスポ八潮店,埼玉県八潮市大瀬1-1-3 フレスポ八潮3F
宝島　浦和美園店,埼玉県さいたま市緑区美園５−５０−１イオンモール浦和美園２Ｆ
ラウンドワン上尾店,埼玉県上尾市大字平塚９１７−１
ウェアハウス草加店別館,埼玉県草加市稲荷２−３６−３３
ｎａｍｃｏイオンモール北戸田店,埼玉県戸田市美女木東１−３−１ｲｵﾝﾓｰﾙ北戸田ｼｮｯﾋﾟﾝｸﾞｾﾝﾀｰ内3F
ラウンドワンさいたま・栗橋店,埼玉県久喜市小右衛門１９２−１
ラウンドワン入間店,埼玉県入間市小谷田３−７−２５
ビッグボウル杉戸,埼玉県北葛飾郡杉戸町大字杉戸２３３８
プラサカプコン羽生店,埼玉県羽生市川崎２−２８１−３イオンモール羽生２階
ウェアハウス三橋店,埼玉県さいたま市西区三橋６−９５５−１
ラウンドワン草加店,埼玉県草加市谷塚上町２０４番１
ユーズランド越谷店,埼玉県越谷市レイクタウン4-2-2イオンレイクタウンKAZE3F
アピナ川越店,埼玉県川越市泉町１−１　ウニクス南古谷シネマ棟１Ｆ
ソユーゲームフィールド菖蒲店,埼玉県久喜市菖蒲町菖蒲６００５番地１　モラージュ菖蒲３Ｆ
ラウンドワンさいたま・上里店,埼玉県児玉郡上里町大字金久保３９４−１
タイトーステーション 所沢店,埼玉県所沢市日吉町３−７
ラウンドワンららぽーと新三郷店,埼玉県三郷市新三郷ららシティ3-1-1ららぽーと新三郷2F20000番
ラウンドワンさいたま・鴻巣店,埼玉県鴻巣市箕田３１６３−７
ソユーゲームフィールド川口店,埼玉県川口市並木元町１−７９　アリオ川口３Ｆ
ギガステーション戸田店,埼玉県戸田市大字美女木943-7
ハローズガーデンワカバウォーク店,埼玉県鶴ヶ島市富士見1-2-1ワカバウォーク2F
ユーズランド春日部店,埼玉県春日部市下柳４２０−１イオンモール春日部２Ｆ
アピナ上尾店,埼玉県上尾市緑丘３−３−１１−２　Ｐ・Ａ・Ｐ・Ａ上尾ＳＣ別棟
タイトーステーション 大宮店,埼玉県さいたま市大宮区大門町１−１
アピナ大宮店,埼玉県さいたま市大宮区仲町１−１９
プリモピア鴻巣店,埼玉県鴻巣市北新宿２２５−１ウニクス鴻巣１階
ＧｉＧＯ南越谷ラクーン,埼玉県越谷市南越谷１丁目１５番１号南越谷ラクーン２Ｆ
埼玉レジャーランド大宮ラクーン店,埼玉県さいたま市大宮区宮町1-60 RAKUUN５階
タイトーステーション 柏店,千葉県柏市柏２−３−１フーサワビル
ＧｉＧＯ柏,千葉県柏市柏１−１−１１丸井デパート内Ｂ１Ｆ
GiGO千葉,千葉県千葉市中央区富士見２−４−１
GiGO 我孫子,千葉県我孫子市柴崎字天王谷47-1
セガワールド成田,千葉県成田市東町157-5
GiGO旭,千葉県旭市二字野場3150-1
GiGOイオンスタイル新浦安,千葉県浦安市入船１−４−１イオン新浦安店４Ｆ
ラッキー中央店・フェリシダ,千葉県千葉市中央区富士見2-8-1
千葉レジャーランド成東店,千葉県山武市姫島111-1
千葉レジャーランド野田店,千葉県野田市吉春776-1
ウェアハウス南流山店,千葉県流山市南流山４−１６−６
チャリオット五井店,千葉県市原市五井中央西２−１−２
ゲームプラザセントラル浦安店,千葉県浦安市北栄1-16-15
プラサカプコン成田店,千葉県成田市ウイング土屋２４イオン成田ＳＣ２Ｆ
ｎａｍｃｏ松戸店,千葉県松戸市松戸１２３０−１ピアザ松戸１Ｆ
スポーツウェーブ鉄腕24,千葉県千葉市中央区浜野町1025-59
千葉レジャーランド稲毛店,千葉県千葉市稲毛区小仲台2-5-7海宝ビル2F
ラッキーバッティングドーム八千代店,千葉県八千代市大和田新田1088
アドアーズ千葉,千葉県千葉市中央区富士見２−４−１５第一東和ビル
アミュージアム茂原店,千葉県茂原市高師１６１９−１
GiGO 幕張,千葉県千葉市美浜区ひび野1-8メッセ・アミューズ・モール１Ｆ
イスカンダル木更津店,千葉県木更津市潮見４−１−２
GiGO八柱,千葉県松戸市日暮1-1-1八柱駅第2ﾋﾞﾙ2F
本八幡ゲームUNO,千葉県市川市八幡２丁目１６ー６八幡ハタビルB1F
プラサカプコン富津店,千葉県富津市青木1-5-1イオンモール富津内ゲームコーナー
柏ガリバー,千葉県柏市柏１−１−１１丸井ビルＢ１Ｆ
シルクハット　津田沼,千葉県習志野市津田沼１−２−１十三ビル地下１階
GiGO フェスティバルウォーク蘇我,千葉県千葉市中央区川崎町51-1ハーバーシティ蘇我FW AM棟1F
ラッキー佐倉店,千葉県佐倉市井野1475
ゲームランド千葉ニュータウン店,千葉県印西市中央北３丁目　イオンモール　千葉ＮＴモール棟３Ｆ
佐原ミナミボウル,千葉県香取市佐原イ-4200
パラボランド東金店,千葉県東金市東岩崎8-10サンピア3Ｆ
アミューズメントエース市川,千葉県市川市市川１−９−１１サン市川ハイツ１階
ｎａｍｃｏ流山おおたかの森Ｓ・Ｃ店,千葉県流山市おおたかの森南１−５−１おおたかの森Ｓ・Ｃ３Ｆ
タイトーFステーション柏中央,千葉県柏市十余二２４９−５
タイトーステーション 船橋店,千葉県船橋市本町１−６−１
ゲームランドちはら台店,千葉県市原市ちはら台西３−４ｕｎｉｍｏちはら台２Ｆ
スポーツウェーブ鉄腕24稲毛長沼店,千葉県千葉市稲毛区長沼原町697番地
キャッツアイ八千代店,千葉県八千代市緑が丘西２丁目１３番地３　ｉｓｍ緑ヶ丘内
GiGO稲毛オーツーパーク,千葉県千葉市稲毛区園生町380-1
ラウンドワン市原店,千葉県市原市八幡北町３−５−１
ラウンドワン習志野店,千葉県習志野市芝園１−４−５
ラウンドワン市川鬼高店,千葉県市川市鬼高４−１−３
ソユープレイランドソピア幕張店,千葉県千葉市花見川区幕張町4-417-25イトーヨーカドー幕張店2F
GiGOイオンモール銚子,千葉県銚子市三崎町2-2660-1イオンモール銚子2F
アミューズメントパレスワンダーヴュー成田,千葉県成田市飯仲11-18
タイトーＦステーション市川妙典店,千葉県市川市妙典4-1-1　イオン市川妙典店2番街2F
ソユーゲームフィールド木更津店,千葉県木更津市築地１−４イオンモール木更津２F
ラウンドワンアリオ柏店,千葉県柏市大島田１丁目６番地１セブンパークアリオ柏　１０７０
ゲームランド津田沼店,千葉県習志野市津田沼１−２３−１イオンモール津田沼２Ｆ
アピナ市原店,千葉県市原市更級４丁目２番１号アクロスプラザ市原更級Ｆ棟１階
アミューズメントエース津田沼,千葉県船橋市前原西２−１５−１ファシービル
ＧａｍｅＦｉｅｌｄ千城台店,千葉県千葉市若葉区千城台北３丁目２１−１イコアス千城台３Ｆ
スタジオプリモ　本八幡店,千葉県市川市八幡2-15-10　パティオ５Ｆ
ＧｉＧＯ秋葉原１号館,東京都千代田区外神田１−１０ー９
ハイテクランドセガ渋谷,東京都渋谷区渋谷１−１４−１４ＥＳＴ１階・７階
GiGO新宿西口,東京都新宿区西新宿１−１２−５Ｂ１Ｆ・１Ｆ
新宿スポーツランド本館,東京都新宿区新宿3-22-12
GiGO西葛西,東京都江戸川区西葛西5-1-14第一保志ビル
GiGO船堀,東京都江戸川区船堀1-6-11
GiGO神楽坂,東京都新宿区神楽坂2-11第2カグラヒルズ1F
GiGO大森,東京都大田区山王2-1-5大森駅ララビル2F
GiGO立川,東京都立川市柴崎町３−２−１サザンビル１・２Ｆ
GiGO自由が丘,東京都目黒区自由が丘2-10-9
GiGO福生,東京都福生市福生1076-1
ハイテクランドセガ立石,東京都葛飾区立石7-2-1
GiGO池上,東京都大田区池上6-2-3松山ビル2Ｆ
ｎａｍｃｏ巣鴨店,東京都豊島区巣鴨１−１５−１宮田ビルB2F
ゲームプラザセントラル八王子店,東京都八王子市東町12-15第5セントラル
アミューズメントスペースASO：VIBA！,東京都渋谷区恵比寿1-10-5三恵エビスビル2F
アドアーズ渋谷,東京都渋谷区宇田川町１３−１１　ＫＮ渋谷１ビル
アドアーズ仙川,東京都調布市仙川町２−２１−１２　ＶＩＣビル７
シルクハット　蒲田西口,東京都大田区西蒲田７−２−３第二醍醐ビル地下１階〜２階
プラサカプコン吉祥寺店,東京都武蔵野市吉祥寺本町1-10-1いなりやビルB1F
ラウンドワン南砂店,東京都江東区南砂６−７−１５トピレックプラザ４Ｆ
タイトー新宿南口ゲームワールド店,東京都新宿区新宿３−３５−８
タイトーステーション 渋谷店,東京都渋谷区渋谷１−２４−１２渋谷東映プラザ
タイトーＢＩＧＢＯＸ高田馬場店,東京都新宿区高田馬場１−３５−３　ＢＩＧＢＯＸ６Ｆ
タイトーステーション新宿東口店,東京都新宿区新宿３−２２−７　指田ビル
タイトーステーション国分寺店,東京都国分寺市本町３−５−１１
ウェアハウス入谷店,東京都足立区入谷７−８−１１
ウェアハウス保木間店,東京都足立区保木間１−１−１９
アミューズメントスペースカプセル,東京都多摩市永山１−３−４ヒューマックスパビリオン永山B1-2F
アミュージアムＯＳＣ店,東京都練馬区東大泉２−３４−１オズスタジオシティ２Ｆ
ハイテクランドキューデン,東京都足立区西新井栄町2-7-2
アドアーズ八王子,東京都八王子市東町１１−３　センチュリーＳＴビル
タイトーステーション 町田店,東京都町田市原町田６−２１−２３　松山ビル１階
東京レジャーランド秋葉原店,東京都千代田区外神田1-9-5
タイトーステーション 秋葉原店,東京都千代田区外神田４−２−２貴三ビル
○×△□（ラくトス）,東京都葛飾区新小岩１−４４−６
ｎａｍｃｏ中野店,東京都中野区中野５−５２−１５中野ブロードウェイ別館
ラウンドワン町田店,東京都町田市森野１−１３−１４
タイトーステーション 上野アメ横店,東京都台東区上野４−１０−１７
GiGO府中,東京都府中市西原町1-6-2フレスポ府中1F・2F
ドラマ八王子高倉店,東京都八王子市高倉町55-4
シルクハット　八王子,東京都八王子市旭町２−５　八王子ツインタワービル３階
ゲームサファリ大山,東京都板橋区大山東町60-10やすだ大山駅前店2F
ドットコム葛西,東京都江戸川区中葛西３−３５−５
キャロム青梅店,東京都青梅市千ケ瀬町4-326-1
セガワールド葛西,東京都江戸川区東葛西9-3-3イトーヨーカドー3F
タイトーＦステーションオリナス錦糸町店,東京都墨田区太平4-1-2オリナスモール地下1F
ラウンドワン板橋店,東京都板橋区相生町１６−１３
ｎａｍｃｏ王子サンスクエア店,東京都北区王子１−４−１サンスクエア２階
ゲームＷ,東京都豊島区南長崎5-27-6
GiGOイオンモールむさし村山,東京都武蔵村山市榎1-1-3-2059
アピナ八王子みなみ野店,東京都八王子市みなみ野１−２−１アクロスモール３Ｆ
アドアーズ新小岩,東京都葛飾区新小岩１−４４−４　ＶＯＲＴ新小岩ビル
ドラマ瑞穂店,東京都西多摩郡瑞穂町武蔵382-1
ユーズランド日の出店,東京都西多摩郡日の出町大字平井237-3イオンモール日の出３Ｆ
東京レジャーランド秋葉原2号店,東京都千代田区外神田4-3-3ミナミビル6F・7F
ラウンドワン武蔵村山店,東京都武蔵村山市伊奈平３−１−１
GiGO赤羽,東京都北区赤羽1-7-9赤羽第一葉山ビルB1
ラウンドワン府中本町駅前,東京都府中市本町１−１３−３カネタビル
フォルム武蔵境,東京都武蔵野市境南町２−７−２０ダイヤパレス第２　１階
タイトーステーション 錦糸町楽天地店,東京都墨田区江東橋４−２７−１４楽天地ビルＢ１Ｆ
SOYU ZAURUS WORLD 大森店　,東京都大田区大森北2-13-1イトーヨーカドー大森店3F
ソユープレイランドソピア八王子店,東京都八王子市狭間町1462-1イトーヨーカドー八王子店3F
ソユープレイランドソピア南大沢店,東京都八王子市南大沢2-28-1イトーヨーカドー南大沢店3F
ハローズガーデン武蔵小金井店,東京都小金井市本町6-14-9イトーヨーカドー武蔵小金井店4F
ラウンドワンダイバーシティ東京プラザ店,東京都江東区青海1-1-10ダイバーシティ東京プラザ6階61000
ザ・サードプラネット多摩センター店,東京都多摩市落合１−４１−１マグレブウェスト１階・２階
ラウンドワン池袋店,東京都豊島区東池袋１−１４−１
GiGO竹の塚,東京都足立区竹の塚6-8-6 ピーくんPlaza-B
東京レジャーランド亀有店,東京都葛飾区亀有3-21-2
タイトーステーション 池袋西口店,東京都豊島区西池袋１−１５−９第一西池ビル
タイトーステーション立川北口店,東京都立川市曙町２−４−５クリサス立川２・３Ｆ
ラウンドワン吉祥寺店,東京都武蔵野市吉祥寺本町1-11-22
GiGO町田,東京都町田市原町田6-13-17アーバンミサワビルB1
タイトーステーションＢＩＧＦＵＮ平和島店,東京都大田区平和島１丁目１−１ＢＩＧＦＵＮ平和島
GiGO赤羽駅前,東京都北区赤羽１−２−４
アピナ荻窪店,東京都杉並区上荻１−１３−１０ハクサンビル
ウェアハウス一橋学園店,東京都小平市学園東町一丁目４番３９号平山ビル３Ｆ
ＧｉＧＯ新大久保,東京都新宿区百人町２丁目１０−１南雲ビルＢ１Ｆ
ｎａｍｃｏ池袋店ＲＥＤ,東京都豊島区東池袋１−２２−１０　ＨＵＭＡＸパビリオン１Ｆ
ＧｉＧＯ秋葉原３号館２,東京都千代田区外神田１−１１−１１外神田１丁目ビルディング
ゲームパニック新宿歌舞伎町,東京都新宿区歌舞伎町1-20-1　ﾋｭｰﾏｯｸｽﾊﾟﾋﾞﾘｵﾝ1階2階
東京レジャーランド池袋店,東京都豊島区東池袋１丁目１番２９号　サントロペ池袋２階３階
ＧｉＧＯ高田馬場,東京都新宿区高田馬場４−７−５高田馬場グランド東京
タイトーＦステーション吉祥寺ＪＯＹ店,東京都武蔵野市吉祥寺本町１丁目８‐２３　河田ビル
ゲームパニック秋葉原,東京都千代田区外神田1-13-1　Akihabara ex
東京レジャーランド吉祥寺店,東京都武蔵野市吉祥寺本町1-3-7　YSビル地下１階〜4階
GiGO池袋3号館,東京都豊島区東池袋1-1-4池袋北辰ビル
ゲームセンターＷＩＬＬ　ＷＧＣ,東京都立川市羽衣町２−４−１３羽衣長田ビル１０１ＷＧＣ
GiGO 本厚木,神奈川県厚木市中町4-15-9
ムトス相模原店,神奈川県相模原市中央区中央２−１−５
ｎａｍｃｏ都筑店,神奈川県横浜市都筑区川和町８４６−１
ネバーランド港北店,神奈川県横浜市都筑区中川中央1-36-16
GiGO 相模大野,神奈川県相模原市南区相模大野3-13-2 東和ビル2F・3F
シルクハット本厚木,神奈川県厚木市中町３−４−２２第二会田ビル２階
シルクハット川崎モアーズ,神奈川県川崎市川崎区駅前本町７番地　岡田屋モアーズ１・２階
シルクハット　伊勢佐木町,神奈川県横浜市中区伊勢佐木町３—９６日活会館３階
シルクハット　横須賀中央,神奈川県横須賀市若松町１−５プライムビル２階
ラウンドワン高津店,神奈川県川崎市高津区二子４−８−１
タイトーステーション溝の口,神奈川県川崎市高津区溝口１−１１−８ＯＫＫＡ６３４ビル３階
タイトーステーション 戸塚西口店,神奈川県横浜市戸塚区戸塚町４０２３
ゲームインファンファン藤沢店,神奈川県藤沢市鵠沼石上１−３−８
プラサカプコン横須賀店,神奈川県横須賀市若松町2-30モアーズシティ4F
タイトーステーション 小田原店,神奈川県小田原市栄町１−３−１２
タイトー小田原シティーモール店,神奈川県小田原市前川１２０　フレスポ小田原シティーモール２Ｆ
ラウンドワン横浜綱島店,神奈川県横浜市港北区樽町２−６−４０Ｔ-PLATZ内
ラウンドワン横浜駅西口店,神奈川県横浜市西区南幸２−８−１６
ゲームコスモ鶴見店,神奈川県横浜市鶴見区豊岡町１７−４
GiGO 綱島,神奈川県横浜市港北区綱島西2-6-29
神奈川レジャーランド厚木店,神奈川県厚木市戸室5-31-1
アドアーズ横須賀,神奈川県横須賀市本町３−２７横須賀ＡＰＴ１階
シルクハット　川崎ダイス,神奈川県川崎市川崎区駅前本町８番地ダイスビル地下２階
シルクハット　大船,神奈川県鎌倉市大船１−２４　大船駅前ビル１〜３Ｆ
GiGO 新杉田,神奈川県横浜市磯子区杉田1-1-1らびすた新杉田2F
ラウンドワン川崎大師店,神奈川県川崎市川崎区殿町１−５−１
ドラマ藤沢店,神奈川県藤沢市本藤沢5-6-8
タイトーステーション海老名ビナウォーク店,神奈川県海老名市中央１−１８−１　ビナウォーク６番館２Ｆ
ドラマ港北インター店,神奈川県横浜市都筑区東方町321-6
アドアーズ橋本,神奈川県相模原市緑区橋本３−３−１ＳＩＮＧビル２Ｆ
楽市楽座湘南藤沢店,神奈川県藤沢市辻堂新町4-3-5ﾐｽﾀｰﾏｯｸｽ湘南藤沢SC２F
ナムコ横浜ワールドポーターズ,神奈川県横浜市中区新港2-2-1横浜ワールドポーターズ5F
アドアーズ藤沢北口,神奈川県藤沢市藤沢４６０−１　３〜４Ｆ
プレイランド大和鶴間,神奈川県大和市下鶴間１−３−１イトーヨーカドー大和鶴間店３Ｆ
タイトーステーション 横浜西口五番街店,神奈川県横浜市西区南幸１−１２ー９
タイトーステーション 藤沢店,神奈川県藤沢市南藤沢２１−１
プレビ　アリオ橋本店,神奈川県相模原市緑区大山町１−２２アリオ橋本店内２階
プレイランド川崎,神奈川県川崎市川崎区小田栄2-2-1-3F
ゲームファンタジア平塚,神奈川県平塚市紅谷町１４−２１
ＳＯＹＵ　GAME　FIELD湘南店,神奈川県藤沢市辻堂新町4-1-1湘南モールＦＩＬＬ2F
セガ小田原ダイナシティ,神奈川県小田原市中里296-1 ダイナシティイーストモール3F
GiGO イトーヨーカドー古淵,神奈川県相模原市南区古淵3-13-33 イトーヨーカドー3F
パラダイス・シティ,神奈川県横浜市旭区二俣川1-43-28
イミグランデ溝口店,神奈川県川崎市高津区溝口１−１４−７　第二カスタムビル
アピナ橋本店,神奈川県相模原市緑区西橋本５−１−１ラ・フロール駐車場棟１階
イミグランデ日吉店３,神奈川県横浜市港北区日吉2−2−4
ラウンドワンららぽーと湘南平塚店,神奈川県平塚市天沼１０−１３階 ３３２８０番
セガ海老名,神奈川県海老名市中央一丁目４番３１号海老名プラザビル１階
GiGO センター南,神奈川県横浜市都筑区茅ヶ崎中央３−２５
ソユーゲームフィールド上大岡店,神奈川県横浜市港南区上大岡西１−１８−３　ミオカリスト館６階
カプコサーカス新潟東店,新潟県新潟市東区大形本町３−１−２　ジャスコシティ新潟東
上越レジャーランボウル,新潟県上越市下門前薬島827-2
メジャーロード24,新潟県見附市今町4-20-568-1
タイトーＦステーション 燕三条店,新潟県燕市井土巻３−１５０イオン県央店アメニティ棟１Ｆ
ｎａｍｃｏ新潟店,新潟県新潟市中央区南笹口１−１−１　ひもろぎビル２Ｆ
メジャーロード黒埼,新潟県新潟市西区山田３３０３番地（３３０２番地）
ソユーゲームフィールド新発田店,新潟県新発田市住吉町５丁目１１番５号　イオンモール新発田２Ｆ
ラウンドワン新潟店,新潟県新潟市中央区美咲町２−１−３８
アピナ上越インター店,新潟県上越市下門前１６６１
アピナ長岡店,新潟県長岡市堺東町２２
タイトーＦステーション上越店,新潟県上越市富岡3524 J-MAXシアター内1F
トヤマレジャーランド呉羽店,富山県富山市高木字貝塚2054
タイトーステーション ファボーレ婦中店,富山県富山市婦中町下轡田１６５−１フューチャーファボーレ２F
アピナ富山新庄店,富山県富山市荒川３−２−１２
アピナ富山豊田店,富山県富山市豊田町２丁目１２−６６
キッズサーカス五福店,富山県富山市五福1143-1
アピナ富山南店,富山県富山市堀川町３５５−３　マイプラザ内
GiGOイオンモール高岡,富山県高岡市下伏間３８３　イオンモール高岡２Ｆ２００１Ａ区画
GiGO アルプラザ金沢,石川県金沢市諸江町30-1
バイパスレジャーランド藤江新館,石川県金沢市藤江南2-105
タイトーステーション 金沢店,石川県金沢市片町２−１−７宇都宮片町ビル
バイパスレジャーランド加賀店,石川県加賀市箱宮町ヲ1-1
アピナ野々市バッティングスタジアム,石川県野々市市若松町５−５
ラウンドワン金沢店,石川県金沢市横川6-120-1
ゲーム・パラダイス,石川県金沢市堀川新町５−１ｱﾐｭｰｽﾞﾒﾝﾄｽｸｴｱ3Ｆ
GiGOイオンタウン金沢示野,石川県金沢市戸板西2-1
アピナ野々市店,石川県野々市市白山町４−１イオンタウン野々市店内
楽市楽座イオンモール新小松店,石川県小松市清六町３１５イオンモール新小松店２Ｆ
ＭＩＲＡＩＮＯイオンモール白山店,石川県白山市横江町土地区画整理事業施行地区内１衛区１番地
GiGO福井,福井県福井市丸山1-410
GiGO武生,福井県越前市新町3-13-4
フクイレジャーランドワイプラザ店,福井県福井市新保北1-303　ヤスサキワイプラザＢ棟2Ｆ
福井レジャーランド板垣店,福井県福井市下馬３−１０２
タイトーＦステーションアル・プラザ鯖江店,福井県鯖江市下河端町１６−１６−１アルプラザ鯖江アミューズ棟内
ゲームパニック甲府,山梨県甲府市国母5-20-24
プラサカプコン甲府店,山梨県中巨摩郡昭和町西条字北河原３７１７
ラウンドワン山梨・石和店,山梨県笛吹市石和町広瀬７３７−１
楽市楽座イオンモール甲府店,山梨県中巨摩郡昭和町飯喰１５０５−１イオンモール２０１１
GiGO 上田,長野県上田市大字上田1847-1
セガワールド豊科,長野県安曇野市豊科南穂高1115
アピナ伊那店,長野県伊那市大字西町５０９３
GiGO松本,長野県松本市渚1-7-1なぎさライフサイト内
アピナ松本店,長野県松本市双葉１９−１０
GiGO岡谷,長野県岡谷市塚間町2-1-21
ラウンドワン長野店,長野県長野市大字東和田８２７番地６
アピナ塩尻店,長野県塩尻市広丘野村１７９４−１
アピナ飯田店,長野県飯田市座光寺３７２８−１
ｎａｍｃｏイオンモール佐久平店,長野県佐久市佐久平駅南11-10ｲｵﾝﾓｰﾙ佐久平2階
アピナ長野川中島店,長野県長野市川中島町御厨９６７−１
ゲームゾーン岡谷店,長野県岡谷市中央町２−２−１イルプラザ１Ｆ
ソユーゲームフィールド長野店,長野県長野市三輪９−４３−２４イオンタウン長野三輪店
楽市楽座イオンモール松本店,長野県松本市中央四丁目９番５１号
セガワールド高山,岐阜県高山市上岡本町7-7
岐阜レジャーランド穂積店,岐阜県瑞穂市稲里630番地
Ａ．Ｃ．グランド,岐阜県岐阜市茜部大川1-77
ゲームハウスアリババ,岐阜県大垣市池尻町９４０−１
GiGO マーゴ関,岐阜県関市倉知516
ゲームゾーン各務原店,岐阜県各務原市鵜沼各務原町５−２８６ ペタルビル１Ｆ
大垣メトロポリス,岐阜県大垣市三塚町西沼５２３−１
ｎａｍｃｏイオンモール各務原店,岐阜県各務原市那加萱場町３−８イオンモール各務原店２Ｆ
GiGOアクアウォーク大垣,岐阜県大垣市林町6-80-21アクアウォーク大垣2F
ラウンドワンモレラ岐阜店,岐阜県本巣市三橋１１００
アピナ各務原店,岐阜県各務原市蘇原花園町２丁目９番地１
THE 3RD PLANET OZ浜松店,静岡県浜松市東区宮竹町322-1
ＴＨＥ　３ＲＤ　ＰＬＡＮＥＴ　富士,静岡県富士市永田町２−９９
THE 3RD PLANET 焼津店,静岡県焼津市八楠3-18-5
ラウンドワン富士店,静岡県富士市八代町４−１５
ポート２４浜松店,静岡県浜松市西区坪井町4183-1
ゲームインプリンス,静岡県静岡市清水区天神1-2-6
GiGO掛川,静岡県掛川市細田248
GiGO袋井,静岡県袋井市川井1142-1
アップル新北街道店,静岡県静岡市葵区沓谷5-13-4
アピナ焼津店,静岡県焼津市道原５８５
GiGO サントムーン柿田川,静岡県駿東郡清水町玉川６１−２サントムーン柿田川２Ｆ
THE 3RD PLANET BiVi沼津店,静岡県沼津市大手町1-1-5
ジョイランドアミューズ諏訪店,静岡県沼津市大諏訪２０−２
アピナ浜松店,静岡県浜松市中区葵西２−２７−１０
タイトーステーション新浜松ザザシティ店,静岡県浜松市中区鍛冶町１５サザンシティ西館２Ｆ
プラサカプコン志都呂店,静岡県浜松市西区志都呂町二丁目37番1号 ｲｵﾝﾓｰﾙ浜松志都呂3F
楽市楽座サンストリート浜北店,静岡県浜松市浜北区平口２８６１サンストリート浜北
ラウンドワン浜松店,静岡県浜松市東区天王町諏訪１９８１−１７
アップルグランリバー大井川店,静岡県焼津市下江留１３２７
ジョイランドアミューズみしま,静岡県三島市梅名３０８−６
ラウンドワン静岡・駿河店,静岡県静岡市駿河区手越７５
ソユー竜宮タウン静岡店,静岡県静岡市駿河区石田1-5-1アピタ静岡ＳＣ2Ｆ
GiGOベイドリーム清水,静岡県静岡市清水区駒越北8-1ベイドリーム清水2F
マークイズ静岡店,静岡県静岡市葵区柚木１９１ＭＡＲＫ ＩＳ 静岡３Ｆ
アップル島田店,静岡県島田市宝来町8-5
アピナ磐田店,静岡県磐田市西貝塚横須賀道北3690イオンタウン磐田内
スタジオプリモ沼津,静岡県沼津市大手町３−４−１沼津ラクーン３Ｆ
ＨａｐｉｐｉＬａｎｄ富士八幡町店,静岡県富士市八幡町６−３　マックスバリュ富士八幡町内
スーパーウェーブ静岡,静岡県静岡市清水区鳥坂８６０
GiGO 静岡,静岡県静岡市葵区七間町4番地
THE 3RD PLANET 島田店,静岡県島田市中溝町2531
半田メトロポリス,愛知県半田市旭町３−１１−１
GiGO金山,愛知県名古屋市熱田区金山１−１９ー２
GiGO岡崎,愛知県岡崎市上地3-50-4
アミューズメントプラザワイド,愛知県東海市名和町二番割上16-2
GiGO春日井,愛知県春日井市岩野町4180
GiGO東名ボール,愛知県瀬戸市西原町2-114
GiGO豊田,愛知県豊田市深田町1-65-1
安城メトロポリス,愛知県安城市浜富町６−８
豊川メトロポリス,愛知県豊川市下長山町上アライ１４−１
GiGOギャラリエアピタ知立,愛知県知立市長篠町大山18-1ギャラリエアピタ1F
GiGO安城,愛知県安城市百石町2-35-13
アミューズメントプラザ　マルシン,愛知県刈谷市池田町4-609
GiGO豊橋飯村,愛知県豊橋市飯村町字西山25-121
名古屋レジャーランド大高店,愛知県名古屋市緑区忠治山201番地
名古屋レジャーランド内田橋店,愛知県名古屋市南区内田橋2-26-22
ラウンドワン千種店,愛知県名古屋市千種区新栄3-20-17タイホウ千種駅前南ビル8階
ラウンドワン鳴海店,愛知県名古屋市緑区鳴海町杜若２８
M's PARK豊田店,愛知県豊田市寿町３−２１、２２
M's PARK刈谷店,愛知県刈谷市稲場町３−２０６
ゲーム キングジョイ,愛知県名古屋市中区栄3-3-32
オークランドボウル春日井,愛知県春日井市鳥居松町３−１１　１階ゲームコーナー
コムテックタワー,愛知県名古屋市中村区名駅４−１０−２０
コムテックスクウェア,愛知県名古屋市中区金山1-16-8
コムテックプラザ赤池,愛知県日進市赤池１−２９０１
ＧＲＥＡ,愛知県名古屋市千種区今池５−２２−１７
ユーズランド東浦店,愛知県知多郡東浦町緒川旭１３−２イオンモール東浦２Ｆ
GiGO尾西,愛知県一宮市篭屋3-9-7アソビックスびさい1F
ゲームファンタジアン岡崎店,愛知県岡崎市錦町２−４
楽市街道 名古屋店,愛知県北名古屋市中之郷新明４５−１
小牧メトロポリス,愛知県小牧市間々片山１８１
ラウンドワン中川１号線店,愛知県名古屋市中川区法蔵町２−２３
セガイオンモール木曽川,愛知県一宮市木曽川町黒田八ヶ池25-1　イオンモール木曽川3F
楽市楽座イオンモール扶桑店,愛知県丹羽郡扶桑町南山名高塚5番地イオンモール扶桑2階
ラウンドワン名古屋西春店,愛知県北名古屋市宇福寺神明１５
ＶＡＭＰ中川店,愛知県名古屋市中川区新家１−２００７
ｎａｍｃｏイオンモールナゴヤドーム前店,愛知県名古屋市東区矢田南4丁目102-3ｲｵﾝﾓｰﾙﾅｺﾞﾔﾄﾞｰﾑ前SC3F
GiGOイオンタウン刈谷,愛知県刈谷市東境町京和１
ラウンドワン半田店,愛知県半田市瑞穂町６−７−８
ポート２４八事店,愛知県名古屋市昭和区広路町北石坂102番地4
ラウンドワン豊橋店,愛知県豊橋市大岩町字岩田２７−２
Ｌａ・Ｆｉｅｓｔａ,愛知県豊橋市広小路１−６−２フェイス豊橋ビルＢ１
ファンタジープラザ名古屋,愛知県名古屋市北区玄馬町２３４−１ﾄﾞﾝｷﾎｰﾃ名古屋本店２階
ｎａｍｃｏイオンモール大高店,愛知県名古屋市緑区南大高2-450ｲｵﾝ大高3階
ＡＤＸマミー春日井Ｒ１５５出川店,愛知県春日井市不二ヶ丘１丁目５番地
ｎａｍｃｏエアポートウォーク名古屋店,愛知県西春日井郡豊山町大字豊場字林先１−８エアポートウォーク
ゲームランド岡崎店,愛知県岡崎市戸崎町字外山３８−５イオンモール岡崎　シネコン棟
ＧｉＧＯｍｏｚｏワンダーシティ,愛知県名古屋市西区二方町４０番
ＡＤＸマミー岡崎店,愛知県岡崎市井田新町６−１
タイトーキッズランドＧＡＺＡ,愛知県豊田市喜多町１−１４０ＧＡＺＡ３階
SOYU BREMEN TOWN 鳴海店,愛知県名古屋市緑区鳴海町字伝治山3-9　アピタ鳴海店2F
ソユープレイランドソピア安城店,愛知県安城市住吉町3-1-8イトーヨーカドー安城店2F
タイトーステーション 弥富店,愛知県弥富市五明１３７１−４
GiGOイオンタウン名西,愛知県名古屋市西区香呑町６−４９−１イオンタウン名西２Ｆ
タイトーステーション 大須店,愛知県名古屋市中区大須３−２０−７
パラボランド小牧店,愛知県小牧市東1-126　イオン小牧店２F
楽市楽座イオンモール名古屋茶屋店,愛知県名古屋市港区西茶屋２−１１イオンモール名古屋茶屋３階
ｎａｍｃｏ名古屋駅前店,愛知県名古屋市中村区椿町６−６ニッセイ名古屋西ビル別館Ｂ１
アミューズファクトリー常滑店,愛知県常滑市りんくう町2-20-3イオンモール常滑2F
ｎａｍｃｏイオンモール長久手店,愛知県長久手市勝入塚５０１　イオンモール長久手３Ｆ
プラサカプコン徳重店,愛知県名古屋市緑区鳴海町徳重１８−４４ヒルズウォーク徳重
セガプライムツリー赤池,愛知県日進市赤池町箕ノ手1番
タイトーステーションフェドラ大須店,愛知県名古屋市中区大須３−３０−３１
アミュージアム津島店,愛知県津島市大字津島字北新開351番地ﾖｼﾂﾞﾔ津島本店ｼﾈﾏ館2F
GiGOマーケットスクエアささしま,愛知県名古屋市中村区平池町４丁目６０番地１４号
ゲームゾーンＲ一宮,愛知県一宮市更屋敷門６０
ゲーム　アルカナ,愛知県稲沢市朝府町２−３３
ラウンドワンイーアス春日井店,愛知県春日井市六軒屋町東丘２２テナント区画番号３０１０
アピナ豊橋,愛知県豊橋市藤沢町１４１ホリデイ・スクエアＡＭ棟１階
ダイナソアエイジ,愛知県大府市東新町三丁目８８番地
GiGO生桑,三重県四日市市生桑町字川原崎299-1
GiGOアドバンスモール松阪,三重県松阪市田村町２３５−１
GiGO桑名,三重県桑名市大仲新田宮前158
GiGO久居,三重県津市久居明神町字風早2534-1
プレビ　トナリエ四日市,三重県四日市市安島１−３−３１トナリエ５階
アピナ四日市店,三重県四日市市泊小柳町４−３４
ｎａｍｃｏイオンモール鈴鹿,三重県鈴鹿市庄野羽山４−１−２イオンモール鈴鹿２Ｆ
GiGO名張,三重県名張市希央台3番地15
ラウンドワンみえ川越インターチェンジ店,三重県三重郡川越町南福崎８５１−１
ラウンドワン津・高茶屋店,三重県津市高茶屋小森町２７７−８
GiGO伊勢,三重県伊勢市中須町666
アピナ鈴鹿店,三重県鈴鹿市庄野羽山4-20-1イオンタウン鈴鹿2階
楽市楽座イオンモール東員店,三重県員弁郡東員町大字長深字築田５１０−１
アミパラ鈴鹿店,三重県鈴鹿市西条町字東澤430-1
GiGO 甲西,滋賀県湖南市夏見字二ツ橋356-1
GiGO エイスクエア草津,滋賀県草津市西渋川1-23-23エイスクエアSARA南館2階
ｎａｍｃｏビバシティ彦根店,滋賀県彦根市竹ケ鼻町４３−１ビバシティ彦根２Ｆ
ACT草津ACTION,滋賀県草津市野路町1161-1
ゲームディーノ彦根店,滋賀県彦根市西沼波町１６６
エースレーン近江八幡店,滋賀県近江八幡市出町７３６アクトビル１Ｆ
エースレーン守山,滋賀県守山市播磨田町２３１−４ＡＣＴ守山３番館内
エースレーン愛知川,滋賀県愛知郡愛荘町長野２００
エースレーン堅田,滋賀県大津市今堅田２−４０−１０
ゲームランド草津店,滋賀県草津市新浜町３００番地イオンモール草津３階
ラウンドワン浜大津アーカス店,滋賀県大津市浜町２−１浜大津アーカス内
ＧＡＭＥ　ＦＩＥＬＤ守山店,滋賀県守山市今浜町２６２０−５ピエリ守山1Ｆ
アミパラ草津店,滋賀県草津市木川町72
滋賀レジャーランド大津店,滋賀県大津市におの浜３−１−４３　イオンタウンアヤハプラザ内
セガワールド六地蔵,京都府京都市伏見区桃山町山ノ下32京都SCビルAM棟2F
ラウンドワン京都河原町店,京都府京都市中京区河原町通三条下ル山崎町２５０
プレイランドキング円町店,京都府京都市中京区西ノ京西円町40
プラサカプコン京都店,京都府京都市右京区西院追分町２５−１イオンモール京都五条３Ｆ
ラウンドワン京都伏見店,京都府京都市伏見区下鳥羽平塚町１３１
THE 3RD PLANET BiVi京都二条店,京都府京都市中京区西ノ京栂尾町107
パルケ上賀茂店,京都府京都市北区上賀茂西河原１−１
あそＶＩＶＡゲームセンター,京都府福知山市字堀小字下高田２１４６−１
ｎａｍｃｏイオンモールＫＹＯＴＯ店,京都府京都市南区西九条鳥居口町1ｲｵﾝﾓｰﾙKYOTO SAKURA館4階
プレイランド京都店,京都府京都市右京区山ノ内池尻町1-1京都ファミリー3F
楽市楽座イオンモール京都桂川店,京都府京都市南区久世高田町376-1イオンモール京都桂川店３階
アミパラ久御山店,京都府久世郡久御山町森大内３３７ イオンタウン久御山内
GiGO難波アビオン,大阪府大阪市浪速区難波中２−３−１５　ＭＭＯビルＢ１Ｆ〜３Ｆ
GiGO 布施,大阪府東大阪市長堂1-1-1ロンモール布施内
クラブセガ東梅田,大阪府大阪市北区堂山町9-28
ハイテクランドセガ西中島,大阪府大阪市淀川区西中島3-16-8深井センタービル1・2F
GiGOあべのアポロ 3F,大阪府大阪市阿倍野区阿倍野筋1-5-31 アポロビル3F
GiGO 今福,大阪府大阪市城東区今福東1-9-34
GiGO 枚方,大阪府枚方市須山町83-1サンシャインプラザ枚方内
スポーツセンター　２１世紀,大阪府堺市南区岩室108-1
ラウンドワン豊中店,大阪府豊中市名神口１−１−１
ラウンドワン守口店,大阪府守口市佐太東町２−６−１４ジャガーグリーン２Ｆ
ラウンドワン東大阪店,大阪府東大阪市若江南町１−２−１２
ラウンドワン東淀川店,大阪府大阪市東淀川区菅原７−１４−２８
ゲームフェイス八尾店,大阪府八尾市天王寺屋2-68
アミュージアム茶屋町店,大阪府大阪市北区茶屋町15-34
GiGO 和泉,大阪府和泉市肥子町2-4-41
ｎａｍｃｏマグスミノエ店,大阪府大阪市住之江区泉１−１−８２マグスミノエ１Ｆ
モンキートリック,大阪府寝屋川市香里南之町32-5　YNレジデンス香里2F
関大前フタバボウル,大阪府吹田市千里山東１−７−１８
ソユーゲームフィールド泉南店,大阪府泉南市りんくう南浜３番１２イオンモールりんくう泉南２Ｆ
ラウンドワン高槻店,大阪府高槻市辻子３−６−４
ｎａｍｃｏ梅田店,大阪府大阪市北区小松原町３−３ＯＳビル２Ｆ
ラウンドワン堺中央環状店,大阪府堺市東区石原町２−２４１
ラウンドワン城東放出店,大阪府大阪市城東区今福南3-4-38
ラウンドワン堺駅前店,大阪府堺市堺区戎島町4-44-3
ラウンドワン枚方店,大阪府枚方市高野道１−２０−２０
ゲームパニック堺,大阪府堺市堺区築港八幡町1番地堺浜ｼｰｻｲﾄﾞｽﾃｰｼﾞ内堺浜ｴﾝﾀﾒ館
ｎａｍｃｏイオンモール鶴見緑地店,大阪府大阪市鶴見区鶴見４−１７−１鶴見緑地４階
ｎａｍｃｏイオンモール大日店,大阪府守口市大日東町1番地18号ｲｵﾝﾓｰﾙ大日4階
ｎａｍｃｏなんばパークス店,大阪府大阪市浪速区難波中2丁目10番70号なんばﾊﾟｰｸｽ6階
フタバボウル泉大津店,大阪府泉大津市松之浜町１−２−５３
タイトーステーション アリオ八尾店,大阪府八尾市光町２−３　イトーヨーカドーアリオ八尾３Ｆ
タイトーステーション 難波店,大阪府大阪市中央区難波千日前１５−１２
Ｇ−ｐａｌａあべの,大阪府大阪市阿倍野区阿倍野筋３−１０−１あべのベルタ２Ｆ
ラウンドワン岸和田店,大阪府岸和田市八阪町２−１１−１
GiGO フレスポ東大阪,大阪府東大阪市稲田新町3-9-64
ラウンドワン梅田店,大阪府大阪市北区小松原町４−１６
GiGO ビバモール寝屋川,大阪府寝屋川市寝屋南2-22-2ビバモール寝屋川 モール棟2F
ｎａｍｃｏ大阪日本橋店,大阪府大阪市浪速区難波中2-1-17コスモビル1〜3階
ＹＡＺ寝屋川店,大阪府寝屋川市石津中町25-26
タイトーステーション 大阪日本橋店,大阪府大阪市浪速区日本橋４−９−１４
ラウンドワン千日前店,大阪府大阪市中央区難波１−３−１
ゲームディーノ阪急茨木店,大阪府茨木市永代町５ ソシオビルＢ１
楽市楽座イオンモール大阪ドーム店,大阪府大阪市西区千代崎３−１３−１
GiGO 新三国アルゴ７,大阪府豊中市神州町1-15
ラウンドワンららぽーと和泉店,大阪府和泉市あゆみ野４−４−７　４階　４２１００番
ENTERTAINMENT FIELD ららぽーとEXPOCITY店,大阪府吹田市千里万博公園２−１ららぽーとＥＸＰＯＣＩＴＹ３Ｆ
楽市楽座イオンモール四條畷店,大阪府四條畷市砂4-3-2イオンモール四條畷店3F
ゲームセンタートップラン東大阪店,大阪府東大阪市東鴻池町１−６−３０イオンタウン東大阪店２Ｆ
SOYU GAME FIELD堺鉄砲町店,大阪府堺市堺区鉄砲町1番地イオンモール堺鉄砲町3F
プラサカプコン藤井寺,大阪府藤井寺市岡２丁目１０番１１号イオン藤井寺ＳＣ２Ｆ
あそＶＩＶＡ阪急茨木店,大阪府茨木市永代町６−２スポーツプラザ茨木２Ｆ
SOYUGameFieldみのおキューズモール店,大阪府箕面市西宿１−１５−３０みのおキューズモールＣ棟２階
アミパラ光明池店,大阪府和泉市室堂町８２４−３６
GiGO 明石,兵庫県明石市魚住町清水2464-1
GiGO 姫路駅前,兵庫県姫路市駅前町254姫路OSビルB1F
GiGO つかしん,兵庫県尼崎市塚口本町4-8-1つかしん内
遊スペース マジカル,兵庫県神戸市中央区琴ノ緒町５−２−３
ゲームアイビス太子店,兵庫県揖保郡太子町太田2149
ラウンドワン加古川店,兵庫県加古川市尾上町安田325番6号
ラウンドワンＪＲ尼崎駅前店,兵庫県尼崎市潮江１−４−５プラストいきいき館４階
ラウンドワン伊丹店,兵庫県伊丹市昆陽７丁目２９
ラウンドワン三宮駅前店,兵庫県神戸市中央区小野柄通6-1-17
遊スペース アローズ,兵庫県神戸市西区丸塚２丁目９−１８
プレイステーションネーブル西宮店,兵庫県西宮市両度町6-10
アミパラ垂水店,兵庫県神戸市垂水区名谷町字室山１４００−１８
ラウンドワン姫路飾磨店,兵庫県姫路市飾磨区中島１−２５４
GiGO あまがさきキューズモール,兵庫県尼崎市潮江1-3-1あまがさきキューズモール内4F
ハローズガーデン新三田店,兵庫県三田市けやき台１−６−４三田ウッディタウンサティ２番街
アミューズアイランド和田山,兵庫県朝来市和田山町枚田岡774番地イオン和田山店1F
社スポーツレーン,兵庫県加東市社1189-1
遊楽舎　姫路花田店,兵庫県姫路市花田町上原田２−１ビッグエムワン2F
トップラン,兵庫県神戸市西区岩岡町古郷1474-1
GiGO神戸umieサウスモール,兵庫県神戸市中央区東川崎町1-7-2ダイヤニッセイビル4F
GiGO フェニックスプラザ摩耶,兵庫県神戸市灘区味泥町6-1フェニックスプラザ1F
GiGO 神戸umieモザイク,兵庫県神戸市中央区東川崎1-6-1神戸モザイク3F
アミパラ加古川店,兵庫県加古川市尾上町今福７１−２
ｎａｍｃｏイオンモール神戸南店,兵庫県神戸市兵庫区中之島２−１−１ イオンモール神戸南３Ｆ
GiGO コロワ甲子園,兵庫県西宮市甲子園高潮町3−3Crowa甲子園3F
ハローズガーデン加古川店,兵庫県加古川市別府町緑町２イトーヨーカドー加古川店３階
ラウンドワン奈良・ミナーラ店,奈良県奈良市二条大路南１−３−１ミ・ナーラ５階
SOYUGameField奈良橿原店,奈良県橿原市曲川町7-20-1　イオンモール橿原3F
アミューズメントＣＵＥ奈良三条店,奈良県奈良市三条町478-1
アミューズメントＣＵＥ奈良大和高田店,奈良県大和高田市東中２−１１−１６
楽市楽座　イオンモール大和郡山店,奈良県大和郡山市下三橋町741-333イオンモール大和郡山店
キッズサーカス奈良柏木店,奈良県奈良市柏木町４５６−１
アミパラ橿原店,奈良県橿原市十市町1222-1ツインゲート橿原１F
ラウンドワン和歌山店,和歌山県和歌山市小雑賀７３９−３
ピタゴラス和歌山,和歌山県和歌山市土入７３−１
セガワールド米子,鳥取県米子市両三柳2778-2
セガ鳥取,鳥取県鳥取市安長416
アミパラがいな店,鳥取県米子市日ノ出町１−８−１３
GiGO 松江,島根県松江市嫁島町12-15
ジーパラ出雲,島根県出雲市渡橋町７８４−１
ｙｏｕｍｅ　ＣＩＲＣＵＳ出雲店,島根県出雲市大塚町６５０−１ゆめタウン出雲店　東館３Ｆ
GiGO 倉敷,岡山県倉敷市西中新田535-2
GiGO 岡山藤崎,岡山県岡山市中区藤崎599-12
アミパラテクノランド店,岡山県岡山市北区大和町１−７−１２
アミパラ倉敷店,岡山県倉敷市西中新田624-1アミパラボウル1F
ユーズランド倉敷店,岡山県倉敷市水江１番地イオンモール倉敷２Ｆ
アミパラ津山店,岡山県津山市河辺１０００−１イオンモール津山２Ｆ
アミパラ岡山店,岡山県岡山市北区青江１丁目１３−８
ラウンドワン岡山妹尾店,岡山県岡山市南区妹尾３４１３−１
タイトーＦステーションマルナカ新倉敷店,岡山県倉敷市玉島爪崎９８１−１
GiGO イオンモール岡山),岡山県岡山市北区下石井1-2-1ｲｵﾝﾓｰﾙ岡山6F　
タイトーステーション 広島本通店,広島県広島市中区本通３−５せらかぐ本通ビル
GiGO 中筋,広島県広島市安佐南区中筋4-11-7
GiGO 海田,広島県安芸郡海田町南大正町3-35
GiGO 尾道,広島県尾道市新浜1-2-13
セガワールド福山,広島県福山市瀬戸町大字山北300
アミパラここじゃ店,広島県東広島市西条町下見６−１０−１９
アミパラ広島店,広島県広島市西区西観音町3-17
ＧｉＧＯ広,広島県呉市広中町１−９
あみぱらんど福山店,広島県福山市三吉町南２−８−２４
タイトーステーション 広島紙屋町店,広島県広島市中区紙屋町２−２−２１
ラウンドワン広島店,広島県広島市中区立町３−１１
スペースV1廿日市店,広島県廿日市市本町４−２３
ｎａｍｃｏイオンモール広島府中,広島県安芸郡府中町大須2-1-1イオンモール広島府中3階
アミパラ神辺店,広島県福山市神辺町大字新道上字１−２−１
ラウンドワン福山店,広島県福山市明神町１−９−２８
フタバ図書アルティランド,広島県広島市西区草津南４−７−１　アルパーク北棟２Ｆ
GiGO LECT広島,広島県広島市西区扇町2-1-45LECT2F
プラサカプコン広島店,広島県広島市佐伯区石内東４丁目１−１ジアウトレット広島
GiGO広島本通,広島県広島市中区本通９−３０ランドマークビル１Ｆ
アミュージアム周南店,山口県下松市中央町21-3THEMALL周南3F
ＳＰＥＥＤ,山口県周南市大字久米３２１９
セガ小郡,山口県山口市小郡前田町3-6ロックタウン
フレスパランドカッタの湯,山口県宇部市海南町1675
THE 3RD PLANET 山口店,山口県山口市湯田温泉6-8-3
アミパラ下関店,山口県下関市長府才川１−４２−４８
アレックス,山口県宇部市西宇部南３−５−５３
ソユーファミリーゲームフィールド防府店,山口県防府市鐘紡町７−１イオンタウン防府1F
ネオブラボー,山口県防府市高倉１−３−３０
ギガゾーン岩国,山口県岩国市室の木町１−５−５
アミパラ周南久米店,山口県周南市大字久米２８３４　イオンタウン周南久米
GiGO スエヒロボウル徳島,徳島県徳島市南末広町4-95-2
アミューズメントパフェパレパレ田宮店,徳島県徳島市南田宮２−２−４６
ラウンドワン徳島・万代店,徳島県徳島市万代町４−１９−１
GiGO 高松,香川県高松市勅使町535
GiGO 丸亀,香川県丸亀市蓬莱町56-1
ラウンドワン高松店,香川県高松市松島町２−７−４３
アミパラ丸亀店,香川県丸亀市飯野町西分字川縁甲５８４−１　ハローズ棟内
GiGO 松山,愛媛県松山市枝松5-7-32
GiGO 新居浜,愛媛県新居浜市徳常町6-8
アミューズメントパークＭＧキスケ,愛媛県松山市宮田町４　キスケボックス内１階
プラサカプコン新居浜店,愛媛県新居浜市前田町８−８イオンモール新居浜２Ｆ
ソユーフォレストハンター松前店,愛媛県伊予郡松前町筒井８５０ＡＭ棟１階
バンバン衣山店,愛媛県松山市衣山１−２４８−１
アミパラ松山店,愛媛県松山市生石町６５５−１
ラウンドワン松山店,愛媛県松山市東長戸１−３−１０
アミューズメントパークＭＧ大街道,愛媛県松山市大街道１−４−１７
えの木,高知県高知市旭町3丁目100-3
プラサカプコン高知,高知県高知市秦南町１−４−８イオンモール高知３Ｆ
アミパラ高知店,高知県南国市篠原１９４−１
GiGO フジグラン高知,高知県高知市朝倉東町52-15 フジグラン高知3F
ウェアハウス四万十店,高知県四万十市右山五月町８−１３アピアさつき２F
ラウンドワン高知店,高知県高知市南宝永町４−１２
ハイパーメッセ,福岡県北九州市小倉南区北方4-6-7
Ｇ−ＳＴＡＧＥ飯塚店,福岡県飯塚市枝国６８０−２
Ｇ−ＳＴＡＧＥ七隈店,福岡県福岡市城南区七隈８−４−８
GiGO 中間,福岡県中間市上蓮花寺3-1-1
ｎａｍｃｏ博多バスターミナル店,福岡県福岡市博多区博多駅中央街２−１博多バスターミナル７階
タイトーステーション 福岡天神店,福岡県福岡市中央区天神２−６−３５サザンクロスビル
楽市街道箱崎店,福岡県福岡市東区箱崎５丁目１番８号
楽市楽座くりえいと宗像,福岡県宗像市くりえいと１−４−４
ラウンドワン福岡天神店,福岡県福岡市中央区天神２−６−１２
楽市楽座黒崎店,福岡県北九州市八幡西区桜ヶ丘町１−３フレスポ黒崎２階
プラサカプコン直方店,福岡県直方市湯野原２−１−１イオンモール直方２Ｆ
ラウンドワン小倉店,福岡県北九州市小倉北区西港町15-65
楽市楽座イオンモール福岡伊都店,福岡県福岡市西区北原1-3-1イオンモール福岡伊都SC別館
楽市楽座行橋店,福岡県行橋市西泉６−１−１
遊道楽新合川店,福岡県久留米市新合川1丁目6-7
ユーズボウル久留米,福岡県久留米市東櫛原町字深町１１１０
ラウンドワン博多半道橋店,福岡県福岡市博多区半道橋２−２−８
ラウンドワン大野城店,福岡県大野城市御笠川１−１８−１６
ペップ魚町,福岡県北九州市小倉北区魚町２−４−２０
最後の５ドル,福岡県糟屋郡粕屋町大字仲原2706仲原ファミリープラザ2F
フタバ図書ＧＩＧＡ春日店,福岡県春日市昇町8-1-1
Ｇ−ＳＴＡＧＥ小倉,福岡県北九州市小倉北区浅野2-14-5あるあるCITY2階
楽市楽座イオンモール福津店,福岡県福津市日蒔野６−１６−１　イオンモール福津店３Ｆ
Ｇ−ｐａｌａ小倉,福岡県北九州市小倉南区上葛原1−14−1
サンゲームス新宮店,福岡県糟屋郡新宮町美咲3-1-40新宮ドーム1F
GiGO福岡天神,福岡県福岡市中央区天神２−７−６ＤＡＤＡビル
マンガ倉庫飯塚,福岡県飯塚市楽市７６９ー１
GiGO 武雄,佐賀県武雄市武雄町富岡12517-1
ラウンドワン佐賀店,佐賀県佐賀市兵庫北４−２−１
ＦＡＳボウリングセンター,佐賀県唐津市栄町２５８１−１ＦＡＳボウリングセンター
ｎａｍｃｏモラージュ佐賀店,佐賀県佐賀市巨勢町大字牛島７３０モラージュ佐賀南館１Ｆ
GiGO 諫早,長崎県諫早市小川町90-1
Ｇ−ｐａｌａ時津,長崎県西彼杵郡時津町野田郷５９号
三冠王バッティングセンター,長崎県佐世保市相浦町２６８９−１
GiGO サンスパおおむら,長崎県大村市森園町663-3
GiGO みらい長崎ココウォーク,長崎県長崎市茂里町1-55みらい長崎ココウォーク5F
アミパラ佐世保店,長崎県佐世保市大塔町１８−１５
サンゲームス佐世保店,長崎県佐世保市田原町38-1
G-stage浜町,長崎県長崎市浜町2-26
ｎａｍｃｏワンダーシティ南熊本店,熊本県熊本市中央区九品寺６−９−１
リッチモンド,熊本県八代市旭中央通２０−３
パスカワールドグリーンランド店,熊本県荒尾市本井手１５７４−５４
ラウンドワン熊本店,熊本県熊本市西区春日7-25-15
スポラ菊陽,熊本県菊池郡菊陽町津久礼駄飼代２６１７−２
パスカランドはません,熊本県熊本市南区田井島1-2-1ゆめタウンはません3F
セガアミュプラザくまもと,熊本県熊本市西区春日三丁目１５番２６号６Ｆ　６１８区画
GiGO 中津,大分県中津市沖代町1-2-16
セガワールド高城,大分県大分市牧1-161-8
GiGO 別府,大分県別府市餅ヶ浜町161-2
Ｇ−ｐａｌａ日田,大分県日田市友田997-1
タイトーＦステーションセントポルタ大分店,大分県大分市中央町２−１−１
プラサカプコン大分店,大分県大分市公園通り西２−１パークプレイス大分２Ｆ
トライセン萩原,大分県大分市萩原４−２２７−７
ラウンドワン大分店,大分県大分市萩原２−１３−１７
トライセン中津店,大分県中津市下池永６７−３
タイトー アミュプラザおおいた店,大分県大分市要町１−１４アミュプラザおおいた４Ｆ
ゲームラボ　サイドセブン,大分県大分市上宗方南１丁目６４９−１
セガ延岡,宮崎県延岡市平原町5-1492-8
ラウンドワン宮崎店,宮崎県宮崎市中村東３−４−６０
楽市楽座イオンモール都城駅前店,宮崎県都城市栄町４６７２−５ｲｵﾝﾓｰﾙ都城駅前店2階
楽市楽座イオンモール宮崎店,宮崎県宮崎市新別府町江口８６２−１イオンモール宮崎店２Ｆ
サンゲームス都城北店,宮崎県都城市上川東4-5997-4
セガアミュプラザみやざき,宮崎県宮崎市老松２丁目２番２２号アミュプラザみやざき　うみ館
サンゲームス天文館店,鹿児島県鹿児島市千日町5-6
ラウンドワン鹿児島宇宿店,鹿児島県鹿児島市宇宿2-2-2
ＡｍｕｓｅｍｅｎｔｃｉｔｙＧ−ＳＴＡ,鹿児島県薩摩川内市向田本町４９番
タイトーアミュプラザ鹿児島店,鹿児島県鹿児島市中央町１−１アミュプラザ鹿児島５Ｆ
クラブセガ北谷,沖縄県中頭郡北谷町美浜9-8
ｎａｍｃｏイオン具志川店,沖縄県うるま市字前原幸崎原３０３イオン具志川ＳＣ内２Ｆ
ｎａｍｃｏ那覇メインプレイス店,沖縄県那覇市おもろまち4-4-9サンエー那覇メインプレイス２Ｆ
ナムコランドイオンタウン読谷ＳＣ店,沖縄県中頭郡読谷村古堅７４０イオンタウン読谷ＳＣ内
ラウンドワン沖縄・宜野湾店,沖縄県宜野湾市真志喜３−２８−８
ラウンドワン沖縄・南風原店,沖縄県島尻郡南風原町字兼城５５２番地
楽市楽座イオンモール沖縄ライカム店,沖縄県中頭郡北中城村字沖縄ﾗｲｶﾑ1ｲｵﾝﾓｰﾙ沖縄ﾗｲｶﾑ4階
ｎａｍｃｏサンエー浦添西海岸パルコシティ,沖縄県浦添市西洲３丁目１番１サンエー浦添西海岸パルコシティ３階
