店名,場所,"緯度と経度",GMAPでみる,ぐーぐるの住所
タイトーステーション 札幌狸小路２丁目店,北海道札幌市中央区南３条西２丁目−１４,"43.0572768 141.3554876",https://www.google.com/search?q=43.0572768+141.3554876,日本、〒060-0063 北海道札幌市中央区南３条西２丁目１４ ニコービル
ＢＩＧＢＡＮＧ北見店,北海道北見市中央三輪7丁目４４６−１,"43.7971302 143.8513641",https://www.google.com/search?q=43.7971302+143.8513641,日本、〒090-0837 北海道北見市中央三輪７丁目４４６−１
ＢＩＧＢＡＮＧ函館,北海道函館市梁川町９−３テキサスビル３Ｆ,"41.7886857 140.7442538",https://www.google.com/search?q=41.78868569999999+140.7442538,日本、〒040-0015 北海道函館市梁川町９−３
ＢＩＧＢＡＮＧ釧路,北海道釧路郡釧路町木場２−１,"43.0084679 144.4096347",https://www.google.com/search?q=43.00846790000001+144.4096347,日本、〒088-0622 北海道釧路郡釧路町木場２丁目
キャッツアイ新札幌店,北海道札幌市厚別区厚別東五条１ー２−１０,"43.0459015 141.4754493",https://www.google.com/search?q=43.0459015+141.4754493,日本、〒004-0005 北海道札幌市厚別区厚別東５条１丁目２−１０ ＤＣＭホーマック厚別東店
キャッツアイ清田店,北海道札幌市清田区清田１条１−２０−１,"43.002841 141.4365746",https://www.google.com/search?q=43.002841+141.4365746,日本、〒004-0841 北海道札幌市清田区清田１条１丁目20−１
キャッツアイ新川店,北海道札幌市北区新川二条７丁目１ー７,"43.1006922 141.3104251",https://www.google.com/search?q=43.1006922+141.3104251,日本、〒001-0922 北海道札幌市北区新川２条７丁目１−７ キャッツアイ新川店
キャッツアイ篠路店,北海道札幌市北区篠路１条４丁目６ー３０,"43.1407429 141.3572542",https://www.google.com/search?q=43.1407429+141.3572542,日本、〒002-8021 北海道札幌市北区篠路１条４丁目６−３０ キャッツアイ篠路店
キャッツアイ宮の沢店,北海道札幌市手稲区西宮の沢５条２丁目１１−１５,"43.0964146 141.2573289",https://www.google.com/search?q=43.0964146+141.2573289,日本、〒006-0005 北海道札幌市手稲区西宮の沢５条２丁目１１−１５
ソユーゲームフィールド旭川駅前店,北海道旭川市宮下通７−２−５ｲｵﾝﾓｰﾙ旭川駅前４F,"43.7638193 142.3571323",https://www.google.com/search?q=43.7638193+142.3571323,日本、〒070-0030 北海道旭川市宮下通７丁目２−５
ラウンドワン旭川店,北海道旭川市永山三条１−４−７,"43.7865143 142.3973062",https://www.google.com/search?q=43.7865143+142.3973062,日本、〒079-8413 北海道旭川市永山３条１丁目４−７ ラウンドワンスタジアム旭川店
ラウンドワン札幌すすきの店,北海道札幌市中央区南五条西3-6-1,"43.0541562 141.3539927",https://www.google.com/search?q=43.0541562+141.3539927,日本、〒064-0805 北海道札幌市中央区南５条西３丁目６−１ 東宝公楽会館
ユーズランド下田店,青森県上北郡おいらせ町中野平４０−１イオンモール下田１Ｆ,"40.601399 141.420122",https://www.google.com/search?q=40.601399+141.420122,日本、〒039-2112 青森県上北郡おいらせ町中野平４０−１ イオンモール下田 1f
ソユースペースファンタジーインフィニ,青森県弘前市城東北３−１０−１さくら野百貨店弘前店４Ｆ,"40.606733 140.4960515",https://www.google.com/search?q=40.606733+140.4960515,日本、〒036-8092 青森県弘前市城東北３丁目１０−１
Ｇ３ポロスイオンタウン北上店,岩手県北上市里分四地割２０番地１,"39.2946971 141.1339658",https://www.google.com/search?q=39.2946971+141.1339658,日本、〒024-0023 岩手県北上市里分４地割２０−１
ラウンドワン盛岡店,岩手県盛岡市盛岡駅西通２−１０−３５,"39.7003745 141.1330948",https://www.google.com/search?q=39.7003745+141.1330948,日本、〒020-0045 岩手県盛岡市盛岡駅西通２丁目１０−３５ ラウンドワンスタジアム盛岡店
ＧＡＭＥＢＡＮＫ仙台泉店,宮城県仙台市泉区大沢２−５−４,"38.3527708 140.8775793",https://www.google.com/search?q=38.35277079999999+140.8775793,日本、〒981-3137 宮城県仙台市泉区大沢２丁目５−４
タイトーステーション 仙台クリスロード店,宮城県仙台市青葉区中央２−３−２５,"38.2609645 140.87568",https://www.google.com/search?q=38.2609645+140.87568,日本、〒980-0021 宮城県仙台市青葉区中央２丁目３−２５ ＭＣ中央ビル
スーパーノバ仙台利府,宮城県宮城郡利府町加瀬字新前谷地５５−１,"38.3280017 140.9756875",https://www.google.com/search?q=38.3280017+140.9756875,日本、〒981-0111 宮城県宮城郡利府町加瀬新前谷地５５−１
スーパーノバ仙台一番町,宮城県仙台市青葉区一番町４丁目５番１３号サンシャインビル１階,"38.2640486 140.8713059",https://www.google.com/search?q=38.2640486+140.8713059,日本、〒980-0811 宮城県仙台市青葉区一番町４丁目５−１３ サンシャインビル １階
ゲームコーナー東部,宮城県仙台市若林区六丁の目中町26-60 斎喜東部ビル2F,"38.2509514 140.9440251",https://www.google.com/search?q=38.2509514+140.9440251,日本、〒984-0012 宮城県仙台市若林区六丁の目中町２６−６０ 斉喜東部ビル 2f
ＧｉＧＯ庄内,山形県東田川郡三川町猪字大堰端３２６番地６,"38.8195333 139.8348705",https://www.google.com/search?q=38.8195333+139.8348705,日本、〒997-1316 山形県東田川郡三川町猪子大堰端３２６−６ 駐車場
スーパーノバ福島,福島県福島市黒岩字中島7-2,"37.7278305 140.4671809",https://www.google.com/search?q=37.7278305+140.4671809,日本、〒960-8153 福島県福島市黒岩中島７−２ スーパーノバ福島
スーパーノバ会津インター,福島県会津若松市町北町上荒久田字宮下１４２,"37.5181731 139.9226612",https://www.google.com/search?q=37.5181731+139.9226612,日本、〒965-0053 福島県会津若松市町北町大字上荒久田宮下１４２
ＳＯＹＵ　Ｅ−ＳＴＵＤＩＯ須賀川店,福島県須賀川市古河１０５イオンタウン須賀川Ｂ棟内,"37.2983025 140.3857739",https://www.google.com/search?q=37.2983025+140.3857739,日本、〒962-0803 福島県須賀川市古河１０５
タイトーＦ郡山オリエントパーク店,福島県郡山市安積町荒井字大久保３５−１,"37.3744815 140.3487683",https://www.google.com/search?q=37.3744815+140.3487683,日本、〒963-0201 福島県郡山市安積町荒井大久保３５−１ タイトーステーションオリエントパーク店
ラウンドワン福島店,福島県福島市太田町14-18,"37.7525667 140.4561436",https://www.google.com/search?q=37.7525667+140.4561436,日本、〒960-8068 福島県福島市太田町１４−１８
ユーズランド水戸内原店,茨城県水戸市内原２−１イオンモール水戸内原２Ｆ,"36.37454 140.3594193",https://www.google.com/search?q=36.37454+140.3594193,日本、〒319-0317 茨城県水戸市内原２丁目１
ピンクパンサー下妻店,茨城県下妻市小島884-10,"36.1707231 139.966577",https://www.google.com/search?q=36.1707231+139.966577,日本、〒304-0051 茨城県下妻市小島８８４−１０
ピンクパンサー水戸赤塚店,茨城県水戸市河和田1-1,"36.3813869 140.4147286",https://www.google.com/search?q=36.3813869+140.4147286,日本、〒311-4152 茨城県水戸市河和田１丁目１ フレスポ赤塚
ゲームメガみらい平店,茨城県つくばみらい市陽光台1-14-1,"35.9947257 140.0401302",https://www.google.com/search?q=35.9947257+140.0401302,日本、〒300-2358 茨城県つくばみらい市陽光台１丁目１４−１
ピンクパンサー日立店,茨城県日立市東多賀町5-10-10,"36.548234 140.6305081",https://www.google.com/search?q=36.548234+140.6305081,日本、〒316-0004 茨城県日立市東多賀町５丁目１０−１０
ピンクパンサー水戸けやき台店,茨城県水戸市酒門町3276-1,"36.3380923 140.4832447",https://www.google.com/search?q=36.3380923+140.4832447,日本、〒310-0841 茨城県水戸市酒門町３２７６−１ ピンクパンサーけやき台店
ピンクパンサー土浦店,茨城県土浦市木田余４５８５−３,"36.1065627 140.2153092",https://www.google.com/search?q=36.1065627+140.2153092,日本、〒300-0026 茨城県土浦市木田余４５８５−３
ゲームメガつくば店,茨城県つくば市小野崎１７７−２,"36.0769129 140.1047153",https://www.google.com/search?q=36.0769129+140.1047153,日本、〒305-0034 茨城県つくば市小野崎１７７−２ ピンクパンサーつくば店
ゲームパニックつくば,茨城県土浦市中村東1-1-1サンタスワールド内,"36.0465581 140.1682298",https://www.google.com/search?q=36.0465581+140.1682298,日本、〒300-0850 茨城県土浦市中村東１丁目１−１ サンタスワールド 3F
ｎａｍｃｏフェドラＰ＆Ｄ佐野店,栃木県佐野市高萩町１３４０,"36.2973422 139.6055292",https://www.google.com/search?q=36.2973422+139.6055292,日本、〒327-0821 栃木県佐野市高萩町１３４０
INTER PARK+1宇都宮,栃木県宇都宮市インターパーク６−５−１,"36.4881159 139.9055403",https://www.google.com/search?q=36.4881159+139.9055403,日本、〒321-0118 栃木県宇都宮市インターパーク６丁目５−１ スポーツアリーナインターパークプラスワン
ドラマ足利店,栃木県足利市朝倉町244-1,"36.3220374 139.4506518",https://www.google.com/search?q=36.3220374+139.4506518,日本、〒326-0823 栃木県足利市朝倉町２４４−１
ラウンドワン宇都宮店,栃木県宇都宮市江曽島町２０７２−１,"36.5406212 139.8867794",https://www.google.com/search?q=36.5406212+139.8867794,日本、〒321-0102 栃木県宇都宮市江曽島町２０７２−１
ゲームシティボストン,群馬県前橋市大友町3-7-3,"36.3889735 139.0449896",https://www.google.com/search?q=36.3889735+139.0449896,日本、〒371-0847 群馬県前橋市大友町３丁目７−３ アミューズメントスクエアゲームシティボストン
マトリクス前橋,群馬県前橋市小相木町５５８−１,"36.3727259 139.0592203",https://www.google.com/search?q=36.3727259+139.0592203,日本、〒371-0831 群馬県前橋市小相木町５５８−１ 快活ＣＬＵＢ新前橋店
アピナ太田店,群馬県太田市内ケ島町９０７−１,"36.2829407 139.3984028",https://www.google.com/search?q=36.2829407+139.3984028,日本、〒373-0813 群馬県太田市内ケ島町９０７−１ アピナ太田店バッティングスタジアムオオタ
ユーズランド高崎店,群馬県高崎市棟高町１４００番地イオンモール高崎２Ｆ,"36.3906591 139.0068085",https://www.google.com/search?q=36.3906591+139.0068085,日本、〒370-3521 群馬県高崎市棟高町１４００
群馬レジャーランド伊勢崎店,群馬県伊勢崎市連取町3066-1,"36.31808 139.1724806",https://www.google.com/search?q=36.31807999999999+139.1724806,日本、〒372-0812 群馬県伊勢崎市連取町３０６６−１ お宝鑑定館伊勢崎店
群馬レジャーランド高崎駅東口店,群馬県高崎市江木町３３３−１高崎ＥＸビル,"36.3298891 139.0128606",https://www.google.com/search?q=36.3298891+139.0128606,日本、〒370-0046 群馬県高崎市江木町３３３−１ ＥＸビル
群馬レジャーランド渋川店,群馬県渋川市八木原1364,"36.4740155 139.0153393",https://www.google.com/search?q=36.4740155+139.0153393,日本、〒377-0003 群馬県渋川市八木原１３６４
アミューズメントクラブ浦和,埼玉県さいたま市浦和区仲町1-10-7,"35.8602772 139.6535191",https://www.google.com/search?q=35.8602772+139.6535191,日本、〒330-0062 埼玉県さいたま市浦和区仲町１丁目１０−７ 尾張屋第１ビル
ビデオゲームミュージアムロボット深谷店,埼玉県深谷市上柴町西４−１２−１,"36.1796586 139.2987796",https://www.google.com/search?q=36.1796586+139.2987796,日本、〒366-0052 埼玉県深谷市上柴町西４丁目１２−１
シルクハット　川口,埼玉県川口市栄町３−１−１６イート川口ビル４Ｆ,"35.8028882 139.7175464",https://www.google.com/search?q=35.8028882+139.7175464,日本、〒332-0017 埼玉県川口市栄町３丁目１−１６ イート川口
タイトーステーション 大宮店,埼玉県さいたま市大宮区大門町１−１,"35.9057973 139.6252436",https://www.google.com/search?q=35.9057973+139.6252436,日本、〒330-0845 埼玉県さいたま市大宮区仲町１丁目１
ユーズランド越谷店,埼玉県越谷市レイクタウン4-2-2イオンレイクタウンKAZE3F,"35.8774779 139.8246589",https://www.google.com/search?q=35.8774779+139.8246589,日本、〒343-0828 埼玉県越谷市レイクタウン４丁目２−２
ユーズランド春日部店,埼玉県春日部市下柳４２０−１イオンモール春日部２Ｆ,"35.9880769 139.7886173",https://www.google.com/search?q=35.9880769+139.7886173,日本、〒344-0122 埼玉県春日部市下柳４２０−１
アミューズメントフィールドバイヨン,埼玉県ふじみ野市うれし野２−１６−１LCモールうれし野２Ｆ,"35.856231 139.5224316",https://www.google.com/search?q=35.856231+139.5224316,日本、〒356-0056 埼玉県ふじみ野市うれし野２丁目１６
アミューズメント　ＦＵＮＦＵＮ越谷店,埼玉県越谷市南荻島２７７０−１,"35.9128331 139.7712392",https://www.google.com/search?q=35.9128331+139.7712392,日本、〒343-0804 埼玉県越谷市南荻島２７７０−１ ゲームセンターベネクス
ＧｉＧＯ所沢,埼玉県所沢市日吉町８−１,"35.7884805 139.4719262",https://www.google.com/search?q=35.7884805+139.4719262,日本、〒359-1123 埼玉県所沢市日吉町８−１ クラブセガ所沢店
アミューズランドモナコ川越店,埼玉県川越市新富町2-4-1,"35.9132802 139.4831624",https://www.google.com/search?q=35.9132802+139.4831624,日本、〒350-0043 埼玉県川越市新富町２丁目４−１
ウェアハウス草加店別館,埼玉県草加市稲荷２−３６−３３,"35.8303401 139.8209015",https://www.google.com/search?q=35.8303401+139.8209015,日本、〒340-0003 埼玉県草加市稲荷２丁目３６−３３ ウェアハウス草加店
ウェアハウス三橋店,埼玉県さいたま市西区三橋６−９５５−１,"35.9158806 139.5958337",https://www.google.com/search?q=35.91588060000001+139.5958337,日本、〒331-0052 埼玉県さいたま市西区三橋６丁目９５５−１
ギガステーション戸田店,埼玉県戸田市大字美女木北1-1-12,"35.8344185 139.6531896",https://www.google.com/search?q=35.8344185+139.6531896,日本、〒335-0038 埼玉県戸田市美女木北１丁目１−１２
ラウンドワン大宮店,埼玉県さいたま市大宮区宮町４−９０−７,"35.9107921 139.625381",https://www.google.com/search?q=35.9107921+139.625381,日本、〒330-0802 埼玉県さいたま市大宮区宮町４丁目９０−７ ラウンドワン大宮店
ラウンドワン上尾店,埼玉県上尾市大字平塚９１７−１,"35.9857103 139.6078395",https://www.google.com/search?q=35.9857103+139.6078395,日本、〒362-0011 埼玉県上尾市平塚９１７−１ ラウンドワンスタジアム上尾店
ラウンドワンららぽーと新三郷店,埼玉県三郷市新三郷ららシティ3-1-1ららぽーと新三郷2F20000番,"35.8592188 139.8656666",https://www.google.com/search?q=35.8592188+139.8656666,日本、〒341-8550 埼玉県三郷市新三郷ららシティ３丁目１−１
ラウンドワンさいたま・鴻巣店,埼玉県鴻巣市箕田３１６３−７,"36.0806108 139.4902271",https://www.google.com/search?q=36.0806108+139.4902271,日本、〒365-0062 埼玉県鴻巣市箕田３１６３−７
イスカンダル木更津店,千葉県木更津市潮見４−１−２,"35.3688741 139.9173896",https://www.google.com/search?q=35.3688741+139.9173896,日本、〒292-0834 千葉県木更津市潮見４丁目１−２
タイトーFステーション柏中央,千葉県柏市十余二２４９−５,"35.8822046 139.9591994",https://www.google.com/search?q=35.8822046+139.9591994,日本、〒277-0872 千葉県柏市十余二２４９−５
ｎａｍｃｏ松戸店,千葉県松戸市松戸１２３０−１ピアザ松戸１Ｆ,"35.7836203 139.9008972",https://www.google.com/search?q=35.7836203+139.9008972,日本、〒271-0092 千葉県松戸市松戸１２３０−１ ニュートーキョーセブンビル 1f
シルクハット　津田沼,千葉県習志野市津田沼１−２−１十三ビル地下１階,"35.6903091 140.0222143",https://www.google.com/search?q=35.6903091+140.0222143,日本、〒275-0016 千葉県習志野市津田沼１丁目２−１ 十三ビル 地下１階
タイトーステーション 柏店,千葉県柏市柏２−３−１フーサワビル,"35.8614541 139.9727044",https://www.google.com/search?q=35.8614541+139.9727044,日本、〒277-0005 千葉県柏市柏２丁目３−１ フーサワビル
ラッキーバッティングドーム八千代店,千葉県八千代市大和田新田1088-6,"35.7244961 140.0673539",https://www.google.com/search?q=35.7244961+140.0673539,日本、〒276-0046 千葉県八千代市大和田新田１０８８−６
ラッキー佐倉店,千葉県佐倉市井野1475,"35.7183903 140.1362781",https://www.google.com/search?q=35.7183903+140.1362781,日本、〒285-0855 千葉県佐倉市井野１４７５
アミューズメントパレスワンダーヴュー成田,千葉県成田市飯仲11-18,"35.7555058 140.3025289",https://www.google.com/search?q=35.7555058+140.3025289,日本、〒286-0046 千葉県成田市飯仲１１−１８
ＧｉＧＯ千葉,千葉県千葉市中央区富士見２−４−１,"35.6115279 140.115853",https://www.google.com/search?q=35.6115279+140.115853,日本、〒260-0015 千葉県千葉市中央区富士見２丁目４−１ 富士ビル
アミューズメントエース市川,千葉県市川市市川１−９−１１サン市川ハイツ１階,"35.730408 139.9070213",https://www.google.com/search?q=35.730408+139.9070213,日本、〒272-0034 千葉県市川市市川１丁目９−１１ サン市川ハイツ １階
ゲームプラザセントラル浦安店,千葉県浦安市北栄1-16-15,"35.6651687 139.8933443",https://www.google.com/search?q=35.6651687+139.8933443,日本、〒279-0002 千葉県浦安市北栄１丁目１６−１５
ウェアハウス南流山店,千葉県流山市南流山４−１６−６,"35.8401913 139.9050677",https://www.google.com/search?q=35.8401913+139.9050677,日本、〒270-0163 千葉県流山市南流山４丁目１６−６
千葉レジャーランド成東店,千葉県山武市姫島111-1,"35.5884232 140.3902121",https://www.google.com/search?q=35.5884232+140.3902121,日本、〒289-1327 千葉県山武市姫島１１１−１
千葉レジャーランド稲毛店,千葉県千葉市稲毛区小仲台2-5-7海宝ビル2F,"35.6380127 140.0931625",https://www.google.com/search?q=35.6380127+140.0931625,日本、〒263-0043 千葉県千葉市稲毛区小仲台２丁目５−７ 海宝ビル 2f
タイトーＦステーション市川妙典店,千葉県市川市妙典4-1-1　イオン市川妙典店2番街2F,"35.6926947 139.927549",https://www.google.com/search?q=35.6926947+139.927549,日本、〒272-0111 千葉県市川市妙典５丁目３−１
アミューズメントエース津田沼,千葉県船橋市前原西２−１５−１ファシービル,"35.6922647 140.020169",https://www.google.com/search?q=35.6922647+140.020169,日本、〒274-0825 千葉県船橋市前原西２丁目１５−１ ファミー第一ビル
プラサカプコン吉祥寺店,東京都武蔵野市吉祥寺本町1-10-1いなりやビルB1F,"35.7054757 139.57908",https://www.google.com/search?q=35.7054757+139.57908,日本、〒180-0004 東京都武蔵野市吉祥寺本町１丁目１０ １−１０ トウキョウトドウ114ゴウ
シルクハット　蒲田西口,東京都大田区西蒲田７−２−３第二醍醐ビル地下１階〜２階,"35.5630569 139.7159104",https://www.google.com/search?q=35.5630569+139.7159104,日本、〒144-0051 東京都大田区西蒲田７丁目２−３ 第二醍醐ビル 地下１階〜２
シルクハット　八王子,東京都八王子市旭町２−５　八王子ツインタワービル３階,"35.6564119 139.3384299",https://www.google.com/search?q=35.6564119+139.3384299,日本、〒192-0083 東京都八王子市旭町２−５ 八王子ツインタワーA館 ３階
Ｈｅｙ,東京都千代田区外神田１−１０−５廣瀬本社ビル１階〜４階,"35.6990738 139.7707522",https://www.google.com/search?q=35.6990738+139.7707522,日本、〒101-0021 東京都千代田区外神田１丁目１０−５ １階〜４階
タイトーステーション 池袋西口店,東京都豊島区西池袋１−１５−９第一西池ビル,"35.7305217 139.7097238",https://www.google.com/search?q=35.7305217+139.7097238,日本、〒171-0021 東京都豊島区西池袋１丁目１５−９
タイトーステーション上野御徒町店,東京都台東区上野４−６−９湯島商事ビル,"35.7088395 139.7742936",https://www.google.com/search?q=35.7088395+139.7742936,日本、〒110-0005 東京都台東区上野４丁目６−９ 湯島商事ビル
アピナ荻窪店,東京都杉並区上荻１−１３−１０ハクサンビル,"35.7050056 139.6182351",https://www.google.com/search?q=35.7050056+139.6182351,日本、〒167-0043 東京都杉並区上荻１丁目１３−１０ 第１ハクサンビル
ゲームサファリ池袋,東京都豊島区東池袋1-42-3 2F,"35.7323206 139.713297",https://www.google.com/search?q=35.7323206+139.713297,日本、〒170-0013 東京都豊島区東池袋１丁目４２−３ 安田屋東口ビル 2f
ゲームサファリ大山,東京都板橋区大山東町60-10やすだ大山駅前店2F,"35.749114 139.7022483",https://www.google.com/search?q=35.749114+139.7022483,日本、〒173-0014 東京都板橋区大山東町６０−１０ パチンコ スロット
ドットコム葛西,東京都江戸川区中葛西３−３５−５,"35.6643509 139.8721865",https://www.google.com/search?q=35.6643509+139.8721865,日本、〒134-0083 東京都江戸川区中葛西３丁目３５−５ ダイエックスビル
ＧｉＧＯ秋葉原１号館,東京都千代田区外神田１−１０ー９,"35.6987043 139.7710186",https://www.google.com/search?q=35.6987043+139.7710186,日本、〒101-0021 東京都千代田区外神田１丁目１０−９
ＧｉＧＯ渋谷宮益坂,東京都渋谷区渋谷１−１４−１４ＥＳＴ１階・７階,"35.659867 139.7027846",https://www.google.com/search?q=35.659867+139.7027846,日本、〒150-0002 東京都渋谷区渋谷１丁目１４
ＧｉＧＯ新宿西口,東京都新宿区西新宿１−１２−５Ｂ１Ｆ・１Ｆ,"35.689706 139.6972798",https://www.google.com/search?q=35.689706+139.6972798,日本、〒160-0023 東京都新宿区西新宿１丁目１２
新宿スポーツランド本館,東京都新宿区新宿3-22-12,"35.6931623 139.7018671",https://www.google.com/search?q=35.6931623+139.7018671,日本、〒160-0022 東京都新宿区新宿３丁目２２−１２ 新宿サンパーク 三平本館
ＧｉＧＯ大森,東京都大田区山王２−１−５大森駅ララビル２Ｆ,"35.5898552 139.7283938",https://www.google.com/search?q=35.5898552+139.7283938,日本、〒143-0023 東京都大田区山王２丁目１−５ 2f
ＧｉＧＯ秋葉原３号館１,東京都千代田区外神田１−１１−１１外神田１丁目ビルディング,"35.6992461 139.7709387",https://www.google.com/search?q=35.6992461+139.7709387,日本、〒101-0021 東京都千代田区外神田１丁目１１−１１ Gビル秋葉原01
ＧｉＧＯ町田,東京都町田市原町田６−１３ー１７アーバンミサワビルＢ１,"35.5438842 139.4470374",https://www.google.com/search?q=35.5438842+139.4470374,日本、〒194-0013 東京都町田市原町田６丁目１３−１７ アーバンビル・ミサワ b1
ＧｉＧＯ赤羽駅前,東京都北区赤羽１−２−４,"35.7783046 139.7214868",https://www.google.com/search?q=35.7783046+139.7214868,日本、〒115-0045 東京都北区赤羽１丁目２−４
ゲームプラザセントラル八王子店,東京都八王子市東町12-15第5セントラル,"35.6580206 139.3382119",https://www.google.com/search?q=35.6580206+139.3382119,日本、〒192-0082 東京都八王子市東町１２−１５ 第５セントラルビル
ドラマ八王子高倉店,東京都八王子市高倉町55-4,"35.6650608 139.3664651",https://www.google.com/search?q=35.6650608+139.3664651,日本、〒192-0033 東京都八王子市高倉町５５−４ ドラマ八王子高倉店
ドラマ瑞穂店,東京都西多摩郡瑞穂町武蔵382-1,"35.7631217 139.3566818",https://www.google.com/search?q=35.7631217+139.3566818,日本、〒190-1213 東京都西多摩郡瑞穂町武蔵３８２−１ ゲームセンタードラマ
東京レジャーランド亀有店,東京都葛飾区亀有3-21-2,"35.7654385 139.8479681",https://www.google.com/search?q=35.7654385+139.8479681,日本、〒125-0061 東京都葛飾区亀有３丁目２１−２ 東京レジャーランド亀有店
タイトーＦステーションオリナス錦糸町店,東京都墨田区太平4-1-2オリナスモール地下1F,"35.7007271 139.8159403",https://www.google.com/search?q=35.7007271+139.8159403,日本、〒130-0012 東京都墨田区太平４丁目１−２
ゲームパニック新宿歌舞伎町,東京都新宿区歌舞伎町1-20-1　ﾋｭｰﾏｯｸｽﾊﾟﾋﾞﾘｵﾝ1階2階,"35.6958817 139.7015879",https://www.google.com/search?q=35.6958817+139.7015879,日本、〒160-0021 東京都新宿区歌舞伎町１丁目２０−１ Humax Pavilion 新宿 1階2階
ラウンドワン南砂店,東京都江東区南砂６−７−１５トピレックプラザ４Ｆ,"35.6716382 139.8360125",https://www.google.com/search?q=35.6716382+139.8360125,日本、〒136-0076 東京都江東区南砂６丁目７−１５
ラウンドワン町田店,東京都町田市森野１−１３−１４,"35.5439366 139.4431848",https://www.google.com/search?q=35.54393659999999+139.4431848,日本、〒194-0022 東京都町田市森野１丁目１３−１４
ラウンドワン板橋店,東京都板橋区相生町１６−１３,"35.7765969 139.6786875",https://www.google.com/search?q=35.7765969+139.6786875,日本、〒174-0044 東京都板橋区相生町１６−１３
ラウンドワン府中本町駅前,東京都府中市本町１−１３−３カネタビル,"35.6671687 139.4773503",https://www.google.com/search?q=35.6671687+139.4773503,日本、〒183-0027 東京都府中市本町１丁目１３−３ カネタビル
ラウンドワン吉祥寺店,東京都武蔵野市吉祥寺本町1-11-22,"35.7062738 139.5807229",https://www.google.com/search?q=35.7062738+139.5807229,日本、〒180-0004 東京都武蔵野市吉祥寺本町１丁目１１−２２
ＣＬＵＢ　ＥＸＡ,東京都立川市羽衣町２丁目７－３小川ビル１階,"35.6961425 139.4284323",https://www.google.com/search?q=35.6961425+139.4284323,日本、〒190-0021 東京都立川市羽衣町２丁目７−３ 小川ビル １階
イミグランデ日吉店,神奈川県横浜市港北区日吉２−２−４,"35.5541249 139.6465044",https://www.google.com/search?q=35.5541249+139.6465044,日本、〒223-0061 神奈川県横浜市港北区日吉２丁目２−４
イミグランデ溝口店,神奈川県川崎市高津区溝口１−１４−７　第二カスタムビル,"35.6005268 139.6144708",https://www.google.com/search?q=35.6005268+139.6144708,日本、〒213-0001 神奈川県川崎市高津区溝口１丁目１４−７ 第２カスタムビル
シルクハット川崎モアーズ,神奈川県川崎市川崎区駅前本町７番地　岡田屋モアーズ１・２階,"35.5306639 139.699364",https://www.google.com/search?q=35.53066390000001+139.699364,日本、〒210-0007 神奈川県川崎市川崎区駅前本町７ 川崎モアーズ 2F
シルクハット　伊勢佐木町,神奈川県横浜市中区伊勢佐木町３—９６日活会館３階,"35.442787 139.6299302",https://www.google.com/search?q=35.442787+139.6299302,日本、〒231-0045 神奈川県横浜市中区伊勢佐木町３丁目９６ 横浜日活会館 ３階
シルクハット　横須賀中央,神奈川県横須賀市若松町１−５プライムビル２階,"35.2792377 139.6709996",https://www.google.com/search?q=35.2792377+139.6709996,日本、〒238-0007 神奈川県横須賀市若松町１丁目５ ジーユー横須賀プライム店 ２階
シルクハット　川崎ダイス,神奈川県川崎市川崎区駅前本町８番地ダイスビル地下２階,"35.5315336 139.7006669",https://www.google.com/search?q=35.5315336+139.7006669,日本、〒210-0007 神奈川県川崎市川崎区駅前本町８−１５
シルクハット　大船,神奈川県鎌倉市大船１−２４　大船駅前ビル１〜３Ｆ,"35.3535318 139.5318123",https://www.google.com/search?q=35.3535318+139.5318123,日本、〒247-0056 神奈川県鎌倉市大船１丁目５−２４
タイトーステーション溝の口,神奈川県川崎市高津区溝口１−１１−８ＯＫＫＡ６３４ビル３階,"35.6000905 139.6128975",https://www.google.com/search?q=35.6000905+139.6128975,日本、〒213-0001 神奈川県川崎市高津区溝口１丁目１１ マルエツ溝ノ口店Ａ館
タイトーステーション 戸塚西口店,神奈川県横浜市戸塚区戸塚町４０２３,"35.3995034 139.5317798",https://www.google.com/search?q=35.3995034+139.5317798,日本、〒244-0003 神奈川県横浜市戸塚区戸塚町４０２３ サイアス－２・２’
タイトーステーション 横浜西口五番街店,神奈川県横浜市西区南幸１−１２ー９,"35.4646676 139.6196094",https://www.google.com/search?q=35.4646676+139.6196094,日本、〒220-0005 神奈川県横浜市西区南幸１丁目１２−９ タイトーステーション横浜西口五番街店
アピナ橋本店,神奈川県相模原市緑区西橋本５−１−１ラ・フロール駐車場棟１階,"35.5972291 139.3372406",https://www.google.com/search?q=35.5972291+139.3372406,日本、〒252-0131 神奈川県相模原市緑区西橋本５丁目１−１ ラ・フロール １階
ＧｉＧＯ綱島,神奈川県横浜市港北区綱島西２−６−２９,"35.5364001 139.632896",https://www.google.com/search?q=35.5364001+139.632896,日本、〒223-0053 神奈川県横浜市港北区綱島西２丁目６−２９ ＣＬＵＢＳＥＧＡ綱島
タイトーFステーション向ヶ丘遊園店,神奈川県川崎市多摩区登戸2718-1,"35.6164678 139.5650747",https://www.google.com/search?q=35.6164678+139.5650747,日本、〒214-0014 神奈川県川崎市多摩区登戸２７１８−１
ドラマ藤沢店,神奈川県藤沢市本藤沢5-6-8,"35.3575484 139.4680521",https://www.google.com/search?q=35.3575484+139.4680521,日本、〒251-0875 神奈川県藤沢市本藤沢５丁目６−８
ドラマ港北インター店,神奈川県横浜市都筑区東方町321-6,"35.5191528 139.5845792",https://www.google.com/search?q=35.5191528+139.5845792,日本、〒224-0045 神奈川県横浜市都筑区東方町３２１−６
ラウンドワン横浜駅西口店,神奈川県横浜市西区南幸２−８−１６,"35.4638896 139.6180757",https://www.google.com/search?q=35.4638896+139.6180757,日本、〒220-0005 神奈川県横浜市西区南幸２丁目８−１６ ラウンドワン横浜駅西口店
カプコサーカス新潟東店,新潟県新潟市東区大形本町３−１−２　ジャスコシティ新潟東,"37.9249927 139.1146921",https://www.google.com/search?q=37.9249927+139.1146921,日本、〒950-0813 新潟県新潟市東区大形本町３丁目１−２
メジャーロード24,新潟県見附市今町4-20-568-1,"37.5456085 138.8914364",https://www.google.com/search?q=37.5456085+138.8914364,日本、〒954-0111 新潟県見附市今町４丁目
ゲームセンターテクノポリス,新潟県長岡市要町1-8-50,"37.425001 138.8377386",https://www.google.com/search?q=37.425001+138.8377386,日本、〒940-1153 新潟県長岡市要町１丁目８−５０
タイトーＦステーション上越店,新潟県上越市富岡3524 J-MAXシアター内1F,"37.1486346 138.2593926",https://www.google.com/search?q=37.1486346+138.2593926,日本、〒943-0173 新潟県上越市富岡３５２４ 3524 J
ラウンドワン新潟店,新潟県新潟市中央区美咲町２−１−３８,"37.8880696 139.0177541",https://www.google.com/search?q=37.8880696+139.0177541,日本、〒950-0954 新潟県新潟市中央区美咲町２丁目１−３８
アピナ富山豊田店,富山県富山市豊田町２丁目１２−６６,"36.721087 137.2354006",https://www.google.com/search?q=36.721087+137.2354006,日本、〒931-8313 富山県富山市豊田町２丁目１２−６６ アピナ富山豊田店
アピナ富山南店,富山県富山市堀川町３５５−３　マイプラザ内,"36.6649427 137.2172162",https://www.google.com/search?q=36.6649427+137.2172162,日本、〒939-8072 富山県富山市堀川町３５５−７
ゲームスポットアップル,富山県魚津市吉島二丁目４０７−１,"36.8255061 137.4142232",https://www.google.com/search?q=36.8255061+137.4142232,日本、〒937-0041 富山県魚津市吉島２丁目４−４０７−１
トヤマレジャーランド呉羽店,富山県富山市高木字貝塚2054,"36.7187247 137.1574044",https://www.google.com/search?q=36.7187247+137.1574044,日本、〒930-0106 富山県富山市高木
バイパスレジャーランド藤江本館,石川県金沢市藤江南2-41,"36.5839552 136.6215528",https://www.google.com/search?q=36.5839552+136.6215528,日本、〒920-0346 石川県金沢市藤江南２丁目４１ バイパスレジャーランド藤江本館
バイパスレジャーランド加賀店,石川県加賀市箱宮町ヲ1-1,"36.3253605 136.4113165",https://www.google.com/search?q=36.3253605+136.4113165,日本、〒922-0303 石川県加賀市箱宮町ヲ−１
ラウンドワン金沢店,石川県金沢市横川6-120-1,"36.5420103 136.6259901",https://www.google.com/search?q=36.5420103+136.6259901,日本、〒921-8163 石川県金沢市横川６丁目１２０−１ ラウンドワンスタジアム金沢店
福井レジャーランド板垣店,福井県福井市下馬３−１０２,"36.0422355 136.2340956",https://www.google.com/search?q=36.0422355+136.2340956,日本、〒918-8112 福井県福井市下馬３丁目１０２
プラサカプコン甲府店,山梨県中巨摩郡昭和町西条字北河原３７１７,"35.638619 138.541234",https://www.google.com/search?q=35.638619+138.541234,日本、〒409-3866 山梨県中巨摩郡昭和町西条
ゲームパニック甲府,山梨県甲府市国母5-20-24,"35.6417196 138.5473687",https://www.google.com/search?q=35.6417196+138.5473687,日本、〒400-0043 山梨県甲府市国母５丁目２０−２４ びっくりドンキー甲府昭和店
ラウンドワン長野店,長野県長野市大字東和田８２７番地６,"36.6510393 138.2254373",https://www.google.com/search?q=36.6510393+138.2254373,日本、〒381-0038 長野県長野市東和田８２７−６ ラウンドワンスタジアム長野店
ゲームハウスアリババ,岐阜県大垣市池尻町９４０−１,"35.3840564 136.5956358",https://www.google.com/search?q=35.3840564+136.5956358,日本、〒503-2204 岐阜県大垣市池尻町９４０−１
ゲームゾーン各務原店,岐阜県各務原市鵜沼各務原町５−２８６ ペタルビル１Ｆ,"35.4041369 136.9148377",https://www.google.com/search?q=35.4041369+136.9148377,日本、〒509-0141 岐阜県各務原市鵜沼各務原町５丁目２８６
Ａ．Ｃ．グランド,岐阜県岐阜市茜部大川1-77,"35.3831587 136.7462625",https://www.google.com/search?q=35.3831587+136.7462625,日本、〒500-8282 岐阜県岐阜市茜部大川１丁目７７ Ａ．Ｃ．グランド
岐阜レジャーランド穂積店,岐阜県瑞穂市稲里630番地,"35.3842632 136.6846442",https://www.google.com/search?q=35.3842632+136.6846442,日本、〒501-0224 岐阜県瑞穂市稲里６３０
アップル新北街道店,静岡県静岡市葵区沓谷5-13-4,"34.9983397 138.4134331",https://www.google.com/search?q=34.9983397+138.4134331,日本、〒420-0816 静岡県静岡市葵区沓谷５丁目１３−４ ゲームセンターアップル
アップル島田店,静岡県島田市宝来町8-5,"34.828136 138.1865082",https://www.google.com/search?q=34.828136+138.1865082,日本、〒427-0016 静岡県島田市宝来町８
ACT御殿場店,静岡県御殿場市東山字石橋296-1,"35.2962858 138.9580767",https://www.google.com/search?q=35.2962858+138.9580767,日本、〒412-0024 静岡県御殿場市東山
アピナ浜松店,静岡県浜松市中区葵西２−２７−１０,"34.7671332 137.708118",https://www.google.com/search?q=34.7671332+137.708118,日本、〒433-8111 静岡県浜松市中区葵西２丁目２７−１０
ジョイランドアミューズ諏訪店,静岡県沼津市大諏訪２０−２,"35.1084178 138.8325692",https://www.google.com/search?q=35.1084178+138.8325692,日本、〒410-0873 静岡県沼津市大諏訪２０−２
タイトーＦステーション静岡,静岡県静岡市葵区呉服町２−５−４　ふしみや第２ビル,"34.9746019 138.3833617",https://www.google.com/search?q=34.9746019+138.3833617,日本、〒420-0031 静岡県静岡市葵区呉服町２丁目５−４ ふしみやビル
THE 3RD PLANET OZ浜松店,静岡県浜松市東区宮竹町322-1,"34.7224293 137.7649125",https://www.google.com/search?q=34.7224293+137.7649125,日本、〒435-0043 静岡県浜松市東区宮竹町３２２−１
THE 3RD PLANET BiVi沼津店,静岡県沼津市大手町1-1-5,"35.1040027 138.8609659",https://www.google.com/search?q=35.1040027+138.8609659,日本、〒410-0801 静岡県沼津市大手町１丁目１−５
ラウンドワン富士店,静岡県富士市八代町４−１５,"35.1529277 138.693972",https://www.google.com/search?q=35.1529277+138.693972,日本、〒417-0024 静岡県富士市八代町４−１５
ラウンドワン浜松店,静岡県浜松市東区天王町諏訪１９８１−１７,"34.7365309 137.7711552",https://www.google.com/search?q=34.7365309+137.7711552,日本、〒435-0052 静岡県浜松市東区天王町
M's PARK豊田店,愛知県豊田市寿町３−２１,"35.0567091 137.140449",https://www.google.com/search?q=35.0567091+137.140449,日本、〒471-0834 愛知県豊田市寿町３丁目２１
M's PARK刈谷店,愛知県刈谷市稲場町３−２０６,"35.0055007 137.0014256",https://www.google.com/search?q=35.0055007+137.0014256,日本、〒448-0038 愛知県刈谷市稲場町３丁目２０６
ＡＤＸマミー岡崎店,愛知県岡崎市井田新町６−１,"34.9770568 137.1617201",https://www.google.com/search?q=34.9770568+137.1617201,日本、〒444-0069 愛知県岡崎市井田新町６−１
コムテックタワー,愛知県名古屋市中村区名駅４−１０−２０,"35.1694013 136.8859936",https://www.google.com/search?q=35.1694013+136.8859936,日本、〒450-0002 愛知県名古屋市中村区名駅４丁目１０−２０ コムテックタワー
コムテックスクウェア,愛知県名古屋市中区金山1-16-8,"35.1440209 136.9000012",https://www.google.com/search?q=35.1440209+136.9000012,日本、〒460-0022 愛知県名古屋市中区金山１丁目１６−８
コムテックプラザ赤池,愛知県日進市赤池１−２９０１,"35.1207977 137.0177652",https://www.google.com/search?q=35.1207977+137.0177652,日本、〒470-0125 愛知県日進市赤池１丁目２９０１
ＡＤＸマミー春日井Ｒ１５５出川店,愛知県春日井市不二ヶ丘１丁目５番地,"35.2673178 137.0127419",https://www.google.com/search?q=35.26731780000001+137.0127419,日本、〒487-0023 愛知県春日井市不二ガ丘１丁目５
半田メトロポリス,愛知県半田市旭町３−１１−１,"34.874775 136.9217896",https://www.google.com/search?q=34.874775+136.9217896,日本、〒475-0838 愛知県半田市旭町３丁目１１−１
ゲーム キングジョイ,愛知県名古屋市中区栄3-3-32,"35.1680397 136.9049219",https://www.google.com/search?q=35.16803970000001+136.9049219,日本、〒460-0008 愛知県名古屋市中区栄３丁目３−３２
タイトーステーション 大須店,愛知県名古屋市中区大須３−２０−７,"35.1596936 136.9047703",https://www.google.com/search?q=35.1596936+136.9047703,日本、〒460-0011 愛知県名古屋市中区大須３丁目２０−７ Ｃ Ｆｏｒｅｓｔ Ｖ
タイトーステーションフェドラ大須店,愛知県名古屋市中区大須３−３０−３１,"35.1594188 136.9054135",https://www.google.com/search?q=35.1594188+136.9054135,日本、〒460-0011 愛知県名古屋市中区大須３丁目３０−３１
ＧｉＧＯ金山,愛知県名古屋市熱田区金山１−１９ー２,"35.1426627 136.9022681",https://www.google.com/search?q=35.1426627+136.9022681,日本、〒456-0001 愛知県名古屋市熱田区金山１丁目１９−２ ヤガミ金山第２ビル
アミューズメントプラザ　マルシン,愛知県刈谷市池田町4-609,"35.007001 137.0091858",https://www.google.com/search?q=35.007001+137.0091858,日本、〒448-0044 愛知県刈谷市池田町４丁目６０９
ＧｉＧＯ豊橋飯村,愛知県豊橋市飯村町字西山２５−１２１,"34.74937 137.4139222",https://www.google.com/search?q=34.74937+137.4139222,日本、〒440-0833 愛知県豊橋市飯村町西山２５−１２１ ＢＯＯＫ・ＯＦＦ
名古屋レジャーランド大高店,愛知県名古屋市緑区忠治山201番地,"35.048558 136.9496241",https://www.google.com/search?q=35.048558+136.9496241,日本、〒459-8014 愛知県名古屋市緑区忠治山２０１ 名古屋グランドボウル
名古屋レジャーランド内田橋店,愛知県名古屋市南区内田橋2-26-22,"35.1137675 136.9097353",https://www.google.com/search?q=35.1137675+136.9097353,日本、〒457-0862 愛知県名古屋市南区内田橋２丁目２６−２２ 豊田本町市街地住宅
楽市街道 名古屋店,愛知県北名古屋市中之郷新明４５−１,"35.2398391 136.8487494",https://www.google.com/search?q=35.2398391+136.8487494,日本、〒481-0045 愛知県北名古屋市中之郷神明４５−１
ラウンドワン鳴海店,愛知県名古屋市緑区鳴海町杜若２８,"35.0988808 136.9527726",https://www.google.com/search?q=35.0988808+136.9527726,日本、〒458-0801 愛知県名古屋市緑区鳴海町杜若２８ ラウンドワン鳴海店
ラウンドワン中川１号線店,愛知県名古屋市中川区法蔵町２−２３,"35.123652 136.8636671",https://www.google.com/search?q=35.123652+136.8636671,日本、〒454-0859 愛知県名古屋市中川区法蔵町２丁目２３ ラウンドワンスタジアム中川１号線店
ラウンドワン半田店,愛知県半田市瑞穂町６−７−８,"34.885422 136.9417349",https://www.google.com/search?q=34.885422+136.9417349,日本、〒475-0828 愛知県半田市瑞穂町６丁目７−８
ラウンドワン豊橋店,愛知県豊橋市大岩町字岩田２７−２,"34.7236144 137.4325965",https://www.google.com/search?q=34.7236144+137.4325965,日本、〒441-3147 愛知県豊橋市大岩町岩田２７−２ ラウンドワンスタジアム豊橋店
ゲームチャオ松阪店,三重県松阪市船江町７８０,"34.5886036 136.5258524",https://www.google.com/search?q=34.5886036+136.5258524,日本、〒515-0812 三重県松阪市船江町７８０
ドリームキャンディ,三重県伊賀市小田町７１１−１,"34.7755432 136.1221155",https://www.google.com/search?q=34.77554320000001+136.1221155,日本、〒518-0825 三重県伊賀市小田町７１１−１
アピナ四日市店,三重県四日市市泊小柳町４−３４,"34.9393917 136.6069745",https://www.google.com/search?q=34.9393917+136.6069745,日本、〒510-0883 三重県四日市市泊小柳町４−３４
プレビ　トナリエ四日市,三重県四日市市安島１−３−３１トナリエ５階,"34.9683148 136.6166954",https://www.google.com/search?q=34.9683148+136.6166954,日本、〒510-0075 三重県四日市市安島１丁目３−３１
ＧｉＧＯ生桑,三重県四日市市生桑町字川原崎２９９−１,"34.9857789 136.6055801",https://www.google.com/search?q=34.9857789+136.6055801,日本、〒512-0911 三重県四日市市生桑町 川原崎
ラウンドワンみえ川越インターチェンジ店,三重県三重郡川越町南福崎８５１−１,"35.0229631 136.6834433",https://www.google.com/search?q=35.0229631+136.6834433,日本、〒510-8124 三重県三重郡川越町南福崎８５１−１
ラウンドワン津・高茶屋店,三重県津市高茶屋小森町２７７−８,"34.6725106 136.5194161",https://www.google.com/search?q=34.6725106+136.5194161,日本、〒514-0817 三重県津市高茶屋小森町２７７−８
ACT草津ACTION,滋賀県草津市野路町1161-1,"35.0086898 135.9408225",https://www.google.com/search?q=35.0086898+135.9408225,日本、〒525-0055 滋賀県草津市野路町
ゲームディーノ彦根店,滋賀県彦根市西沼波町１６６,"35.2585816 136.2654303",https://www.google.com/search?q=35.2585816+136.2654303,日本、〒522-0038 滋賀県彦根市西沼波町１６６
エースレーン堅田,滋賀県大津市今堅田２−４０−１０,"35.1245795 135.9195688",https://www.google.com/search?q=35.1245795+135.9195688,日本、〒520-0241 滋賀県大津市今堅田２丁目４０−１０ ＡＣＴ堅田
滋賀レジャーランド大津店,滋賀県大津市におの浜３−１−４３　イオンタウンアヤハプラザ内,"35.0038847 135.8834403",https://www.google.com/search?q=35.00388470000001+135.8834403,日本、〒520-0801 滋賀県大津市におの浜３丁目１−４３
タイトーFステーション　イオン近江八幡店,滋賀県近江八幡市鷹飼町南3-3-7,"35.1219408 136.1048584",https://www.google.com/search?q=35.1219408+136.1048584,日本、〒523-0898 滋賀県近江八幡市鷹飼町南３丁目３−７
プレイランドキング円町店,京都府京都市中京区西ノ京西円町40,"35.0188326 135.7311504",https://www.google.com/search?q=35.0188326+135.7311504,日本、〒604-8465 京都府京都市中京区西ノ京西円町４０ ＫＩＮＧ円町ビル
あそＶＩＶＡゲームセンター,京都府福知山市字堀小字下高田２１４６−１,"35.2670527 135.124898",https://www.google.com/search?q=35.2670527+135.124898,日本、〒620-0000 京都府福知山市堀
サープラ京都あそびタウン,京都府京都市中京区西ノ京栂尾町107,"35.0103586 135.7412902",https://www.google.com/search?q=35.0103586+135.7412902,日本、〒604-8415 京都府京都市中京区西ノ京栂尾町１０７
ラウンドワン京都河原町店,京都府京都市中京区河原町通三条下ル山崎町２５０,"35.0072678 135.7691302",https://www.google.com/search?q=35.0072678+135.7691302,日本、〒604-8032 京都府京都市中京区山崎町
モンキートリック,大阪府寝屋川市香里南之町32-5　YNレジデンス香里2F,"34.7832718 135.6288746",https://www.google.com/search?q=34.7832718+135.6288746,日本、〒572-0084 大阪府寝屋川市香里南之町３２−５ Ynレジデンス香里 2f
関大前フタバボウル,大阪府吹田市千里山東１−７−１８,"34.7728393 135.5062653",https://www.google.com/search?q=34.7728393+135.5062653,日本、〒565-0842 大阪府吹田市千里山東１丁目７−１８ 関大前フタバボウル
Ｇ−ｐａｌａあべの,大阪府大阪市阿倍野区阿倍野筋３−１０−１あべのベルタ２Ｆ,"34.6425126 135.5114214",https://www.google.com/search?q=34.6425126+135.5114214,日本、〒545-0052 大阪府大阪市阿倍野区阿倍野筋３丁目１０−１
エンジョイパラダイス,大阪府東大阪市長栄寺７−３パーラーメトロ永和店２Ｆ,"34.6648404 135.5716862",https://www.google.com/search?q=34.6648404+135.5716862,日本、〒577-0055 大阪府東大阪市長栄寺７−３ パチンコメトロ
ゲームディーノ阪急茨木店,大阪府茨木市永代町５−５ ｿｼｵﾋﾞﾙ B1F,"34.8173475 135.5755435",https://www.google.com/search?q=34.8173475+135.5755435,日本、〒567-0816 大阪府茨木市永代町５−５
あそＶＩＶＡ阪急茨木店,大阪府茨木市永代町６−２スポーツプラザ茨木２Ｆ,"34.8179449 135.576331",https://www.google.com/search?q=34.8179449+135.576331,日本、〒567-0816 大阪府茨木市永代町６−２
ｎａｍｃｏ梅田店,大阪府大阪市北区小松原町３−３ＯＳビル２Ｆ,"34.7027979 135.5002997",https://www.google.com/search?q=34.7027979+135.5002997,日本、〒530-0018 大阪府大阪市北区小松原町３
ＧｉＧＯ難波アビオン,大阪府大阪市浪速区難波中２−３−１５　ＭＭＯビルＢ１Ｆ〜３Ｆ,"34.6627834 135.5032155",https://www.google.com/search?q=34.6627834+135.5032155,日本、〒556-0011 大阪府大阪市浪速区難波中２丁目３−１５
ＧｉＧＯ布施,大阪府東大阪市長堂1-1-1ロンモール布施内,"34.6641121 135.5635148",https://www.google.com/search?q=34.6641121+135.5635148,日本、〒577-0056 大阪府東大阪市長堂１丁目１−５２ ロンモール布施
ハイテクランドセガ西中島,大阪府大阪市淀川区西中島3-16-8深井センタービル1・2F,"34.7260139 135.4995674",https://www.google.com/search?q=34.7260139+135.4995674,日本、〒532-0011 大阪府大阪市淀川区西中島３丁目１６−８
ＧｉＧＯ大阪第４ビル,大阪府大阪市北区梅田１−１１−４駅前第４ビルＢ１Ｆ,"34.699879 135.4988566",https://www.google.com/search?q=34.699879+135.4988566,日本、〒530-0001 大阪府大阪市北区梅田１丁目１１−４
ＧｉＧＯあべのアポロ３階,大阪府大阪市阿倍野区阿倍野筋１−５−３１アポロビル３Ｆ,"34.6465412 135.511716",https://www.google.com/search?q=34.6465412+135.511716,日本、〒545-0052 大阪府大阪市阿倍野区阿倍野筋１丁目５−３１ アポロビル 3f
ゲームパニック堺,大阪府堺市堺区築港八幡町1番地堺浜ｼｰｻｲﾄﾞｽﾃｰｼﾞ内堺浜ｴﾝﾀﾒ館,"34.5983655 135.4473054",https://www.google.com/search?q=34.5983655+135.4473054,日本、〒590-0901 大阪府堺市堺区築港八幡町 堺浜シーサイドステージ
ラウンドワン堺中央環状店,大阪府堺市東区石原町２−２４１,"34.5568702 135.5362542",https://www.google.com/search?q=34.5568702+135.5362542,日本、〒599-8102 大阪府堺市東区石原町２丁２４１ ラウンドワンスタジアム堺中央環状店
ラウンドワン千日前店,大阪府大阪市中央区難波１−３−１,"34.667458 135.5028281",https://www.google.com/search?q=34.667458+135.5028281,日本、〒542-0076 大阪府大阪市中央区難波１丁目３−１
遊スペース マジカル,兵庫県神戸市中央区琴ノ緒町５−２−３,"34.6955208 135.1950204",https://www.google.com/search?q=34.6955208+135.1950204,日本、〒651-0094 兵庫県神戸市中央区琴ノ緒町５丁目２−２−３
プレイステーションネーブル西宮店,兵庫県西宮市両度町6-10,"34.742516 135.3541586",https://www.google.com/search?q=34.742516+135.3541586,日本、〒662-0841 兵庫県西宮市両度町６−１０ 両度ビル
ゲームアイビス太子店,兵庫県揖保郡太子町太田2149,"34.8322966 134.5999777",https://www.google.com/search?q=34.8322966+134.5999777,日本、〒671-1511 兵庫県揖保郡太子町太田２１４９
ラウンドワン加古川店,兵庫県加古川市尾上町安田325番6号,"34.7470469 134.8368792",https://www.google.com/search?q=34.7470469+134.8368792,日本、〒675-0021 兵庫県加古川市尾上町安田３２５−６ ラウンドワン加古川店
ラウンドワン伊丹店,兵庫県伊丹市昆陽７丁目２９,"34.7789352 135.3937267",https://www.google.com/search?q=34.7789352+135.3937267,日本、〒664-0881 兵庫県伊丹市昆陽７丁目２９
ラウンドワン姫路飾磨店,兵庫県姫路市飾磨区中島１−２５４,"34.7925271 134.6867156",https://www.google.com/search?q=34.7925271+134.6867156,日本、〒672-8035 兵庫県姫路市飾磨区中島１丁目２５４
アミューズメントＣＵＥ奈良大和高田店,奈良県大和高田市東中２−１１−１６,"34.4996825 135.7355952",https://www.google.com/search?q=34.4996825+135.7355952,日本、〒635-0065 奈良県大和高田市東中２丁目１１−１６
ピタゴラス和歌山,和歌山県和歌山市土入７３−１,"34.2528626 135.145625",https://www.google.com/search?q=34.2528626+135.145625,日本、〒640-8432 和歌山県和歌山市土入７３−１
アミパラがいな店,鳥取県米子市日ノ出町１−８−１３,"35.4379198 133.3393106",https://www.google.com/search?q=35.4379198+133.3393106,日本、〒683-0803 鳥取県米子市日ノ出町１丁目８−１３
ＧｉＧＯ松江,島根県松江市嫁島町１２−１５,"35.4500899 133.0478343",https://www.google.com/search?q=35.4500899+133.0478343,日本、〒690-0047 島根県松江市嫁島町１２−１５ ゲームセンターセガワールド
ファンタジスタ,岡山県倉敷市新倉敷駅前５−１９４,"34.5583075 133.6767665",https://www.google.com/search?q=34.5583075+133.6767665,日本、〒710-0253 岡山県倉敷市新倉敷駅前５丁目１９４ ファンタジスタ
アミパラテクノランド店,岡山県岡山市北区大和町１−７−１２,"34.6791814 133.9275096",https://www.google.com/search?q=34.6791814+133.9275096,日本、〒700-0808 岡山県岡山市北区大和町１丁目７−１２ ゲームセンターアミパラ
アミパラ倉敷店,岡山県倉敷市西中新田624-1アミパラボウル1F,"34.583541 133.771306",https://www.google.com/search?q=34.583541+133.771306,日本、〒710-0833 岡山県倉敷市西中新田６２４−１
アミパラ岡山店,岡山県岡山市北区青江１丁目１３−８,"34.6362115 133.9199759",https://www.google.com/search?q=34.6362115+133.9199759,日本、〒700-0941 岡山県岡山市北区青江１丁目１３−８ Ａｍｉ Ｐａｒａ岡山店
ラウンドワン岡山妹尾店,岡山県岡山市南区妹尾３４１３−１,"34.6231034 133.8696472",https://www.google.com/search?q=34.6231034+133.8696472,日本、〒701-0205 岡山県岡山市南区妹尾３４１３−１ ラウンドワンスタジアム岡山妹尾店
タイトーステーション 広島紙屋町店,広島県広島市中区紙屋町２−２−２１,"34.3940529 132.4560844",https://www.google.com/search?q=34.3940529+132.4560844,日本、〒730-0031 広島県広島市中区紙屋町２丁目２−２１ 本通Thビル
アミパラここじゃ店,広島県東広島市西条町下見６−１０−１９,"34.4152617 132.7247156",https://www.google.com/search?q=34.41526169999999+132.7247156,日本、〒739-0044 広島県東広島市西条町下見
アミパラ神辺店,広島県福山市神辺町大字新道上字１−２−１,"34.5437908 133.3578252",https://www.google.com/search?q=34.5437908+133.3578252,日本、〒720-2107 広島県福山市神辺町新道上
ビバーチャ,広島県広島市中区南竹屋町１０−１７,"34.3794793 132.4613322",https://www.google.com/search?q=34.3794793+132.4613322,日本、〒730-0049 広島県広島市中区南竹屋町１０−１７ 広電アミューズメントスクエアビバーチャ
フタバ図書アルティランド,広島県広島市西区草津南４−７−１　アルパーク北棟２Ｆ,"34.3755962 132.393338",https://www.google.com/search?q=34.3755962+132.393338,日本、〒733-0863 広島県広島市西区草津南４丁目７−１ 2f
ラウンドワン広島店,広島県広島市中区立町３−１１,"34.3936679 132.4601026",https://www.google.com/search?q=34.3936679+132.4601026,日本、〒730-0032 広島県広島市中区立町３−１１ ラウンドワン広島店
アミパラ下関店,山口県下関市長府才川１−４２−４８,"34.0254431 131.0074938",https://www.google.com/search?q=34.0254431+131.0074938,日本、〒752-0928 山口県下関市長府才川１丁目４２−４８ アミパラ下関店
フレスパランドカッタの湯,山口県宇部市海南町1675,"33.9578337 131.262659",https://www.google.com/search?q=33.9578337+131.262659,日本、〒755-0038 山口県宇部市海南町
ラウンドワン徳島・万代店,徳島県徳島市万代町４−１９−１,"34.0648378 134.5646837",https://www.google.com/search?q=34.0648378+134.5646837,日本、〒770-0941 徳島県徳島市万代町４丁目１９−１ ラウンドワン徳島・万代店
ＧｉＧＯ高松,香川県高松市勅使町535,"34.3087327 134.0182065",https://www.google.com/search?q=34.3087327+134.0182065,日本、〒761-8058 香川県高松市勅使町５３５
ラウンドワン高松店,香川県高松市松島町２−７−４３,"34.3389147 134.0671184",https://www.google.com/search?q=34.3389147+134.0671184,日本、〒760-0068 香川県高松市松島町２丁目７−４３
アミューズメントパークＭＧ伊予三島,愛媛県四国中央市中之庄町７５−１　アイランド三島内,"33.974456 133.5285813",https://www.google.com/search?q=33.974456+133.5285813,日本、〒799-0422 愛媛県四国中央市中之庄町７５−１
ラウンドワン高知店,高知県高知市南宝永町４−１２,"33.5578084 133.554466",https://www.google.com/search?q=33.5578084+133.554466,日本、〒780-0816 高知県高知市南宝永町４−１２ ラウンドワン高知店
ｎａｍｃｏ博多バスターミナル店,福岡県福岡市博多区博多駅中央街２−１博多バスターミナル７階,"33.5913467 130.4191895",https://www.google.com/search?q=33.5913467+130.4191895,日本、〒812-0012 福岡県福岡市博多区博多駅中央街２−１
タイトーステーション 福岡天神店,福岡県福岡市中央区天神２−６−３５サザンクロスビル,"33.5896254 130.3972983",https://www.google.com/search?q=33.5896254+130.3972983,日本、〒810-0001 福岡県福岡市中央区天神２丁目６−３５
ペップ魚町,福岡県北九州市小倉北区魚町２−４−２０,"33.8839563 130.8801448",https://www.google.com/search?q=33.8839563+130.8801448,日本、〒802-0006 福岡県北九州市小倉北区魚町２丁目４−２０
楽市街道箱崎店,福岡県福岡市東区箱崎５丁目１番８号,"33.6242656 130.4197128",https://www.google.com/search?q=33.6242656+130.4197128,日本、〒812-0053 福岡県福岡市東区箱崎５丁目１−８ 楽市街道
楽市楽座福重店,福岡県福岡市西区石丸４−２６３−１,"33.5698263 130.3158817",https://www.google.com/search?q=33.5698263+130.3158817,日本、〒819-0025 福岡県福岡市西区石丸４丁目
ラウンドワン福岡天神店,福岡県福岡市中央区天神２−６−１２,"33.5891595 130.3970395",https://www.google.com/search?q=33.5891595+130.3970395,日本、〒810-0001 福岡県福岡市中央区天神２丁目６−１２ ほけんの窓口 福岡天神支店
ラウンドワン小倉店,福岡県北九州市小倉北区西港町15-65,"33.8973955 130.8597695",https://www.google.com/search?q=33.8973955+130.8597695,日本、〒803-0801 福岡県北九州市小倉北区西港町１５−６５ ラウンドワンスタジアム小倉店
ラウンドワン大野城店,福岡県大野城市御笠川１−１８−１６,"33.546419 130.4822611",https://www.google.com/search?q=33.546419+130.4822611,日本、〒816-0912 福岡県大野城市御笠川１丁目１８−１６
ラウンドワン佐賀店,佐賀県佐賀市兵庫北４−２−１,"33.2751752 130.3011283",https://www.google.com/search?q=33.2751752+130.3011283,日本、〒849-0919 佐賀県佐賀市兵庫北４丁目２−１ ラウンドワンスタジアム佐賀店
G-stage浜町,長崎県長崎市浜町2-26,"32.7448426 129.8775591",https://www.google.com/search?q=32.7448426+129.8775591,日本、〒850-0853 長崎県長崎市浜町２−２６ 津田興産ビル
リッチモンド,熊本県八代市旭中央通２０−３,"32.5041258 130.6076687",https://www.google.com/search?q=32.5041258+130.6076687,日本、〒866-0844 熊本県八代市旭中央通２０−３
スポラ九品寺,熊本県熊本市中央区九品寺5丁目10-15,"32.79043 130.7149856",https://www.google.com/search?q=32.79043+130.7149856,日本、〒862-0976 熊本県熊本市中央区九品寺５丁目１０−１５ スポラ九品寺
ラウンドワン熊本店,熊本県熊本市西区春日7-25-15,"32.7850734 130.6775968",https://www.google.com/search?q=32.7850734+130.6775968,日本、〒860-0047 熊本県熊本市西区春日７丁目２５−１５
ラウンドワン宮崎店,宮崎県宮崎市中村東３−４−６０,"31.8954001 131.4177066",https://www.google.com/search?q=31.8954001+131.4177066,日本、〒880-0904 宮崎県宮崎市中村東３丁目４−６０
タイトーＦステーションニシムタ出水店,鹿児島県出水市六月田町３４７番地,"32.1061403 130.3449862",https://www.google.com/search?q=32.1061403+130.3449862,日本、〒899-0126 鹿児島県出水市六月田町３４７
ラウンドワン鹿児島宇宿店,鹿児島県鹿児島市宇宿2-2-2,"31.544651 130.5434692",https://www.google.com/search?q=31.544651+130.5434692,日本、〒890-0073 鹿児島県鹿児島市宇宿２丁目２−２ 2番2号
