機動戦士ガンダムエクストリームバーサス2 オーバーブースト』「2024EXVS.2 OVER BOOST PLAY CAMPAIGN Vol.1,2024年3月26日(火)07:00〜2024年4月14日(日)23:59
キャッツアイ新札幌,北海道札幌市厚別区厚別東五条1　ホーマックスーパーデポ厚別東店横
アミューズメントスペース遊ランド稚内,北海道稚内市港5-8-15
GiGO ドリームタウン白樺,北海道帯広市白樺十六条西2　ドリームタウン白樺内
キャッツアイ清田,北海道札幌市清田区清田一条1-20-1
BIG BANG 北見,北海道北見市中央三輪7-446-1
キャッツアイ新川,北海道札幌市北区新川二条7-1-7
キャッツアイ苫小牧駅前,北海道苫小牧市木場町1-3
キャッツアイ恵庭,北海道恵庭市住吉町2-9-1
キャッツアイ東苗穂,北海道札幌市東区東苗穂六条2-1-25
ディノスパーク札幌手稲,北海道札幌市手稲区前田一条11　西友手稲店3F
GiGO 室蘭,北海道室蘭市東町4-31-3
GiGO 帯広稲田,北海道帯広市稲田町南8線西12-1　帯広スズランボウル内
タイトーステーション千歳,北海道千歳市北栄2-12-5
GiGO 札幌駅西口,北海道札幌市北区北六条西6　JR高架下
namco札幌西町,北海道札幌市西区西町北13-1　ワンダーシティ札幌
キャッツアイ篠路,北海道札幌市北区篠路一条4-6-30
GiGO BOWLイオンモール苫小牧,北海道苫小牧市柳町3-1-20　イオンモール苫小牧2F
BIG BANG 函館,北海道函館市梁川町9-3　パボッツ函館3F
ラウンドワンスタジアム旭川,北海道旭川市永山三条1-4-7
ラウンドワンスタジアム函館,北海道函館市西桔梗町848-11
BIG BANG 室蘭,北海道室蘭市中島本町2-8-1
GiGO 北見,北海道北見市西三輪5-1-16
アドアーズ札幌北42条,北海道札幌市東区北四十二条東7-1-1　ドン・キホーテ北42条店2F
ラウンドワンスタジアム札幌北21条,北海道札幌市東区北二十一条東1-1-21
ラウンドワンスタジアム札幌・白石本通,北海道札幌市白石区本通16-北1-50
BIG BANG 釧路,北海道釧路郡釧路町木場2-1
アミューズメントスペース遊ランド春光,北海道旭川市春光一条7-2-25　第2ダイワビル2F
ラウンドワン札幌すすきの,北海道札幌市中央区南五条西3-6-1
タイトーステーション札幌狸小路2丁目,北海道札幌市中央区南三条西2-14　ニコービル
ゲームランド新さっぽろ,北海道札幌市厚別区厚別中央二条5-7　新さっぽろアークシティ　カテプリ新さっぽろ3F
キャッツアイ宮の沢,北海道札幌市手稲区西宮の沢五条2-11-15
ゲームフェスタミタマ,青森県弘前市駅前町5-5
GiGO 八戸,青森県八戸市城下4-25-14
ソユースペースファンタジーインフィニ,青森県弘前市城東北3-10-1　さくら野百貨店弘前店4F
GiGO 弘前,青森県弘前市末広1-3-3
ユーズランド下田,青森県上北郡おいらせ町中野平40-1　イオンモール下田1F
PALO五所川原,青森県五所川原市唐笠柳字藤巻641-1　アクロスプラザ五所川原内
ファンタジードーム八戸,青森県八戸市江陽2-14-1　ラピア別棟
ラウンドワン青森,青森県青森市浜田3-1-1
ビンゴ一関,岩手県一関市山目字中野92-1
GiGO 水沢,岩手県奥州市水沢区佐倉河字鐙田4-1
タイトーステーション盛岡マッハランド,岩手県盛岡市上堂1-2-38
ゲームランド盛岡,岩手県盛岡市前潟4-7-1　イオンモール盛岡2F
G3ポロスイオンタウン北上,岩手県北上市里分4地割20-1　イオンタウン北上内
ラウンドワンスタジアム盛岡,岩手県盛岡市盛岡駅西通2-10-35
チャットタウン北上,岩手県北上市北鬼柳19-68　江釣子SCパル2F
テクノワールド,岩手県奥州市江刺区愛宕字梁川127-1
タイトーステーション仙台名掛丁,宮城県仙台市青葉区中央1-7-13
ゲームコーナー東部,宮城県仙台市若林区六丁の目中町26-60　斎喜東部ビル
GiGO 石巻,宮城県石巻市大街道東4-1-45
GiGO 名取,宮城県名取市飯野坂字土城堀57-1
THE 3RD PLANET BiVi仙台,宮城県仙台市宮城野区榴岡2-1-25　BiVi仙台駅東口2F
タイトーステーション仙台ベガロポリス,宮城県仙台市太白区西多賀5-24-1　ベガロポリス内
プラサカプコン石巻,宮城県石巻市茜平4-104　イオンモール石巻2F
ラウンドワン仙台苦竹,宮城県仙台市宮城野区苦竹1-7-10
スーパーノバ仙台利府,宮城県宮城郡利府町加瀬字新前谷地55-1　利府ペアガーデン内
GAME BANK 泉,宮城県仙台市泉区大沢2-5-4
ユーズランド大河原,宮城県柴田郡大河原町小島2-1　フォルテくらし館2F
スーパーノバイオン仙台中山,宮城県仙台市泉区南中山1-35-57　イオン仙台中山SC　イオン仙台中山店別館3F
GiGO 仙台,宮城県仙台市青葉区中央2-5-5
ソユーゲームフィールド古川,宮城県大崎市古川沢田字筒場浦15　イオンタウン古川内
スーパーノバ仙台一番町,宮城県仙台市青葉区一番町4-5-13　サンシャインビル1F
ソユーゲームフィールド矢本,宮城県東松島市小松字上浮足43　イオンタウン矢本
アピナ富谷,宮城県富谷市大清水1-33-1　イオンモール富谷別棟109シネマズ富谷1F
GiGO 秋田,秋田県秋田市茨島1-1-16
namcoイオンタウン大館西,秋田県大館市根下戸新町18-121　イオンタウン大館西内
ラウンドワンスタジアム秋田,秋田県秋田市卸町1-1-2
プラサカプコン大曲,秋田県大仙市和合字坪立177　イオンモール大曲2F
GiGO 北山形,山形県山形市北町1-3-20
スーパーノバ天童,山形県天童市南町1-5-26
GiGO 米沢,山形県米沢市花沢字タナコ原177
GiGO 庄内,山形県東田川郡三川町猪子字大堰端326-6
アピナ鶴岡,山形県鶴岡市文下字広野1-1
パルケデアミーゴ！,山形県山形市嶋北1-3-1
スーパーノバ福島,福島県福島市黒岩字中島7-2
GiGO 小名浜,福島県いわき市小名浜林城字塚前18-1
THE 3RD PLANET ピボット福島,福島県福島市栄町1-1　パワーシティピボット内
GiGO 日和田,福島県郡山市日和田町字西中島7-1
GiGO 福島,福島県福島市本内中井1-2
アミューズパーク郡山,福島県郡山市安積町日出山2-80
ゲームスペースA-3,福島県西白河郡西郷村豊作西15-16-17
namcoイオンタウン郡山,福島県郡山市松木町2-88　イオンタウン郡山内
ソユーエンターテイメントスタジオ須賀川,福島県須賀川市古河105　イオンタウン須賀川B棟内
ラウンドワンスタジアム福島,福島県福島市太田町14-18
スーパーノバ会津インター,福島県会津若松市町北町上荒久田字宮下142
ラウンドワンスタジアム郡山,福島県郡山市向河原町4-55
嶺宝スポーツセンター,福島県いわき市小名浜住吉字折返2-2
ドリームファクトリーいわき,福島県いわき市中央台飯野4-1
タイトーFステーション郡山オリエントパーク,福島県郡山市郡山市安積町荒井字大久保35-1
GAME PADDOCK +1 古河本店,茨城県古河市小堤1916-1
GiGO 日立,茨城県日立市田尻町3-26-1
GiGO 霞ケ浦,茨城県稲敷市西代1473-1
ピンクパンサー下妻,茨城県下妻市小島884-10
ゲームパニックつくば,茨城県土浦市中村東1-1-1　サンタスワールド内
アピナ下館,茨城県筑西市玉戸1012-3
GiGO 神栖,茨城県神栖市神栖1-8-1
ピンクパンサー水戸赤塚,茨城県水戸市河和田1-1　フレスポ赤塚内
AMジャムジャムつくば,茨城県つくば市竹園1-9-2　デイズタウンつくば店B1F
ユーズランド水戸内原,茨城県水戸市中原町字西135　イオンモール水戸内原2F
ゲームメガみらい平,茨城県つくばみらい市陽光台1-14-1
GiGO 水戸,茨城県水戸市宮町1-7-44　コムボックス310　3F
アミューズビバ,茨城県ひたちなか市東大島2-11-11
ゲームメガ日立,茨城県日立市東多賀町5-10-10
GiGO 石岡,茨城県石岡市東大橋中峯1976-1
AMジャムジャムひたちなか本店,茨城県ひたちなか市田中後40-2
GiGO 龍ヶ崎,茨城県龍ケ崎市藤ケ丘4-2-8
ピンクパンサー水戸けやき台,茨城県水戸市酒門町3276-1
フリスポ,茨城県筑西市神分472
GiGO 水戸南,茨城県水戸市千波町2017-1
ピンクパンサー土浦,茨城県土浦市木田余4585-3
ゲームメガつくば,茨城県つくば市小野崎177-2
シーサイドリゾートアミューズメントパーク,栃木県宇都宮市睦町7-3
GiGO 宇都宮,栃木県宇都宮市東宿郷5-1-7
namco宇都宮,栃木県宇都宮市簗瀬町1606-1　フェドラP＆D UTSUNOMIYA
GiGO 小山,栃木県小山市東城南1-1-18
GiGO 西那須野,栃木県那須塩原市南郷屋2-106-27
GiGO 日光,栃木県日光市芹沼1448-1
サンライズスポーツ,栃木県足利市鹿島町820
INTER PARK +1 宇都宮,栃木県宇都宮市インターパーク6-5-1
大田原スポーツランド,栃木県那須塩原市一区町104-60
ラウンドワンスタジアム宇都宮,栃木県宇都宮市江曽島町2072-1
ドラマ足利,栃木県足利市朝倉町244-1
namcoフェドラP＆D佐野,栃木県佐野市高萩町1340　フェドラP＆D SANO
アピナ小山,栃木県小山市駅南町4-27-18
タイトーFステーション小山,栃木県小山市喜沢1475　おやまゆうえんハーヴェストウォークSC棟
スタジオプリモ宇都宮,栃木県宇都宮市曲師町2-8　宇都宮フェスタB1F
GAME GET－Bee,栃木県小山市城山町3-3-22
THE 3RD PLANET 高崎,群馬県高崎市下和田町5-3-8　メディアメガ高崎店内
群馬レジャーランド伊勢崎,群馬県伊勢崎市連取町3066-1
GiGO 太田,群馬県太田市西矢島町575
アピナ太田,群馬県太田市内ケ島町907-1
インターワールド伊勢崎,群馬県伊勢崎市宮子町3425-4
ユーズランド太田,群馬県太田市石原町81　イオンモール太田2F
GiGO 館林,群馬県館林市小桑原町949-1
群馬レジャーランド高崎駅東口,群馬県高崎市江木町333-1　高崎EXビルB1・2F
群馬レジャーランド太田,群馬県太田市西矢島町162-2
群馬レジャーランド藤岡,群馬県藤岡市中2002-1
ユーズランド高崎,群馬県高崎市棟高町1400　イオンモール高崎2F
群馬レジャーランド渋川,群馬県渋川市八木原1364
マトリクス前橋,群馬県前橋市小相木町558-1
ルパン122,群馬県邑楽郡邑楽町中野1593
ラウンドワンスタジアム前橋,群馬県前橋市天川大島町1101-1
ゲームパークM-1,群馬県前橋市国領町2-13-6
GiGO スマーク伊勢崎,群馬県伊勢崎市西小保方町368　スマーク伊勢崎内
GiGO 川口,埼玉県川口市東領家2-2-10
GiGO 所沢,埼玉県所沢市日吉町8-1
キャロム坂戸,埼玉県坂戸市関間2-151-1
埼玉レジャーランド春日部,埼玉県春日部市増富字谷際163-1
アミューズランドモナコ川越,埼玉県川越市新富町2-4-1
GiGO 入間,埼玉県入間市東藤沢2-18
ラウンドワンわらび,埼玉県蕨市北町5-1-6
キャロム所沢,埼玉県所沢市下安松969-1
ラウンドワン大宮,埼玉県さいたま市大宮区宮町4-90-7
GiGO 籠原,埼玉県熊谷市美土里町1-169
タイトーステーション和光,埼玉県和光市丸山台1-4-5
ウェアハウス越谷,埼玉県越谷市南荻島841-1
ウェアハウス上尾,埼玉県上尾市二ツ宮1044
モンテカルロ深谷,埼玉県深谷市西島町3-1-2　スカイハイツ101
アミューズメントクラブ浦和,埼玉県さいたま市浦和区仲町1-10-7
ゲームファクトリーマグマ草加,埼玉県草加市氷川町2125-1
ゲームシティ川口,埼玉県川口市栄町1-10-5
ウェアハウス岩槻,埼玉県さいたま市岩槻区加倉3-3-63
アドアーズ和光,埼玉県和光市本町3-5　MillionAnnex和光1～3F
namco熊谷,埼玉県熊谷市銀座2-97　カルパビル1F
シルクハット川口,埼玉県川口市栄町3-1-16　イート川口ビル4F
ムー大陸本庄,埼玉県本庄市本町1019-1
ゲームパニック三郷,埼玉県三郷市ピアラシティ1-1-200
ベネクス川越,埼玉県川越市大仙波340-1
ラウンドワンスタジアム朝霞,埼玉県朝霞市膝折町2-16-10
THE 3RD PLANET フレスポ八潮,埼玉県八潮市大瀬1-1-3　フレスポ八潮3F
ラウンドワンスタジアム上尾,埼玉県上尾市平塚917-1
アドアーズ蕨,埼玉県蕨市塚越1-4-4　ラ・セーヌビル2F
ウェアハウス草加店新館,埼玉県草加市稲荷2-36-33
ラウンドワンスタジアムさいたま・栗橋,埼玉県久喜市小右衛門192-1
ラウンドワンスタジアム入間,埼玉県入間市小谷田3-7-25
ビデオゲームミュージアムロボット深谷,埼玉県深谷市上柴町西4-12-1
ビッグボウル杉戸,埼玉県北葛飾郡杉戸町杉戸2338
プラサカプコン羽生,埼玉県羽生市川崎2-281-3　イオンモール羽生2F
ウェアハウス三橋,埼玉県さいたま市西区三橋6-955-1
ラウンドワン草加,埼玉県草加市谷塚上町204-1
ユーズランド越谷,埼玉県越谷市レイクタウン4-2-2　イオンレイクタウンkaze3F
アピナ川越,埼玉県川越市泉町1-1　ウニクス南古谷シネマ棟1F
アミューズメントFUNFUN越谷,埼玉県越谷市南荻島2770-1
ラウンドワンさいたま・上里,埼玉県児玉郡上里町金久保394-1　イオンタウン上里内
タイトーステーション所沢,埼玉県所沢市日吉町3-7　スカイビュウビル1・2F
ラウンドワンスタジアムららぽーと新三郷,埼玉県三郷市新三郷ららシティ3-1-1　ららぽーと新三郷2F　20000番
ラウンドワンさいたま・鴻巣,埼玉県鴻巣市箕田3163-7
ギガステーション戸田,埼玉県戸田市美女木943-7
ユーズランド春日部,埼玉県春日部市下柳420-1　イオンモール春日部2F　区画No.2037
アピナ上尾,埼玉県上尾市緑丘3-3-11-2　P･A･P･A上尾ショッピングアベニュー　プリンセス棟別棟
タイトーステーション大宮,埼玉県さいたま市大宮区大門町1-1
タイトーFステーションクレアモール川越,埼玉県川越市新富町2-1-13　カシーラ本川越1～4F
インターワールド幸手,埼玉県幸手市上高野2142-1
GiGO 南越谷ラクーン,埼玉県越谷市南越谷1-15-1　南越谷ラクーン2F
埼玉レジャーランド大宮ラクーン,埼玉県さいたま市大宮区宮町1-60　大宮ラクーン5F
ラウンドワンスタジアム所沢,埼玉県所沢市東町5-22　TOCOTOCOSQUARE所沢6F･7F
タイトーステーション柏,千葉県柏市柏2-3-1　フーサワビル
GiGO 千葉,千葉県千葉市中央区富士見2-4-1
GiGO 柏,千葉県柏市柏1-1-11　ファミリかしわB1F
千葉レジャーランド成東,千葉県山武市姫島111-1
千葉レジャーランド野田,千葉県野田市吉春776-1
ゲームプラザセントラル浦安,千葉県浦安市北栄1-16-15　第四セントラルビル
プラサカプコン成田,千葉県成田市ウイング土屋24　イオンモール成田2F
namco松戸,千葉県松戸市松戸1230-1　ピアザ松戸1F
DAIKEIEN,千葉県市川市大町359
GiGO 我孫子,千葉県我孫子市柴崎47-1
ラッキー中央店フェリシダ,千葉県千葉市中央区富士見2-8-1
ウェアハウス南流山,千葉県流山市南流山4-16-6
GiGO イオンスタイル新浦安SC,千葉県浦安市入船1-4-1　イオンスタイル新浦安店4F
ゲームチャリオット辰巳,千葉県市原市市原500-1
ラッキー八千代店バッティングドーム,千葉県八千代市大和田新田1088
スポーツウェーブ鉄腕24浜野,千葉県千葉市中央区浜野町1025-59
GiGO 旭,千葉県旭市ニ字野場3150-1
アミュージアム茂原,千葉県茂原市高師1619-1
ゲームセンターB-1,千葉県柏市旭町1-1-16　中崎ビルB1F
GiGO 幕張,千葉県千葉市美浜区ひび野1-8　メッセ・アミューズ・モール1F
イスカンダル木更津,千葉県木更津市潮見4-1-2
ゲームガリバー柏,千葉県柏市柏1-1-11　ファミリかしわB1F
アミューズメントパフェパレパレ稲毛長沼,千葉県千葉市稲毛区長沼原町737-25　フレスポ稲毛A棟-4
GiGO 八柱,千葉県松戸市日暮1-1-1　八柱駅第2ビル2F
本八幡ゲームUNO,千葉県市川市八幡2-16-6　八幡旗ビルB1F
シルクハット津田沼,千葉県習志野市津田沼1-2-1　十三ビルB1F
アピナ野田七光台,千葉県野田市七光台4-2　イオンタウン野田七光台内
ラッキー佐倉,千葉県佐倉市井野1475
ゲームチャリオット五井,千葉県市原市五井中央西2-1-2
フリスポ佐原,千葉県香取市佐原イ4200　佐原ミナミボウルゲームコーナー
アルファー柏,千葉県柏市柏1-1-11　ファミリかしわB1F
タイトーFステーション柏中央,千葉県柏市十余二249-5　M.E.M.1F
タイトーステーション船橋,千葉県船橋市本町1-6-1
キャッツアイ八千代,千葉県八千代市緑が丘西2-13-3　ism緑が丘内
スポーツウェーブ鉄腕24稲毛長沼,千葉県千葉市稲毛区長沼原町697
GiGO 稲毛オーツーパーク,千葉県千葉市稲毛区園生町380-1
ラウンドワン市原,千葉県市原市八幡北町3-5-1
ラウンドワン市川鬼高,千葉県市川市鬼高4-1-3
柏ヤングボウル,千葉県柏市南柏中央11-1
八街ヤングボウル,千葉県八街市八街ほ380-11
アミューズメントパレスワンダーヴュー成田,千葉県成田市飯仲11-18　グリーンパーク長命泉内
タイトーFステーション市川妙典,千葉県市川市妙典4-1-1　イオン市川妙典2番街2F
アドアーズ船橋,千葉県船橋市本町1-31-26　セブン船橋B1～4F
ラウンドワンスタジアムアリオ柏,千葉県柏市大島田1-6-1　セブンパークアリオ柏　1070
ゲームランド津田沼,千葉県習志野市津田沼1-23-1　イオンモール津田沼2F
アピナ印西,千葉県印西市原1-2　ビッグホップガーデンモール印西2F
アミューズメントエース津田沼,千葉県船橋市前原西2-15-1　ファミービル1～3F
テクモピア船橋南口,千葉県船橋市本町1-7-6　ドリーム船橋ビル3F
スタジオプリモ本八幡,千葉県市川市八幡2-15-10　パティオ5F
東京都(23区)
GiGO 秋葉原1号館,東京都(23区)千代田区外神田1-10-9
GiGO 渋谷宮益坂,東京都(23区)渋谷区渋谷1-14-14　EST渋谷東口会館1F
GiGO 新宿西口,東京都(23区)新宿区西新宿1-12-5　西口三平ビル
新宿スポーツランド本館,東京都(23区)新宿区新宿3-22-12
タイトーステーション新宿南口ゲームワールド,東京都(23区)新宿区新宿3-35-8
タイトーステーション渋谷,東京都(23区)渋谷区渋谷1-24-12　渋谷東映プラザビルB1・1F
タイトーステーション池袋ロサ,東京都(23区)豊島区西池袋1-37-12　ロサ会館1F
Hey,東京都(23区)千代田区外神田1-10-5　廣瀬本社ビル
GiGO 自由が丘,東京都(23区)目黒区自由が丘2-10-9
タイトーステーションBIGBOX高田馬場,東京都(23区)新宿区高田馬場1-35-3　BIG BOX高田馬場6F
タイトーステーション新宿東口,東京都(23区)新宿区新宿3-22-7　指田ビル
アドアーズ中野,東京都(23区)中野区中野5-52-15　中野ブロードウェイ1F　185
アドアーズ池袋東口,東京都(23区)豊島区東池袋1-41-4　池袋とうきゅうビル1・2F
GiGO 船堀,東京都(23区)江戸川区船堀1-6-11
GiGO 神楽坂,東京都(23区)新宿区神楽坂2-11　第2カグラヒルズ1F
GiGO 大森,東京都(23区)大田区山王2-1-5　大森駅ララビル2F
namco巣鴨,東京都(23区)豊島区巣鴨1-15-1　宮田ビルB1・B2F
ラウンドワン南砂,東京都(23区)江東区南砂6-7-15　南砂町SCトピレックプラザ4F
アミューズメントスペースASO VIBA!,東京都(23区)渋谷区恵比寿1-10-5　三恵エビスビル2・3F
GiGO 西葛西,東京都(23区)江戸川区西葛西5-1-14　第一保志ビル
シルクハット蒲田西口,東京都(23区)大田区西蒲田7-2-3　第二醍醐ビルB1～2F
GiGO 池上,東京都(23区)大田区池上6-2-3　松山ビル2F
ゲームリボン東十条,東京都(23区)北区東十条4-4-23　岩本ビル
タイトーステーション浅草,東京都(23区)台東区浅草1-27-5
ゲームダイアナ・ネオ,東京都(23区)港区新橋2-16-1　ニュー新橋ビルB1-65号
ウェアハウス保木間,東京都(23区)足立区保木間1-1-19
ゲームニュートン志村,東京都(23区)板橋区志村3-24-3　高橋ビル1F
ゲームスタジオキューブ高円寺,東京都(23区)杉並区高円寺南4-26-12　福丸ビルB1F
ゲームパーク石神井公園,東京都(23区)練馬区石神井町3-17-16
シルクハット大森,東京都(23区)大田区山王2-4-1　大森駅前ビル2F
ミラクルイン中村橋,東京都(23区)練馬区貫井1-1-2　YKビル2F
ゲームサファリ池袋,東京都(23区)豊島区東池袋1-42-3　やすだ東池袋店2F
ハイテクランドキューデン,東京都(23区)足立区西新井栄町2-7-2　球殿2F
アドアーズ亀戸,東京都(23区)江東区亀戸5-2-6　サンエービル1～5F
タイトーステーション秋葉原,東京都(23区)千代田区外神田4-2-2　貴三ビル
東京レジャーランド秋葉原,東京都(23区)千代田区外神田1-9-5
アドアーズ浅草,東京都(23区)台東区浅草1-42-4　パシフィックコート浅草B1・1F
namco中野,東京都(23区)中野区中野5-52-15　中野ブロードウェイ別館
タイトーステーション上野アメ横,東京都(23区)台東区上野4-10-17
ゲームサファリ大山,東京都(23区)板橋区大山東町60-10　やすだ大山駅前店2F
ドットコム葛西,東京都(23区)江戸川区中葛西3-35-5　パーラー英2F
タイトーFステーションオリナス錦糸町,東京都(23区)墨田区太平4-1-2　オリナスモールB1F
ラウンドワンスタジアム板橋,東京都(23区)板橋区相生町16-13
ゲームW,東京都(23区)豊島区南長崎5-27-6
namco王子サンスクエア,東京都(23区)北区王子1-4-1　サンスクエアビル2F
アドアーズ新小岩,東京都(23区)葛飾区新小岩1-44-4　リバティビルB1～3F
東京レジャーランド秋葉原2号,東京都(23区)千代田区外神田4-3-3　ミナミビル6・7F
アドアーズ上野アメ横,東京都(23区)台東区上野4-9-14　上野K.K.ビルB1～4F
西日暮里 GAME SPOT VERSUS,東京都(23区)荒川区西日暮里5-15-10　今井ビル3F
高田馬場ゲームセンターミカド,東京都(23区)新宿区高田馬場4-5-10　オアシスプラザ
ゲームセンターワイワイ,東京都(23区)練馬区貫井3-5-6　ドンズビル2F
GiGO 赤羽,東京都(23区)北区赤羽1-7-9　赤羽第一葉山ビルB1F
江戸川ヤングボウル,東京都(23区)江戸川区中央4-22-25
タイトーステーション錦糸町楽天地,東京都(23区)墨田区江東橋4-27-14　楽天地ビルB1F
ラウンドワンスタジアムダイバーシティ東京プラザ,東京都(23区)江東区青海1-1-10　ダイバーシティ東京プラザ6F　61000番
ラウンドワン池袋,東京都(23区)豊島区東池袋1-14-1　池袋スクエア内
GiGO 竹の塚,東京都(23区)足立区竹の塚6-8-6
世田谷オークラボウル,東京都(23区)世田谷区桜3-24-1
東京レジャーランド亀有,東京都(23区)葛飾区亀有3-21-2
ウェアハウス入谷ゴルフ,東京都(23区)足立区入谷7-8-11
タイトーステーション池袋西口,東京都(23区)豊島区西池袋1-15-9
ゲーマーズカフェクエスト,東京都(23区)足立区千住寿町2-17　松伝ビル2F
タイトーステーション上野御徒町,東京都(23区)台東区上野4-6-9　湯島商事ビル
GiGO 赤羽駅前,東京都(23区)北区赤羽1-2-4
アピナ荻窪,東京都(23区)杉並区上荻1-13-10　ハクサンビル
namco池袋,東京都(23区)豊島区東池袋1-22-10　ヒューマックスパビリオン池袋サンシャイン60通り1F
ゲームパニック新宿歌舞伎町,東京都(23区)新宿区歌舞伎町1-20-1　ヒューマックスパビリオン新宿歌舞伎町1F・2F
GiGO 高田馬場,東京都(23区)新宿区高田馬場4-7-5　高田馬場グランド東京ビル
ゲームパニック秋葉原,東京都(23区)千代田区外神田1-13-1　Akihabara　ex
namco秋葉原,東京都(23区)千代田区外神田1-15-9
GiGO 総本店,東京都(23区)豊島区東池袋1-13-6
東京都(23区外)
ゲームプラザセントラル八王子,東京都(23区外)八王子市東町12-15　第五セントラルビル
タイトーステーション国分寺,東京都(23区外)国分寺市本町3-5-11
アドアーズ町田,東京都(23区外)町田市原町田6-21-25　大正堂第2ビル1～4F
GiGO 立川,東京都(23区外)立川市柴崎町3-2-1　サザンビル1F
アドアーズ仙川,東京都(23区外)調布市仙川町2-21-12　VICビル7　1～3F
GiGO 福生,東京都(23区外)福生市福生1076-1
プラサカプコン吉祥寺,東京都(23区外)武蔵野市吉祥寺本町1-10-1　いなりやビルB1F
アミューズランドモナコ調布駅前,東京都(23区外)調布市布田4-2-22
ゲーム・イン・ファッツ久米川,東京都(23区外)東村山市栄町2-22-21　南ビル1F
タイトーステーション町田,東京都(23区外)町田市原町田6-21-23　松山ビル
ラウンドワン町田,東京都(23区外)町田市森野1-13-14
ドラマ八王子高倉,東京都(23区外)八王子市高倉町55-4
シルクハット八王子,東京都(23区外)八王子市旭町2-5　八王子ツインタワービルA館
キャロム青梅,東京都(23区外)青梅市千ケ瀬町4-326-1
アピナ八王子みなみ野,東京都(23区外)八王子市みなみ野1-2-1　アクロスモール3F
ドラマ瑞穂,東京都(23区外)西多摩郡瑞穂町武蔵382-1
ユーズランド日の出,東京都(23区外)西多摩郡日の出町平井字三吉野桜木237-3　イオンモール日の出3F
ラウンドワン武蔵村山,東京都(23区外)武蔵村山市伊奈平3-1-1
ラウンドワン府中本町駅前,東京都(23区外)府中市本町1-13-3　カネタビル
Amusement&amp;Game MAGHREB,東京都(23区外)多摩市落合1-41-1　マグレブWEST 1・2F
タイトーステーション立川北口,東京都(23区外)立川市曙町2-4-5
ラウンドワン吉祥寺,東京都(23区外)武蔵野市吉祥寺本町1-11-22
GiGO 町田,東京都(23区外)町田市原町田6-13-17　アーバンミサワビルB1・1F
ウェアハウス一橋学園,東京都(23区外)小平市学園東町1-4-39　平山ビル3F
タイトーFステーション吉祥寺JOY,東京都(23区外)武蔵野市吉祥寺本町1-8-23　河田ビル
東京レジャーランド吉祥寺,東京都(23区外)武蔵野市吉祥寺本町1-3-7　YSビルB1～4F
アドアーズ大和店A館,神奈川県大和市大和東1-4-3　大黒屋ビル1・2F
タイトーステーション溝の口,神奈川県川崎市高津区溝口1-11-8　OKKA634ビル1F
ゲームインファンファン藤沢店新館,神奈川県藤沢市鵠沼石上1-3-8
シルクハット伊勢佐木町,神奈川県横浜市中区伊勢佐木町3-96　日活会館3F
ムトス相模原,神奈川県相模原市中央区中央2-1-5
タイトーステーション戸塚西口,神奈川県横浜市戸塚区戸塚町4023
シルクハット本厚木,神奈川県厚木市中町3-4-22　第二会田ビル2F
シルクハット川崎モアーズ,神奈川県川崎市川崎区駅前本町7　川崎モアーズ1・2F
GiGO 相模大野,神奈川県相模原市南区相模大野3-13-2　東和ビル2・3F
アミューズメントパークジアス上大岡,神奈川県横浜市港南区上大岡西2-1-28　赤い風船パーク本館2F
GiGO 本厚木,神奈川県厚木市中町4-15-9
プラサカプコン横須賀,神奈川県横須賀市若松町2-30　横須賀モアーズシティ4F
アミューズメントレイブファクトリーマーズ,神奈川県横浜市中区長者町6-105
ラウンドワン高津,神奈川県川崎市高津区二子4-8-1
ゲームコスモ金沢文庫,神奈川県横浜市金沢区谷津町344
タイトーステーション小田原,神奈川県小田原市栄町1-3-12
ジョイランド中原,神奈川県川崎市中原区上小田中6-19-6
ラウンドワン横浜駅西口,神奈川県横浜市西区南幸2-8-16
ゲームコスモ鶴見,神奈川県横浜市鶴見区豊岡町17-4　1F
アストロ鶴ヶ峰,神奈川県横浜市旭区鶴ケ峰本町1-38-3　2F
テクモピア座間,神奈川県座間市ひばりが丘4-11-48
ベネクス川崎,神奈川県川崎市川崎区鋼管通4-8-3
GiGO 綱島,神奈川県横浜市港北区綱島西2-6-29　城田ビル1～3F
神奈川レジャーランド厚木,神奈川県厚木市戸室5-31-1　アツギ・トレリス2F
シルクハット川崎ダイス,神奈川県川崎市川崎区駅前本町8　ダイスビルB2F
GiGO 新杉田,神奈川県横浜市磯子区杉田1-1-1　らびすた新杉田2F
シルクハット大船,神奈川県鎌倉市大船1-24　大船駅前ビル1～3F
アドアーズイサゴ,神奈川県川崎市川崎区砂子2-5-5　岡田屋2BKビル1・2F
小田原メトロポリス,神奈川県小田原市前川219-4
ラウンドワンスタジアム川崎大師,神奈川県川崎市川崎区殿町1-5-1
ドラマ藤沢,神奈川県藤沢市本藤沢5-6-8
タイトーステーション海老名ビナウォーク,神奈川県海老名市中央1-18-1　ビナウォーク6番館2F
ドラマ港北インター,神奈川県横浜市都筑区東方町321-6
アドアーズ橋本,神奈川県相模原市緑区橋本3-3-1　SING橋本2F
楽市楽座湘南藤沢,神奈川県藤沢市辻堂新町4-3-5　MrMax湘南藤沢SC2F
イミグランデ本厚木,神奈川県厚木市中町3-2-1　新中川ビル
アドアーズ藤沢北口,神奈川県藤沢市藤沢460-1　3・4F
イミグランデ日吉,神奈川県横浜市港北区日吉2-2-4　日吉ビル
タイトーステーション横浜西口五番街,神奈川県横浜市西区南幸1-12-9
タイトーステーション藤沢,神奈川県藤沢市南藤沢21-1
イミグランデ溝口,神奈川県川崎市高津区溝口1-14-7　第2カスタムビル
アピナ橋本,神奈川県相模原市緑区西橋本5-1-1　ラ・フロール駐車場棟1F
ラウンドワンららぽーと湘南平塚,神奈川県平塚市天沼10-1　ららぽーと湘南平塚3F
GiGO 海老名,神奈川県海老名市中央1-4-31　海老名プラザビル1F
GiGO センター南,神奈川県横浜市都筑区茅ケ崎中央3-25　aune港北1F
タイトーFステーション向ヶ丘遊園,神奈川県川崎市多摩区登戸2718-1
モーリーファンタジークロスガーデン川崎,神奈川県川崎市幸区小倉5-19-23
ゲームコパⅢ,神奈川県秦野市南矢名2-19-5
GiGO 相模原ラクーン,神奈川県相模原市中央区小山1-1-14　相模原ラクーン1F
カプコサーカス新潟東,新潟県新潟市東区大形本町3-1-2　イオン新潟東店内ゲームコーナー
ゲームセンターテクノポリス,新潟県長岡市要町1-8-50
上越レジャーランボウル,新潟県上越市下門前827-2
メジャーロード24,新潟県見附市今町4-20-568-1
namco新潟,新潟県新潟市中央区南笹口1-1-1　ひもろぎビル2F
メジャーロード黒埼,新潟県新潟市西区山田3303
ラウンドワンスタジアム新潟,新潟県新潟市中央区美咲町2-1-38
VIVAZONE糸魚川,新潟県糸魚川市寺島3-2-40　ヴィラオレッタ糸魚川2F
メジャーロード白根,新潟県新潟市南区上下諏訪木字論地948-2
アピナ上越インター,新潟県上越市下門前1661
アピナ長岡,新潟県長岡市堺東町22
アミューズメントスポットパルム,新潟県魚沼市井口新田250-1
タイトーFステーション上越,新潟県上越市富岡3524　J-MAXシアター内1F
プレイゾーンバンブー,新潟県南魚沼市竹俣60-6
レトロ柏崎,新潟県柏崎市田中13-3
トヤマレジャーランド呉羽,富山県富山市高木字貝塚2054
サービスエリアイン高岡,富山県高岡市下石瀬857-1
ゲームスポット207,富山県高岡市鐘紡町1655-3
サービスエリアイン入善,富山県下新川郡入善町上野7253-2
ユーズランド高岡,富山県高岡市下伏間江383　イオンモール高岡2F
アピナ富山新庄,富山県富山市荒川3-2-12
アピナ富山豊田,富山県富山市豊田町2-12-66
ゲームスポット306,富山県高岡市昭和町2-267-5
アピナ富山南,富山県富山市堀川町355-3　マイプラザ内
モーリーファンタジーとなみ,富山県砺波市中神1-174　イオンモールとなみ2F
ゲームスポットアップル,富山県魚津市吉島2-407-1
バイパスレジャーランド藤江本館,石川県金沢市藤江南2-41
バイパスレジャーランド藤江新館,石川県金沢市藤江南2-105
バイパスレジャーランド加賀,石川県加賀市箱宮町ヲ1-1
アピナ野々市バッティングスタジアム,石川県野々市市若松町5-5
ラウンドワンスタジアム金沢,石川県金沢市横川6-120-1
MIRAINOイオンモール白山,石川県白山市横江町5001　イオンモール白山3F
バイパスレジャーランド御経塚,石川県野々市市御経塚4-46
フクイレジャーランドワイプラザ,福井県福井市新保北1-303　パワーシティフクイワイプラザB棟2F
GiGO 福井,福井県福井市丸山1-410
GiGO 武生,福井県越前市新町3字13-4　シピィタウン内
ジョイランド敦賀,福井県敦賀市木崎40　土三田12
福井レジャーランド板垣,福井県福井市下馬3-112
ゲームパニック甲府,山梨県甲府市国母5-20-24
プラサカプコン甲府,山梨県中巨摩郡昭和町西条字北河原3717
ラウンドワン山梨・石和,山梨県笛吹市石和町広瀬737-1
GiGO 上田,長野県上田市上田1847-1
アピナ長野大橋,長野県長野市若里7-9-12
セガワールド豊科,長野県安曇野市豊科南穂高1115　スワンガーデン安曇野内
PALO諏訪,長野県諏訪市沖田町5-18　諏訪ステーションパーク1・2F
アピナ伊那,長野県伊那市西町5093
アピナ松本,長野県松本市双葉19-10
GiGO 岡谷,長野県岡谷市塚間町2-1-21
ラウンドワンスタジアム長野,長野県長野市東和田827-6
アピナ塩尻,長野県塩尻市広丘野村1794-1
アピナ飯田,長野県飯田市座光寺3728-1
アピナ長野川中島,長野県長野市川中島町御厨967-1
アピナ佐久インター,長野県佐久市岩村田北1-13-1
アピナ上田,長野県上田市秋和359-1
岐阜レジャーランド穂積,岐阜県瑞穂市稲里630
ゲームファンタジアン柳津,岐阜県岐阜市柳津町上佐波西3-68
ゲームファンタジアン精華,岐阜県岐阜市鏡島精華2-2-1
ACグランド茜部,岐阜県岐阜市茜部大川1-77
セガワールド高山,岐阜県高山市上岡本町7-7
コミ丸アリババ大垣,岐阜県大垣市池尻町940-1
大垣メトロポリス,岐阜県大垣市三塚町字西沼523-1
オリエンタルバッティングセンター可児,岐阜県可児市今渡695-1
モーリーファンタジー・f 岐阜,岐阜県岐阜市正木中1-2-1　マーサ21北館3F
ラウンドワンモレラ岐阜,岐阜県本巣市三橋1100　モレラ岐阜2Fスノープラザ
ゲームピコ鵜沼,岐阜県各務原市鵜沼西町3-309　イオンタウン各務原鵜沼内
アピナ各務原,岐阜県各務原市蘇原花園町2-9-1
MIRAINOイオンモール土岐,岐阜県土岐市土岐津町土岐口中山1372-1　イオンモール土岐2F
THE 3RD PLANET OZ浜松,静岡県浜松市東区宮竹町322-1
サープラ富士あそびタウン,静岡県富士市永田町2-94
ポート24浜松,静岡県浜松市中央区坪井町4183-1
THE 3RD PLANET 焼津,静岡県焼津市八楠3-18-5
ゲームインプリンス,静岡県静岡市清水区天神1-2-6
ラウンドワン富士,静岡県富士市八代町4-15
GiGO 袋井,静岡県袋井市川井1142-1
GiGO 掛川,静岡県掛川市細田248
THE 3RD PLANET 島田,静岡県島田市中溝町2531
アップル新北街道,静岡県静岡市葵区沓谷5-13-4
アピナ焼津,静岡県焼津市道原585
GiGO サントムーン柿田川,静岡県駿東郡清水町玉川61-2　サントムーン柿田川本館2F
THE 3RD PLANET BiVi沼津,静岡県沼津市大手町1-1-5　BiVi沼津3F
アピナ浜松,静岡県浜松市中区葵西2-27-10
プラサカプコン志都呂,静岡県浜松市中央区志都呂2-37-1　イオンモール浜松志都呂3F
楽市楽座サンストリート浜北,静岡県浜松市浜名区平口2861　サンストリート浜北2F
ラウンドワンスタジアム浜松,静岡県浜松市東区天王町字諏訪1981-17
ジョイランドアミューズ原,静岡県沼津市原町中2-14-8
アップルグランリバー大井川,静岡県焼津市下江留1327
ジョイランドアミューズみしま,静岡県三島市梅名308-6　2F
ラウンドワン静岡・駿河,静岡県静岡市駿河区手越75
アップル島田,静岡県島田市宝来町8-5
タイトーFステーション静岡,静岡県静岡市葵区呉服町2-5-4　ふしみや第2ビル
GiGO 春日井,愛知県春日井市岩野町4180
GiGO 金山,愛知県名古屋市熱田区金山1-19-2
小牧メトロポリス,愛知県小牧市間々片山181-1
ゲームパニック大高,愛知県名古屋市緑区忠治山201　名古屋グランドボウルB2F
名古屋レジャーランド内田橋,愛知県名古屋市南区内田橋2-26-22
ゲーム・キング・ジョイ,愛知県名古屋市中区栄3-3-32
M&#039;sPARK豊田,愛知県豊田市寿町3-21・22　トヨタグランドビル
半田メトロポリス,愛知県半田市旭町3-11-1
GiGO 岡崎,愛知県岡崎市上地3-50-4
アミューズメントプラザワイド,愛知県東海市名和町二番割上16-2
GiGO 豊田,愛知県豊田市深田町1-65-1
オークランドボウル春日井,愛知県春日井市鳥居松町3-11　1Fゲームコーナー
豊川メトロポリス,愛知県豊川市下長山町上アライ14-1
コムテックタワー,愛知県名古屋市中村区名駅4-10-20
ラウンドワン千種,愛知県名古屋市千種区新栄3-20-17　タイホウ千種駅南ビル8F
ラウンドワン鳴海,愛知県名古屋市緑区鳴海町字杜若28
アミューズメントプラザマルシン,愛知県刈谷市池田町4-609
GiGO 豊橋飯村,愛知県豊橋市飯村町西山25-121
M&#039;sPARK刈谷,愛知県刈谷市稲場町3-206
GiGO 安城,愛知県安城市百石町2-35-13
コムテックスクウェア,愛知県名古屋市中区金山1-16-8
スペースシャトル塩釜口,愛知県名古屋市天白区塩釜口2-414
ADXマミー八事,愛知県名古屋市昭和区広路町字北石坂102-4　サンハイツ伊藤1F
BOX.Q3,愛知県名古屋市中村区則武1-16-8　第1コーポ1F
ゲームコング,愛知県豊田市広路町2-20
ユーズランド東浦,愛知県知多郡東浦町緒川申新田二区67-8　イオンモール東浦2F
GiGO 尾西,愛知県一宮市篭屋3-9-7　アソビックスびさい1F
プレイハードファイブオー春日井,愛知県春日井市不二ガ丘1-36　不二ガ丘ハイツ1F
ポート24幸田,愛知県額田郡幸田町高力字沖原15　カメリアガーデン幸田内
ゲームファンタジアン岡崎,愛知県岡崎市錦町2-4
楽市楽座022楽市街道名古屋,愛知県北名古屋市中之郷字神明45-1
ラウンドワンスタジアム中川1号線,愛知県名古屋市中川区法蔵町2-23
ラウンドワンスタジアム名古屋西春,愛知県北名古屋市宇福寺神明15
VAMP中川,愛知県名古屋市中川区新家1-2007
ラウンドワンスタジアム半田,愛知県半田市瑞穂町6-7-8
ポート24八事,愛知県名古屋市昭和区広路町字北石坂102-4
ラウンドワンスタジアム豊橋,愛知県豊橋市大岩町字岩田27-2
ゲームファンタジアン長久手,愛知県長久手市武蔵塚705
ファンタジープラザ名古屋,愛知県名古屋市北区玄馬町234-1　CROSS TOWN　ドン・キホーテ名古屋本店2F
ADXマミー春日井出川,愛知県春日井市不二ガ丘1-5
ゲームランド岡崎,愛知県岡崎市戸崎町字外山38-5　イオンモール岡崎シネマ館3F
ADXマミー岡崎,愛知県岡崎市井田新町6-1
プラサカプコン徳重,愛知県名古屋市緑区鳴海町字徳重18-44　ヒルズウォーク徳重ガーデンズ　ガーデンズ棟2F
タイトーステーションフェドラ大須,愛知県名古屋市中区大須3-30-31　萬松寺駐車場ビル1・2F
GIGO マーケットスクエアささしま,愛知県名古屋市中村区平池町4-60-14　マーケットスクエアささしま1F
ゲームアルカナ,愛知県稲沢市朝府町2-33
ダイナソアエイジ,愛知県大府市東新町3-88
ゲームチャオ松阪,三重県松阪市船江町780
GiGO 生桑,三重県四日市市生桑町字川原崎299-1
ドリームキャンディー,三重県伊賀市小田町711
GiGO 桑名,三重県桑名市大仲新田宮前158
プレビトナリエ四日市,三重県四日市市安島1-3-31　トナリエ四日市5F
アピナ四日市,三重県四日市市泊小柳町4-34
ラウンドワンスタジアムみえ・川越IC,三重県三重郡川越町南福崎851-1
ラウンドワン津・高茶屋,三重県津市高茶屋小森町277-8
GiGO 伊勢,三重県伊勢市中須町666
アピナ鈴鹿,三重県鈴鹿市庄野羽山4-20-1　イオンタウン鈴鹿2F
アミパラ鈴鹿,三重県鈴鹿市西條町字東澤430-1
アミューズメントスペースコミ丸四日市,三重県四日市市鵜の森1-3-19
GiGO 甲西,滋賀県湖南市夏見二ツ橋356-1
アクション草津,滋賀県草津市野路3-1-11　ACT草津2号館
ゲームディーノ彦根,滋賀県彦根市西沼波町166
エースレーン近江八幡,滋賀県近江八幡市出町736　ACT近江八番2番館1F
エースレーン守山,滋賀県守山市播磨田町231-4　ACT守山3番館2F
エースレーン愛知川,滋賀県愛知郡愛荘町長野200
エースレーン堅田,滋賀県大津市今堅田2-40-10　ACT堅田2F
タイトーFステーションイオン近江八幡,滋賀県近江八幡市鷹飼町南3-7　イオン近江八幡SC1番街　イオン近江八幡店1F
ラウンドワンスタジアム浜大津アーカス,滋賀県大津市浜町2-1　浜大津アーカス内
アミパラ草津,滋賀県草津市木川町72
滋賀レジャーランド大津,滋賀県大津市におの浜3-1-43
ラウンドワン京都河原町,京都府京都市中京区河原町通三条下る山崎町250
ネオ・アミューズメントスペースa-cho,京都府京都市中京区寺町通四条上る東大文字町302・303　A-breakビル2・3F
辻商店,京都府京都市南区東九条上殿田町13
ラウンドワンスタジアム京都伏見,京都府京都市伏見区下鳥羽平塚町131
THE 3RD PLANET BiVi京都二条,京都府京都市中京区西ノ京栂尾町107　BiVi二条2F
あそVIVAゲームセンター,京都府福知山市堀上高田2146-1　あそVIVA1F
namcoイオンモールKYOTO,京都府京都市南区西九条鳥居口町1　イオンモールKYOTO　Sakura館4F
アミパラ久御山,京都府久世郡久御山町森大内337　イオンタウン久御山内
GiGO 布施,大阪府東大阪市長堂1-1-1　ロンモール布施内
GiGO 難波アビオン,大阪府大阪市浪速区難波中2-3-15　MMOビルB1～3F
ラウンドワン守口,大阪府守口市佐太東町2-6-14　ジャガーグリーン2F
GiGO 大阪第4ビル,大阪府大阪市北区梅田1-11-4　駅前第4ビルB1F
GiGO あべのアポロ3F,大阪府大阪市阿倍野区阿倍野筋1-5-31　アポロビル3F
ゲームポイントシャトーEX,大阪府大阪市都島区東野田町3-9-3
ラウンドワン東大阪,大阪府東大阪市若江南町1-2-12
ゲームフェイス八尾,大阪府八尾市天王寺屋2-68
GiGO 今福,大阪府大阪市城東区今福東1-9-34
GiGO 枚方,大阪府枚方市須山町83-1　サンシャインプラザ枚方内
スポーツセンター21世紀,大阪府堺市南区岩室108-1
ラウンドワン豊中,大阪府豊中市名神口1-1-1
星狩物語岸和田,大阪府岸和田市作才町1-3-2
コーハツ,大阪府大阪市北区天神橋2-2-21　コーハツビル1F
ゲーム・ザ・ゴリラ,大阪府和泉市伏屋町4-10-51
ゲームプラザエム,大阪府守口市本町1-3-3
ザ・インドアゲーム,大阪府大阪市旭区中宮5-6-19
GiGO 和泉,大阪府和泉市肥子町2-4-41
namcoマグスミノエ,大阪府大阪市住之江区泉1-1-82　マグスミノエ1F
モンキートリック,大阪府寝屋川市香里南之町32-5　YNレジデンス香里2F
関大前フタバボウル,大阪府吹田市千里山東1-7-18
namco梅田,大阪府大阪市北区小松原町3-3　OSビル1～3F
ラウンドワンスタジアム高槻,大阪府高槻市辻子3-6-4
ラウンドワンスタジアム堺中央環状,大阪府堺市東区石原町2-241
ラウンドワンスタジアム城東放出,大阪府大阪市城東区今福南3-4-38
ラウンドワンスタジアム堺駅前,大阪府堺市堺区戎島町4-44-3
ゲームパニック堺,大阪府堺市堺区築港八幡町1-1　堺浜シーサイドステージ　堺浜えんため館内
モーリーファンタジー・f 茨木,大阪府茨木市松ケ本町8-30-5　イオン茨木SC　イオン茨木店4F
泉大津フタバボウル,大阪府泉大津市松之浜町1-2-53
アテナ日本橋,大阪府大阪市浪速区難波中2-1-22
タイトーステーション難波,大阪府大阪市中央区難波千日前15-12
G-pala あべの,大阪府大阪市阿倍野区阿倍野筋3-10-1　あべのベルタ2F
ラウンドワン岸和田,大阪府岸和田市八阪町2-11-1
GiGO フレスポ東大阪,大阪府東大阪市稲田新町3-9-64　フレスポ東大阪2F
ラウンドワン梅田,大阪府大阪市北区小松原町4-16
namco大阪日本橋,大阪府大阪市浪速区難波中2-1-17　コスモビル1～3F
YAZ寝屋川,大阪府寝屋川市石津中町25-26
タイトーステーション大阪日本橋,大阪府大阪市浪速区日本橋4-9-14
ラウンドワンスタジアム千日前,大阪府大阪市中央区難波1-3-1
ゲームディーノ阪急茨木,大阪府茨木市永代町5　ソシオビルB1F
monte50,大阪府大阪市北区小松原町4-27　小松原MDビル2～4F
スポーツセンター21世紀,大阪府堺市南区岩室108-1
アミパラ大東,大阪府大東市南新田2-3-5
あそVIVA阪急茨木,大阪府茨木市永代町6-2　スポーツプラザ茨木2F
ラウンドワン三宮駅前,兵庫県神戸市中央区小野柄通6-1-17
遊スペースマジカル,兵庫県神戸市中央区琴ノ緒町5-2-3
GiGO 明石,兵庫県明石市魚住町清水2464-1　ドライブインながさわ内
namco豊岡,兵庫県豊岡市中陰字大工617　3F
GiGO 姫路駅前,兵庫県姫路市駅前町254　姫路OSビルB1F
ゲームアイビス太子,兵庫県揖保郡太子町太田2149
ラウンドワン加古川,兵庫県加古川市尾上町安田325-6
ラウンドワン伊丹,兵庫県伊丹市昆陽7-29
アミューズスペースミール,兵庫県三田市対中町5-21
アルゴ,兵庫県神戸市中央区下山手通1-1-8
メガパレス遊スペースアローズ,兵庫県神戸市西区丸塚2-9-18　ホームランスタジアムメガパレス2F
プレイステーションネーブル西宮,兵庫県西宮市両度町6-10　両度ビル1F
タロフォフォ,兵庫県西宮市田中町5-21
遊スペーススプラ,兵庫県加古川市尾上町安田351-1　ホームランスタジアムメガコート2F
アミパラ垂水,兵庫県神戸市垂水区名谷町字室山1400-18
ラウンドワン姫路飾磨,兵庫県姫路市飾磨区中島1-254
GiGO フェニックスプラザ摩耶,兵庫県神戸市灘区味泥町6-1　フェニックスプラザ1F
タイトーFステーション三宮西館,兵庫県神戸市中央区三宮町2-11-1　センタープラザ西館3F
アミパラ加古川,兵庫県加古川市尾上町今福71-2
アピナ姫路,兵庫県姫路市東郷町1454-3　姫路リオス2F
ラウンドワンスタジアム奈良ミ・ナーラ,奈良県奈良市二条大路南1-3-1　ミ・ナーラ5F
Book245,奈良県大和郡山市横田町75-1
アミューズメントCUE奈良三条,奈良県奈良市三条町478-1
アミューズメントCUE奈良大和高田,奈良県大和高田市東中2-11-16
アミパラ橿原,奈良県橿原市十市町1222-1　ツインゲート橿原1F
ラウンドワンスタジアム和歌山,和歌山県和歌山市小雑賀739-3
タイトーFステーションオークワロマンシティ御坊,和歌山県御坊市湯川町財部181　オークワロマンシティ御坊店3F
ユーズランド和歌山,和歌山県和歌山市中字楠谷573　イオンモール和歌山　モール棟2F
ピタゴラス和歌山,和歌山県和歌山市土入73-1
スーパーヒーロー倉吉,鳥取県倉吉市見日町633
GiGO 米子,鳥取県米子市両三柳2778-2
GiGO 鳥取,鳥取県鳥取市安長416
アミパラがいな,鳥取県米子市日ノ出町1-8-13
G-pala 出雲,島根県出雲市渡橋町784-1
GiGO 松江,島根県松江市嫁島町12-15
オートパーラーやすぎ,島根県安来市西荒島町33
you me CIRCUS,島根県出雲市大塚町650-1　ゆめタウン出雲東館3F
アミパラテクノランド,岡山県岡山市北区大和町1-7-12
ユーズランド倉敷,岡山県倉敷市水江1　イオンモール倉敷2F
GiGO 倉敷,岡山県倉敷市西中新田535-2
GiGO 岡山藤崎,岡山県岡山市中区藤崎599-12
アミパラ倉敷,岡山県倉敷市西中新田624-1　アミパラボウル1F
ファンタジスタ,岡山県倉敷市新倉敷駅前5-194
アミパラ津山,岡山県津山市河辺1000-1　イオンモール津山2F
アミパラ岡山,岡山県岡山市北区青江1-13-8
ラウンドワンスタジアム岡山妹尾,岡山県岡山市南区妹尾3413-1
岡山ヤングボウル,岡山県岡山市北区北長瀬表町3-3-20
タイトーステーション広島本通,広島県広島市中区本通3-5　せらかぐ本通ビル
GiGO 中筋,広島県広島市安佐南区中筋4-11-7　フタバ図書MEGA祇園中筋店2F　レンタルコーナー奥
GiGO 海田,広島県安芸郡海田町南大正町3-35
アミパラここじゃ,広島県東広島市西条町下見6-10-19
アミパラ広島,広島県広島市西区西観音町3-17
スペースV1廿日市,広島県廿日市市本町4-23
GiGO 福山,広島県福山市瀬戸町山北300
GiGO 尾道,広島県尾道市新浜1-2-13
GiGO 広,広島県呉市広中町1-9　フタバ図書ソフトピア広店2F
アミューズメントパークMG ジアス,広島県福山市柳津町1-7-60
ブラックジャック東広島,広島県東広島市西条町御薗宇6120
あみぱらんど福山,広島県福山市三吉町南2-8-24
タイトーステーション広島紙屋町,広島県広島市中区紙屋町2-2-21
ラウンドワン広島,広島県広島市中区立町3-11
namcoイオンモール広島府中,広島県安芸郡府中町大須2-1-1　イオンモール広島府中3F
アミパラ神辺,広島県福山市神辺町新道上1-2-1　フジグラン神辺向かい
ブラックジャックアクア,広島県広島市安佐南区大町東4-12-11
ビバーチャ,広島県広島市中区南竹屋町10-17
ラウンドワン福山,広島県福山市明神町1-9-28
フタバ図書アルティランド,広島県広島市西区草津南4-7-1　アルパーク北棟2F
プラサカプコン広島,広島県広島市佐伯区石内東4-1-1　ジ・アウトレット広島1F
GiGO 広島本通,広島県広島市中区本通9-30　ランドマークビルB1・1F
ゲームスポットSPEED,山口県周南市久米3219
GiGO イオンタウン小郡,山口県山口市小郡前田町3-6
フレスパランドカッタの湯,山口県宇部市海南町1675
THE 3RD PLANET 山口,山口県山口市湯田温泉6-8-3
アミパラ下関,山口県下関市長府才川1-42-48
GAME ALEX,山口県宇部市西宇部南3-5-53
ネオ・ブラボー,山口県防府市高倉1-3-30
タイトーFステーション山口メルクス,山口県山口市黒川82-1　ハイパーモールメルクス山口内
アミパラ周南久米,山口県周南市久米2834　イオンタウン周南久米内
アポロゲームセンター沖洲,徳島県徳島市南沖洲1-93-1
アミューズメントパフェパレパレ田宮,徳島県徳島市南田宮2-2-46
ラウンドワン徳島・万代,徳島県徳島市万代町4-19-1
GiGO 高松,香川県高松市勅使町535
マックスプラザ善通寺,香川県善通寺市中村町1798-2
アミュージアム高松,香川県高松市伏石町2144-9
ラウンドワンスタジアム高松,香川県高松市松島町2-7-43
まるゲ,香川県高松市南新町8-12
アミパラ丸亀,香川県丸亀市飯野町西分字川縁甲584-1　ハローズ棟内
アミパラ高松,香川県高松市伏石町2168-2
グラントシティMG innキスケ,愛媛県松山市宮田町4　キスケボックス内1F
プレイドーム松山,愛媛県松山市余戸南4-9-40　1F
GiGO 松山,愛媛県松山市枝松5-7-32
アミューズメントパークMG 伊予三島,愛媛県四国中央市中之庄町75-1
namcoフジグラン今治,愛媛県今治市東門町5-13-1　フジグラン今治2F
GiGO 新居浜,愛媛県新居浜市徳常町6-8
宮西スタジアムII,愛媛県松山市宮西2-4-41
プラサカプコン新居浜,愛媛県新居浜市前田町8-8　イオンモール新居浜2F
アミパラ松山,愛媛県松山市生石町655-1
ラウンドワン松山,愛媛県松山市東長戸1-3-10
アミューズメントパークMG 東予周布,愛媛県西条市周布715-1　フジ東予店別館
プラサカプコン高知,高知県高知市秦南町1-4-8　イオンモール高知2F
アミパラ高知,高知県南国市篠原194-1
ラウンドワン高知,高知県高知市南宝永町4-12
楽市楽座210トリアス,福岡県糟屋郡久山町山田990
ハイパーメッセ,福岡県北九州市小倉南区北方4-6-7
楽市楽座砂津,福岡県北九州市小倉北区砂津3-1-1　チャチャタウン小倉B棟3F
namco博多バスターミナル,福岡県福岡市博多区博多駅中央街2-1　博多バスターミナルビル7F
タイトーステーション福岡天神,福岡県福岡市中央区天神2-6-35　サザンクロスビル
G-stage飯塚,福岡県飯塚市枝国680-2
GiGO 中間,福岡県中間市上蓮花寺3-1-1　プラザモールなかま1・2F
G-stage七隈,福岡県福岡市城南区七隈8-4-8
スペースワン,福岡県小郡市小郡1466-3
楽市楽座003楽市街道箱崎,福岡県福岡市東区箱崎5-1-8　楽市街道箱崎2・3F
楽市楽座福重,福岡県福岡市西区石丸4-263-1
コインレストラン秋峰,福岡県筑紫野市天山428-1
ラウンドワン福岡天神,福岡県福岡市中央区天神2-6-12
楽市街道くるめ,福岡県久留米市新合川2-7-10　久留米アミューズメントビル内
プラサカプコン直方,福岡県直方市湯野原2-1-1　イオンモール直方2F
ラウンドワンスタジアム小倉,福岡県北九州市小倉北区西港町15-65
楽市楽座行橋,福岡県行橋市西泉6-1-1　コスタ行橋アミューズ棟2F
遊道楽新合川,福岡県久留米市新合川1-6-7　2F
ラウンドワンスタジアム博多・半道橋,福岡県福岡市博多区半道橋2-2-8
国分バッティングセンター,福岡県久留米市国分町1408
ラウンドワン大野城,福岡県大野城市御笠川1-18-16
PEP魚町,福岡県北九州市小倉北区魚町2-4-20
太宰府Jボウル,福岡県太宰府市都府楼南5-6-12
ゲーム最後の5ドル,福岡県糟屋郡粕屋町仲原2706　仲原Jボウル2F
G-pala 小倉,福岡県北九州市小倉南区上葛原1-14-1
サンゲームス新宮,福岡県糟屋郡新宮町美咲3-1-40
PEP中津口,福岡県北九州市小倉北区中津口2-2-16　ASOBOX3F
GiGO 福岡天神,福岡県福岡市中央区天神2-7-6　DADAビル1～3F
namcoららぽーと福岡,福岡県福岡市博多区那珂6-23-1　ららぽーと福岡内4F
楽市楽座303佐賀大和,佐賀県佐賀市大和町尼寺2965
遊道楽嘉瀬,佐賀県佐賀市嘉瀬町中原2488-1
サンゲームス鳥栖,佐賀県鳥栖市元町1353-1
ソニックワールド伊万里,佐賀県伊万里市二里町八谷搦189-3
GiGO 武雄,佐賀県武雄市武雄町富岡12517-1
ラウンドワンスタジアム佐賀,佐賀県佐賀市兵庫北4-2-1
FASボウリングセンター,佐賀県唐津市栄町2581-1
namcoモラージュ佐賀,佐賀県佐賀市巨勢町大字牛島730　モラージュ佐賀1・2F
GiGO 諫早,長崎県諫早市小川町90-1
ソニックワールド大村,長崎県大村市古賀島町383-1
遊道楽時津,長崎県西彼杵郡時津町元村郷863-10
アミパラ佐世保,長崎県佐世保市大塔町18-15
サンゲームス佐世保,長崎県佐世保市田原町38-1
G-stage浜の町,長崎県長崎市浜町2-26
namcoワンダーシティ南熊本,熊本県熊本市中央区九品寺6-9-1
スポラ九品寺,熊本県熊本市中央区九品寺5-10-15
FESTA山鹿,熊本県山鹿市方保田字鳥越3468-1　MrMax山鹿店内
パスカワールドグリーンランド,熊本県荒尾市本井手1574-54
ラウンドワンスタジアム熊本,熊本県熊本市西区春日7-25-15
パスカワールド宇土,熊本県宇土市善道寺町綾織95　宇土シティモール内
スポラ菊陽,熊本県菊池郡菊陽町津久礼駄飼代2617-2
THE 3RD PLANET 下通り,熊本県熊本市中央区手取本町4-12　ザ･ファインビル
サンゲームス熊本インタープラザ,熊本県熊本市東区御領8-4-82
サープラ荒尾あそびタウン,熊本県荒尾市原万田700-1
GiGO 高城,大分県大分市牧1-161-8
GiGO 中津,大分県中津市沖代町1-2-16
タイトーFステーションセントポルタ大分,大分県大分市中央町2-1-1
G-pala 日田,大分県日田市友田字萩鶴986-1
プラサカプコン大分,大分県大分市公園通り西2-1　パークプレイス大分2F
トライセン萩原,大分県大分市萩原4-227-7　ACS3F
ラウンドワンスタジアム大分,大分県大分市萩原2-13-17
トライセン中津,大分県中津市下池永67-3
ユーズランド三光,大分県中津市三光佐知1032　イオンモール三光2F
ゲームラボサイドセブン,大分県大分市上宗方1-649-1
namco日向,宮崎県日向市日知屋14798-1　ハイパーモールメルクス日向1F
GiGO 延岡,宮崎県延岡市平原町5-1492-8
ビリヤードG&#039;Z,宮崎県都城市牟田町4-2
ラウンドワンスタジアム宮崎,宮崎県宮崎市中村東3-4-60
ゲームマインズ,宮崎県宮崎市高千穂通1-3-22　エースランド2F
楽市楽座イオンモール宮崎,宮崎県宮崎市新別府町江口862-1　イオンモール宮崎2F
サンゲームス都城北,宮崎県都城市上川東4-5997-4
サンアミューズ鹿屋,鹿児島県鹿屋市札元2-3798-1
サンゲームス天文館,鹿児島県鹿児島市千日町5-6
ラウンドワンスタジアム鹿児島宇宿,鹿児島県鹿児島市宇宿2-2-2
サンゲームス鹿屋,鹿児島県肝属郡肝付町富山1008-5
THE 3RD PLANET ジャングルパーク鹿児島,鹿児島県鹿児島市与次郎1-11-1　フレスポジャングルパーク2F
Amusementcity G-STA,鹿児島県薩摩川内市向田本町49
THE 3RD PLANET フレスポ国分,鹿児島県霧島市国分広瀬2-4-1　フレスポ国分内
ゲームセンター電撃ベイサイド,鹿児島県鹿児島市浜町2-2
楽市楽座イオンタウン姶良,鹿児島県姶良市西餠田264-1　イオンタウン姶良2F
タイトーFステーションニシムタ出水,鹿児島県出水市六月田町347
namcoイオンタウン読谷SC,沖縄県中頭郡読谷村古堅740　イオンタウン読谷SC内
ラウンドワンスタジアム沖縄・宜野湾,沖縄県宜野湾市真志喜3-28-8
ラウンドワン沖縄・南風原,沖縄県島尻郡南風原町兼城552