area,locname,locaddress
"三重県","アソビックスゲームワールド","三重県三重郡朝日町小向181"
"三重県","アピナ四日市店","三重県四日市市泊小柳町４−３４"
"三重県","アピナ鈴鹿店","三重県鈴鹿市庄野羽山4-20-1イオンタウン鈴鹿2階"
"三重県","アミパラ鈴鹿店","三重県鈴鹿市西条町字東澤430-1"
"三重県","ゲームチャオ松阪店","三重県松阪市船江町７８０"
"三重県","ドリームキャンディ","三重県伊賀市小田町７１１−１"
"三重県","プレビ　トナリエ四日市","三重県四日市市安島１−３−３１トナリエ５階"
"三重県","ラウンドワンみえ川越インターチェンジ店","三重県三重郡川越町南福崎８５１−１"
"三重県","ラウンドワン津・高茶屋店","三重県津市高茶屋小森町２７７−８"
"三重県","ＧｉＧＯアドバンスモール松阪","三重県松阪市田村町２３５−１"
"三重県","ＧｉＧＯ久居","三重県津市久居明神町字風早２５３４−１"
"三重県","ＧｉＧＯ伊勢","三重県伊勢市中須町６６６"
"三重県","ＧｉＧＯ名張","三重県名張市希央台３番地１５"
"三重県","ＧｉＧＯ桑名","三重県桑名市大仲新田宮前１５８"
"三重県","ＧｉＧＯ生桑","三重県四日市市生桑町字川原崎２９９−１"
"京都府","あそＶＩＶＡゲームセンター","京都府福知山市字堀小字下高田２１４６−１"
"京都府","サープラ京都あそびタウン","京都府京都市中京区西ノ京栂尾町１０７"
"京都府","パルケ上賀茂店","京都府京都市北区上賀茂西河原１−１"
"京都府","プレイランドキング円町店","京都府京都市中京区西ノ京西円町40"
"京都府","ラウンドワン京都伏見店","京都府京都市伏見区下鳥羽平塚町１３１"
"京都府","ラウンドワン京都河原町店","京都府京都市中京区河原町通三条下ル山崎町２５０"
"京都府","ＧｉＧＯＭＯＭＯテラス京都伏見","京都府京都市伏見区桃山町山ノ下３２京都ＳＣビルＡＭ棟２Ｆ"
"京都府","ｎａｍｃｏらぽーる店","京都府舞鶴市南浜町２７－５ らぽーる３F"
"京都府","ｎａｍｃｏイオンモールＫＹＯＴＯ店","京都府京都市南区西九条鳥居口町1ｲｵﾝﾓｰﾙKYOTO SAKURA館4階"
"佐賀県","ラウンドワン佐賀店","佐賀県佐賀市兵庫北４−２−１"
"佐賀県","ＦＡＳボウリングセンター","佐賀県唐津市栄町２５８１−１ＦＡＳボウリングセンター"
"佐賀県","ＧｉＧＯ武雄","佐賀県武雄市武雄町富岡１２５１７−１"
"佐賀県","ｎａｍｃｏモラージュ佐賀店","佐賀県佐賀市巨勢町大字牛島７３０モラージュ佐賀南館１Ｆ"
"兵庫県","アピナ姫路店","兵庫県姫路市東郷町１４５４−３姫路リオス２階"
"兵庫県","アミパラ垂水店","兵庫県神戸市垂水区名谷町字室山１４００−１８"
"兵庫県","アミューズスペースミール","兵庫県三田市対中町５−２１"
"兵庫県","ゲームアイビス太子店","兵庫県揖保郡太子町太田2149"
"兵庫県","タイトーＦステーション三宮西館店","兵庫県神戸市中央区三宮町２丁目１１−１センタープラザ西館"
"兵庫県","トップラン","兵庫県神戸市西区岩岡町古郷1474-1"
"兵庫県","プレイステーションネーブル西宮店","兵庫県西宮市両度町6-10"
"兵庫県","ラウンドワン三宮駅前店","兵庫県神戸市中央区小野柄通6-1-17"
"兵庫県","ラウンドワン伊丹店","兵庫県伊丹市昆陽７丁目２９"
"兵庫県","ラウンドワン加古川店","兵庫県加古川市尾上町安田325番6号"
"兵庫県","ラウンドワン姫路飾磨店","兵庫県姫路市飾磨区中島１−２５４"
"兵庫県","ラウンドワンＪＲ尼崎駅前店","兵庫県尼崎市潮江１−４−５プラストいきいき館４階"
"兵庫県","遊スペース アローズ","兵庫県神戸市西区丸塚２丁目９−１８"
"兵庫県","遊スペース マジカル","兵庫県神戸市中央区琴ノ緒町５−２−３"
"兵庫県","遊スペース　スプラ","兵庫県加古川市尾上町安田３５１−１"
"兵庫県","ＡＭスクエアＡＬＧＯ","兵庫県神戸市中央区下山手通1-1-8"
"兵庫県","Ｇ−ｐａｌａ花北店","兵庫県姫路市増位新町１−６　２Ｆ"
"兵庫県","ＧｉＧＯつかしん","兵庫県尼崎市塚口本町４−８−１つかしん内"
"兵庫県","ＧｉＧＯコロワ甲子園","兵庫県西宮市甲子園高潮町３−３Ｃｒｏｗａ甲子園３Ｆ"
"兵庫県","ＧｉＧＯフェニックスプラザ摩耶","兵庫県神戸市灘区味泥町６−１フェニックスプラザ１Ｆ"
"兵庫県","ＧｉＧＯ姫路駅前","兵庫県姫路市駅前町２５４姫路ＯＳビルＢ１Ｆ"
"兵庫県","ＧｉＧＯ明石","兵庫県明石市魚住町清水２４６４−１"
"兵庫県","ｎａｍｃｏ豊岡店","兵庫県豊岡市中陰字大工６１７３階"
"北海道","キャッツアイ宮の沢店","北海道札幌市手稲区西宮の沢５条２丁目１１−１５"
"北海道","キャッツアイ新川店","北海道札幌市北区新川二条７丁目１ー７"
"北海道","キャッツアイ新札幌店","北海道札幌市厚別区厚別東五条１ー２−１０"
"北海道","キャッツアイ東苗穂店","北海道札幌市東区東苗穂６条２丁目１−２５"
"北海道","キャッツアイ清田店","北海道札幌市清田区清田１条１−２０−１"
"北海道","タイトーステーション札幌狸小路２丁目店","北海道札幌市中央区南３条西２丁目−１４"
"北海道","ディノスパーク北見店","北海道北見市西三輪5丁目1番地16号"
"北海道","ディノスパーク帯広","北海道帯広市白樺16条西2丁目 ﾄﾞﾘｰﾑﾀｳﾝ白樺 1階"
"北海道","ディノスパーク札幌手稲","北海道札幌市手稲区前田1条11丁目 西友手稲店 3階"
"北海道","ディノスパーク苫小牧","北海道苫小牧市柳町3丁目1番20号 ｲｵﾝﾓｰﾙ苫小牧 2階"
"北海道","マキシム・ヒーロー","北海道札幌市北区北六条西6丁目1-1 WEST6"
"北海道","ラウンドワン函館店","北海道函館市西桔梗町８４８−１１"
"北海道","ラウンドワン旭川店","北海道旭川市永山三条１−４−７"
"北海道","ラウンドワン札幌すすきの店","北海道札幌市中央区南五条西3-6-1"
"北海道","ラウンドワン札幌北２１条店","北海道札幌市東区北二十一条東１−１−２１"
"北海道","ラウンドワン札幌白石本通店","北海道札幌市白石区本通１６丁目北１−５０"
"北海道","ＢＩＧＢＡＮＧ函館","北海道函館市梁川町９−３テキサスビル３Ｆ"
"北海道","ＢＩＧＢＡＮＧ北見店","北海道北見市中央三輪7丁目４４６−１"
"北海道","ＢＩＧＢＡＮＧ室蘭","北海道室蘭市中島本町２−８−１"
"北海道","ＢＩＧＢＡＮＧ釧路","北海道釧路郡釧路町木場２－１－１"
"千葉県","アミューズメントエース津田沼","千葉県船橋市前原西２−１５−１ファシービル"
"千葉県","アミューズメントパレスワンダーヴュー成田","千葉県成田市飯仲11-18"
"千葉県","イスカンダル木更津店","千葉県木更津市潮見４−１−２"
"千葉県","ウェアハウス南流山店","千葉県流山市南流山４−１６−６"
"千葉県","ゲームプラザセントラル浦安店","千葉県浦安市北栄1-16-15"
"千葉県","シルクハット津田沼","千葉県習志野市津田沼１−２−１十三ビル地下１階"
"千葉県","スタジオプリモ本八幡店","千葉県市川市八幡２−１５−１０パティオ５階"
"千葉県","スポーツウェーブ鉄腕24","千葉県千葉市中央区浜野町1025-59"
"千葉県","スポーツウェーブ鉄腕24稲毛長沼店","千葉県千葉市稲毛区長沼原町697番地"
"千葉県","タイトーFステーション柏中央","千葉県柏市十余二２４９−５"
"千葉県","タイトーステーション 船橋店","千葉県船橋市本町１−６−１"
"千葉県","タイトーＦステーション市川妙典店","千葉県市川市妙典4-1-1　イオン市川妙典店2番街2F"
"千葉県","チャリオット五井店","千葉県市原市五井中央西２−１−２"
"千葉県","チャリオット辰巳店","千葉県市原市市原500-1"
"千葉県","パレパレ稲毛長沼店","千葉県千葉市稲毛区長沼原町731-17フレスポ稲毛Ａ２棟４"
"千葉県","ラウンドワンアリオ柏店","千葉県柏市大島田１丁目６番地１セブンパークアリオ柏　１０７０"
"千葉県","ラウンドワン市原店","千葉県市原市八幡北町３−５−１"
"千葉県","ラウンドワン市川鬼高店","千葉県市川市鬼高４−１−３"
"千葉県","ラウンドワン習志野店","千葉県習志野市芝園１−４−５"
"千葉県","ラッキーバッティングドーム八千代店","千葉県八千代市大和田新田1088"
"千葉県","ラッキー中央店・フェリシダ","千葉県千葉市中央区富士見2-8-1"
"千葉県","ラッキー佐倉店","千葉県佐倉市井野1475"
"千葉県","佐原ミナミボウル","千葉県香取市佐原イ-4200"
"千葉県","千葉レジャーランド成東店","千葉県山武市姫島111-1"
"千葉県","千葉レジャーランド稲毛店","千葉県千葉市稲毛区小仲台2-5-7海宝ビル2F"
"千葉県","千葉レジャーランド野田店","千葉県野田市吉春776-1"
"千葉県","本八幡ゲームUNO","千葉県市川市八幡２丁目１６ー６八幡ハタビルB1F"
"千葉県","柏ガリバー","千葉県柏市柏１−１−１１ファミリかしわ地下"
"千葉県","ＧｉＧＯイオンスタイル新浦安","千葉県浦安市入船１−４−１イオンスタイル新浦安４Ｆ"
"千葉県","ＧｉＧＯフェスティバルウォーク蘇我","千葉県千葉市中央区川崎町５１−１ハーバーシティ蘇我ＦＷ　１Ｆ"
"千葉県","ＧｉＧＯ八柱","千葉県松戸市日暮１−１−１八柱駅第２ビル２Ｆ"
"千葉県","ＧｉＧＯ千葉","千葉県千葉市中央区富士見２−４−１"
"千葉県","ＧｉＧＯ幕張","千葉県千葉市美浜区ひび野１−８メッセ・アミューズ・モール１Ｆ"
"千葉県","ＧｉＧＯ我孫子","千葉県我孫子市柴崎字天王谷４７−１"
"千葉県","ＧｉＧＯ旭","千葉県旭市二字野場３１５０−１"
"千葉県","ＧｉＧＯ稲毛オーツーパーク","千葉県千葉市稲毛区園生町３８０−１"
"千葉県","ｎａｍｃｏ松戸店","千葉県松戸市松戸１２３０−１ピアザ松戸１Ｆ"
"和歌山県","ユーズランド和歌山店","和歌山県和歌山市中字楠谷５７３イオンモール和歌山２Ｆ"
"和歌山県","ラウンドワン和歌山店","和歌山県和歌山市小雑賀７３９−３"
"埼玉県","アピナ上尾店","埼玉県上尾市緑丘３−３−１１−２　Ｐ・Ａ・Ｐ・Ａ上尾ＳＣ別棟"
"埼玉県","アピナ大宮店","埼玉県さいたま市大宮区仲町１−１９"
"埼玉県","アミューズメントフィールドバイヨン","埼玉県ふじみ野市うれし野２−１６−１LCモールうれし野２Ｆ"
"埼玉県","アミューズメントＦＵＮＦＵＮ越谷店","埼玉県越谷市南荻島２７７０−１"
"埼玉県","インターワールド幸手","埼玉県幸手市上高野２１４２‐１"
"埼玉県","ウェアハウス三橋店","埼玉県さいたま市西区三橋６−９５５−１"
"埼玉県","ウェアハウス上尾店","埼玉県上尾市二ツ宮１０４４"
"埼玉県","ウェアハウス草加店別館","埼玉県草加市稲荷２−３６−３３"
"埼玉県","キャロム坂戸店","埼玉県坂戸市関間2-151-1"
"埼玉県","キャロム所沢店","埼玉県所沢市下安松969-1"
"埼玉県","ゲームパニック三郷","埼玉県三郷市ピアラシティ1-1-200"
"埼玉県","シルクハット川口","埼玉県川口市栄町３−１−１６イート川口ビル４Ｆ"
"埼玉県","タイトーステーション 和光店","埼玉県和光市丸山台１−４−５"
"埼玉県","タイトーステーション 大宮店","埼玉県さいたま市大宮区大門町１−１"
"埼玉県","タイトーステーション 所沢店","埼玉県所沢市日吉町３−７"
"埼玉県","タイトーＦステーションクレアモール川越店","埼玉県川越市新富町２−１−１３"
"埼玉県","タイトーＦステーションダイエー大宮店","埼玉県さいたま市大宮区桜木町２丁目３番地"
"埼玉県","ビデオゲームミュージアムロボット深谷店","埼玉県深谷市上柴町西４−１２−１"
"埼玉県","プラサカプコン羽生店","埼玉県羽生市川崎２−２８１−３イオンモール羽生２階"
"埼玉県","ユーズランド春日部店","埼玉県春日部市下柳４２０−１イオンモール春日部２Ｆ"
"埼玉県","ユーズランド越谷店","埼玉県越谷市レイクタウン4-2-2イオンレイクタウンKAZE3F"
"埼玉県","ラウンドワンさいたま・上里店","埼玉県児玉郡上里町大字金久保３９４−１"
"埼玉県","ラウンドワンさいたま・栗橋店","埼玉県久喜市小右衛門１９２−１"
"埼玉県","ラウンドワンさいたま・鴻巣店","埼玉県鴻巣市箕田３１６３−７"
"埼玉県","ラウンドワンららぽーと新三郷店","埼玉県三郷市新三郷ららシティ3-1-1ららぽーと新三郷2F20000番"
"埼玉県","ラウンドワンわらび店","埼玉県蕨市北町５−１−６"
"埼玉県","ラウンドワン上尾店","埼玉県上尾市大字平塚９１７−１"
"埼玉県","ラウンドワン入間店","埼玉県入間市小谷田３−７−２５"
"埼玉県","ラウンドワン大宮店","埼玉県さいたま市大宮区宮町４−９０−７"
"埼玉県","ラウンドワン所沢店","埼玉県所沢市東町５丁目２２　６階"
"埼玉県","ラウンドワン朝霞店","埼玉県朝霞市膝折町２−１６−１０"
"埼玉県","ラウンドワン草加店","埼玉県草加市谷塚上町２０４番１"
"埼玉県","埼玉レジャーランド春日部店","埼玉県春日部市大字増富字谷際163-1"
"埼玉県","ＧｉＧＯイオンモール与野","埼玉県さいたま市中央区本町西５ー２−９イオンモール与野３Ｆ"
"埼玉県","ＧｉＧＯ入間","埼玉県入間市東藤沢２−１８"
"埼玉県","ＧｉＧＯ南越谷ラクーン","埼玉県越谷市南越谷１丁目１５番１号南越谷ラクーン２Ｆ"
"埼玉県","ＧｉＧＯ川口","埼玉県川口市東領家２−２−１０"
"埼玉県","ＧｉＧＯ所沢","埼玉県所沢市日吉町８−１"
"埼玉県","ＧｉＧＯ籠原","埼玉県熊谷市美土里町１－１６９"
"埼玉県","ＧｉＧＯ花園","埼玉県深谷市荒川３５９"
"埼玉県","ｎａｍｃｏ熊谷店","埼玉県熊谷市銀座2-97CARPA1階"
"大分県","ゲームラボ　サイドセブン","大分県大分市上宗方南１丁目６４９−１"
"大分県","トライセン中津店","大分県中津市下池永６７−３"
"大分県","トライセン萩原","大分県大分市萩原４−２２７−７"
"大分県","ラウンドワン大分店","大分県大分市萩原２−１３−１７"
"大分県","Ｇ−ｐａｌａ日田","大分県日田市友田997-1"
"大分県","ＧｉＧＯ中津","大分県中津市沖代町１−２−１６"
"大分県","ＧｉＧＯ別府","大分県別府市餅ヶ浜町１６１−２"
"大分県","ＧｉＧＯ高城","大分県大分市牧１−１６１−８"
"大阪府","あそＶＩＶＡ阪急茨木店","大阪府茨木市永代町６−２スポーツプラザ茨木２Ｆ"
"大阪府","アテナ日本橋","大阪府大阪市浪速区難波中２−１−２２"
"大阪府","アミパラ大東店","大阪府大東市南新田２丁目３番５号"
"大阪府","ゲームディーノ阪急茨木店","大阪府茨木市永代町５ ソシオビルＢ１"
"大阪府","ゲームパニック堺","大阪府堺市堺区築港八幡町1番地堺浜ｼｰｻｲﾄﾞｽﾃｰｼﾞ内堺浜ｴﾝﾀﾒ館"
"大阪府","ゲームフェイス八尾店","大阪府八尾市天王寺屋2-68"
"大阪府","ゲームポイントシャトーＥＸ","大阪府大阪市都島区東野田町３−９−３"
"大阪府","コスミックプラザABC","大阪府寝屋川市早子町18-14"
"大阪府","スポーツセンター　２１世紀","大阪府堺市南区岩室108-1"
"大阪府","タイトーステーション大阪日本橋店","大阪府大阪市浪速区日本橋４−９−１４"
"大阪府","トップラン東大阪店","大阪府東大阪市東鴻池町１−６−３０イオンタウン東大阪店２Ｆ"
"大阪府","フタバボウル泉大津店","大阪府泉大津市松之浜町１−２−５３"
"大阪府","モンキートリック","大阪府寝屋川市香里南之町32-5　YNレジデンス香里2F"
"大阪府","ラウンドワンららぽーと和泉店","大阪府和泉市あゆみ野４−４−７　４階　４２１００番"
"大阪府","ラウンドワン千日前店","大阪府大阪市中央区難波１−３−１"
"大阪府","ラウンドワン城東放出店","大阪府大阪市城東区今福南3-4-38"
"大阪府","ラウンドワン堺中央環状店","大阪府堺市東区石原町２−２４１"
"大阪府","ラウンドワン堺駅前店","大阪府堺市堺区戎島町4-44-3"
"大阪府","ラウンドワン守口店","大阪府守口市佐太東町２−６−１４ジャガーグリーン２Ｆ"
"大阪府","ラウンドワン岸和田店","大阪府岸和田市八阪町２−１１−１"
"大阪府","ラウンドワン東大阪店","大阪府東大阪市若江南町１−２−１２"
"大阪府","ラウンドワン東淀川店","大阪府大阪市東淀川区菅原７－１４－２９"
"大阪府","ラウンドワン枚方店","大阪府枚方市高野道１−２０−２０"
"大阪府","ラウンドワン梅田店","大阪府大阪市北区小松原町４−１６"
"大阪府","ラウンドワン豊中店","大阪府豊中市名神口１−１−１"
"大阪府","ラウンドワン高槻店","大阪府高槻市辻子３−６−４"
"大阪府","天王寺パスカ","大阪府大阪市阿倍野区阿倍野筋2-4-51"
"大阪府","関大前フタバボウル","大阪府吹田市千里山東１−７−１８"
"大阪府","Ｇ−ｐａｌａあべの","大阪府大阪市阿倍野区阿倍野筋３−１０−１あべのベルタ２Ｆ"
"大阪府","ＧｉＧＯあべのアポロ３階","大阪府大阪市阿倍野区阿倍野筋１−５−３１アポロビル３Ｆ"
"大阪府","ＧｉＧＯフレスポ東大阪","大阪府東大阪市稲田新町３−９−６４"
"大阪府","ＧｉＧＯ今福","大阪府大阪市城東区今福東１−９−３４"
"大阪府","ＧｉＧＯ和泉","大阪府和泉市肥子町２−４−４１"
"大阪府","ＧｉＧＯ大阪第４ビル","大阪府大阪市北区梅田１−１１−４駅前第４ビルＢ１Ｆ"
"大阪府","ＧｉＧＯ布施","大阪府東大阪市長堂１−１−１ロンモール布施内"
"大阪府","ＧｉＧＯ新三国アルゴ７","大阪府豊中市神州町１−１５"
"大阪府","ＧｉＧＯ東梅田","大阪府大阪市北区堂山町9-28"
"大阪府","ＧｉＧＯ枚方","大阪府枚方市須山町８３−１サンシャインプラザ枚方内"
"大阪府","ＧｉＧＯ難波アビオン","大阪府大阪市浪速区難波中２−３−１５　ＭＭＯビルＢ１Ｆ〜３Ｆ"
"大阪府","ＹＡＺ寝屋川店","大阪府寝屋川市石津中町25-26"
"大阪府","ｎａｍｃｏ大阪日本橋店","大阪府大阪市浪速区難波中2-1-17コスモビル1〜3階"
"大阪府","ｎａｍｃｏ梅田店","大阪府大阪市北区小松原町３−３ＯＳビル２Ｆ"
"奈良県","アミパラ橿原店","奈良県橿原市十市町1222-1ツインゲート橿原１F"
"奈良県","アミューズメントＣＵＥ奈良三条店","奈良県奈良市三条町478-1"
"奈良県","アミューズメントＣＵＥ奈良大和高田店","奈良県大和高田市東中２−１１−１６"
"奈良県","ラウンドワン奈良・ミナーラ店","奈良県奈良市二条大路南１−３−１ミ・ナーラ５階"
"宮城県","ゲームコーナー東部","宮城県仙台市若林区六丁の目中町26-60 斎喜東部ビル2F"
"宮城県","スーパーノバイオン仙台中山","宮城県仙台市泉区南中山１−３５−５７別館３Ｆ"
"宮城県","スーパーノバ仙台一番町","宮城県仙台市青葉区一番町４丁目５番１３号サンシャインビル１階"
"宮城県","スーパーノバ仙台利府","宮城県宮城郡利府町加瀬字新前谷地５５−１"
"宮城県","タイトーステーション仙台名掛丁店","宮城県仙台市青葉区中央１−７−１３"
"宮城県","ラウンドワン仙台苦竹店","宮城県仙台市宮城野区苦竹１−７−１０"
"宮城県","ＧＡＭＥＢＡＮＫ仙台泉店","宮城県仙台市泉区大沢２−５−４"
"宮城県","ＧｉＧＯ仙台","宮城県仙台市青葉区中央２−５−５三経６０ビル"
"宮城県","ＧｉＧＯ仙台コロナワールド","宮城県仙台市宮城野区福室字田中前１番５３−１"
"宮城県","ＧｉＧＯ佐沼","宮城県登米市迫町佐沼字中江２−５−８"
"宮城県","ＧｉＧＯ名取","宮城県名取市飯野坂字土城堀５７−１"
"宮城県","ＧｉＧＯ石巻","宮城県石巻市大街道東４−１−４５"
"宮城県","ＳＯＹＵ　ＧＡＭＥ　ＦＩＥＬＤ古川店","宮城県大崎市古川沢田字筒場浦１５番地イオンタウン古川内"
"宮崎県","ラウンドワン宮崎店","宮崎県宮崎市中村東３−４−６０"
"宮崎県","ＧｉＧＯ延岡","宮崎県延岡市平原町５−１４９２−８"
"富山県","アピナ富山南店","富山県富山市堀川町３５５−３　マイプラザ内"
"富山県","アピナ富山豊田店","富山県富山市豊田町２丁目１２−６６"
"富山県","ゲームスポット２０７","富山県高岡市鐘紡町１６５５−３"
"富山県","サービスエリアIN高岡","富山県高岡市下石瀬857-1"
"富山県","トヤマレジャーランド呉羽店","富山県富山市高木字貝塚2054"
"富山県","ユーズランド高岡店","富山県高岡市下伏間江３８３イオンモール高岡２Ｆ"
"山口県","THE 3RD PLANET 山口店","山口県山口市湯田温泉6-8-3"
"山口県","アミパラ下関店","山口県下関市長府才川１−４２−４８"
"山口県","アミパラ周南久米店","山口県周南市久米中央五丁目６－１　イオンタウン周南久米内"
"山口県","タイトーＦステーション山口メルクス店","山口県山口市大字黒川82-1"
"山口県","フレスパランドカッタの湯","山口県宇部市海南町1675"
"山口県","ＧｉＧＯイオンタウン小郡","山口県山口市小郡前田町３−６イオンタウン小郡内"
"山形県","アピナ鶴岡店","山形県鶴岡市文下字広野１−１"
"山形県","ゲームゾーントレジャー吉原店","山形県山形市前明石１３５２−５ゲームプラザＢＥ・ＩＮ２内１F"
"山形県","スタジオプリモ山形店","山形県山形市城南町１−１−１　霞城セントラル２Ｆ"
"山形県","スーパーノバ天童","山形県天童市南町1-5-26"
"山形県","ＧｉＧＯ北山形","山形県山形市北町１−３−２０"
"山形県","ＧｉＧＯ庄内","山形県東田川郡三川町猪字大堰端３２６番地６"
"山形県","ＧｉＧＯ米沢","山形県米沢市大字花沢字タナコ原１７７"
"山梨県","ゲームパニック甲府","山梨県甲府市国母5-20-24"
"山梨県","プラサカプコン甲府店","山梨県中巨摩郡昭和町西条字北河原３７１７"
"山梨県","ラウンドワン山梨・石和店","山梨県笛吹市石和町広瀬７３７−１"
"岐阜県","アッシュ美濃加茂店","岐阜県美濃加茂市山手町2-56-1メトロスクエア２Ｆ"
"岐阜県","アミューズメントスペースコミ丸アリババ大垣店","岐阜県大垣市池尻町940-1"
"岐阜県","オリエンタルバッティング可児店","岐阜県可児市今渡６９５−１"
"岐阜県","ゲームピコ鵜沼店","岐阜県各務原市鵜沼西町３丁目３０９　イオンタウン各務原鵜沼内"
"岐阜県","ラウンドワンモレラ岐阜店","岐阜県本巣市三橋１１００"
"岐阜県","大垣メトロポリス","岐阜県大垣市三塚町西沼５２３−１"
"岐阜県","岐阜レジャーランド穂積店","岐阜県瑞穂市稲里630番地"
"岐阜県","Ａ．Ｃ．グランド","岐阜県岐阜市茜部大川1-77"
"岐阜県","ＧｉＧＯマーゴ関","岐阜県関市倉知５１６"
"岐阜県","ＧｉＧＯ高山","岐阜県高山市上岡本町7-7"
"岡山県","アミパラテクノランド店","岡山県岡山市北区大和町１−７−１２"
"岡山県","アミパラ岡山店","岡山県岡山市北区青江１丁目１３−８"
"岡山県","ファンタジスタ","岡山県倉敷市新倉敷駅前５−１９４"
"岡山県","ラウンドワン岡山妹尾店","岡山県岡山市南区妹尾３４１３−１"
"岡山県","ＧｉＧＯ倉敷","岡山県倉敷市西中新田５３５−２"
"岡山県","ＧｉＧＯ岡山藤崎","岡山県岡山市中区藤崎５９９−１２"
"岩手県","テクノワールド","岩手県奥州市江刺区愛宕字梁川127-1"
"岩手県","ラウンドワン盛岡店","岩手県盛岡市盛岡駅西通２−１０−３５"
"岩手県","ＢＩＮＧＯ一関","岩手県一関市山目字中野９２−１"
"岩手県","Ｇ３ポロスイオンタウン北上店","岩手県北上市里分四地割２０番地１"
"岩手県","ＧｉＧＯ水沢","岩手県奥州市水沢区佐倉河字鎧田４−１"
"島根県","オートパーラーやすぎ","島根県安来市西荒島町３３番地"
"島根県","ジーパラ出雲","島根県出雲市渡橋町７８４−１"
"島根県","ＧｉＧＯ松江","島根県松江市嫁島町１２−１５"
"広島県","アミパラここじゃ店","広島県東広島市西条町下見６−１０−１９"
"広島県","アミパラ広島店","広島県広島市西区西観音町3-17"
"広島県","スペースV1廿日市店","広島県廿日市市本町４−２３"
"広島県","タイトーステーション広島本通店","広島県広島市中区本通３−５せらかぐ本通ビル"
"広島県","タイトーステーション広島紙屋町店","広島県広島市中区紙屋町２−２−２１"
"広島県","ラウンドワン広島店","広島県広島市中区立町３−１１"
"広島県","ラウンドワン福山店","広島県福山市明神町１−９−２８"
"広島県","福山メトロポリス","広島県福山市一文字町２４−１"
"広島県","ＧｉＧＯ中筋","広島県広島市安佐南区中筋４−１１−７"
"広島県","ＧｉＧＯ尾道","広島県尾道市新浜１−２−１３"
"広島県","ＧｉＧＯ広","広島県呉市広中町１−９"
"広島県","ＧｉＧＯ広島本通","広島県広島市中区本通９−３０ランドマークビル１Ｆ"
"広島県","ＧｉＧＯ海田","広島県安芸郡海田町南大正町３−３５"
"広島県","ＧｉＧＯ福山","広島県福山市瀬戸町大字山北３００"
"広島県","ｎａｍｃｏイオンモール広島府中","広島県安芸郡府中町大須2-1-1イオンモール広島府中3階"
"広島県","ｎａｍｃｏ広島紙屋町店","広島県広島市中区大手町2-3-3大手町ナルミヤビル"
"徳島県","ラウンドワン徳島・万代店","徳島県徳島市万代町４−１９−１"
"徳島県","ＧｉＧＯスエヒロボウル徳島","徳島県徳島市南末広町４−９５−２"
"愛媛県","アミパラ松山店","愛媛県松山市生石町６５５−１"
"愛媛県","アミューズメントパークＭＧキスケ","愛媛県松山市宮田町４　キスケボックス内１階"
"愛媛県","アミューズメントパークＭＧ伊予三島","愛媛県四国中央市中之庄町７５−１　アイランド三島内"
"愛媛県","アミューズメントパークＭＧ大街道","愛媛県松山市大街道１−４−１７"
"愛媛県","アミューズメントパークＭＧ東予","愛媛県西条市周布７１５−１フジ東予店 別棟"
"愛媛県","アミューズメントパークＭＧ西条","愛媛県西条市新田字北新田２３５フジグラン西条 別棟"
"愛媛県","プレイドーム松山","愛媛県松山市余戸南４丁目９−４０"
"愛媛県","ラウンドワン松山店","愛媛県松山市東長戸１−３−１０"
"愛媛県","ＧｉＧＯ新居浜","愛媛県新居浜市徳常町６−８"
"愛媛県","ＧｉＧＯ松山","愛媛県松山市枝松５−７−３２"
"愛媛県","ｎａｍｃｏフジグラン北宇和島店","愛媛県宇和島市伊吹町甲９１２番地２フジグラン北宇和島店別棟"
"愛知県","M's PARK刈谷店","愛知県刈谷市稲場町３−２０６"
"愛知県","M's PARK豊田店","愛知県豊田市寿町３−２１、２２"
"愛知県","アミューズメントプラザ　マルシン","愛知県刈谷市池田町4-609"
"愛知県","アミューズメントプラザワイド","愛知県東海市名和町二番割上16-2"
"愛知県","ゲーム キングジョイ","愛知県名古屋市中区栄3-3-32"
"愛知県","ゲーム　アルカナ","愛知県稲沢市朝府町２−３３"
"愛知県","ゲームランド岡崎店","愛知県岡崎市戸崎町字外山３８−５イオンモール岡崎　シネコン棟"
"愛知県","コムテックスクウェア","愛知県名古屋市中区金山1-16-8"
"愛知県","コムテックタワー","愛知県名古屋市中村区名駅４−１０−２０"
"愛知県","タイトーステーションフェドラ大須店","愛知県名古屋市中区大須３−３０−３１"
"愛知県","ファンタジープラザ名古屋","愛知県名古屋市北区玄馬町２３４−１ﾄﾞﾝｷﾎｰﾃ名古屋本店２階"
"愛知県","ポート２４幸田店","愛知県額田郡幸田町相見沖原1-3"
"愛知県","ユーズランド東浦店","愛知県知多郡東浦町緒川旭１３−２イオンモール東浦２Ｆ"
"愛知県","ラウンドワン中川１号線店","愛知県名古屋市中川区法蔵町２−２３"
"愛知県","ラウンドワン千種店","愛知県名古屋市千種区新栄3-20-17タイホウ千種駅前南ビル8階"
"愛知県","ラウンドワン半田店","愛知県半田市瑞穂町６−７−８"
"愛知県","ラウンドワン名古屋西春店","愛知県北名古屋市宇福寺神明１５"
"愛知県","ラウンドワン豊橋店","愛知県豊橋市大岩町字岩田２７−２"
"愛知県","ラウンドワン鳴海店","愛知県名古屋市緑区鳴海町杜若２８"
"愛知県","中川メトロポリス","愛知県名古屋市中川区江松3丁目110番地"
"愛知県","半田メトロポリス","愛知県半田市旭町３−１１−１"
"愛知県","名古屋レジャーランド内田橋店","愛知県名古屋市南区内田橋2-26-22"
"愛知県","名古屋レジャーランド大高店","愛知県名古屋市緑区忠治山201番地"
"愛知県","安城メトロポリス","愛知県安城市浜富町６−８"
"愛知県","小牧メトロポリス","愛知県小牧市村中新町33"
"愛知県","豊川メトロポリス","愛知県豊川市下長山町上アライ１４−１"
"愛知県","ＡＤＸマミー岡崎店","愛知県岡崎市井田新町６−１"
"愛知県","ＡＤＸマミー春日井Ｒ１５５出川店","愛知県春日井市不二ヶ丘１丁目５番地"
"愛知県","ＧｉＧＯイオンタウン刈谷","愛知県刈谷市東境町京和１"
"愛知県","ＧｉＧＯイオンタウン名西","愛知県名古屋市西区香呑町６−４９−１イオンタウン名西２Ｆ"
"愛知県","ＧｉＧＯマーケットスクエアささしま","愛知県名古屋市中村区平池町４丁目６０番地１４号"
"愛知県","ＧｉＧＯ安城","愛知県安城市百石町２−３５−１３"
"愛知県","ＧｉＧＯ尾西","愛知県一宮市篭屋３−９−７アソビックスびさい１Ｆ"
"愛知県","ＧｉＧＯ岡崎","愛知県岡崎市上地３−５０−４"
"愛知県","ＧｉＧＯ春日井","愛知県春日井市岩野町４１８０"
"愛知県","ＧｉＧＯ東名ボール","愛知県瀬戸市西原町２−１１４"
"愛知県","ＧｉＧＯ豊橋飯村","愛知県豊橋市飯村町字西山２５−１２１"
"愛知県","ＧｉＧＯ豊田","愛知県豊田市深田町１−６５−１"
"愛知県","ＧｉＧＯ金山","愛知県名古屋市熱田区金山１−１９ー２"
"愛知県","Ｌａ・Ｆｉｅｓｔａ","愛知県豊橋市広小路１−６−２フェイス豊橋ビルＢ１"
"愛知県","ＶＡＭＰ中川店","愛知県名古屋市中川区新家１−２００７"
"新潟県","アピナ長岡店","新潟県長岡市堺東町２２"
"新潟県","アミューズメントスポットパルム","新潟県魚沼市井口新田250-1"
"新潟県","カプコサーカス新潟東店","新潟県新潟市東区大形本町３−１−２　ジャスコシティ新潟東"
"新潟県","タイトーＦステーション上越店","新潟県上越市富岡3524 J-MAXシアター内1F"
"新潟県","メジャーロード24","新潟県見附市今町4-20-568-1"
"新潟県","ラウンドワン新潟店","新潟県新潟市中央区美咲町２−１−３８"
"新潟県","上越レジャーランボウル","新潟県上越市下門前薬島827-2"
"新潟県","ｎａｍｃｏ新潟店","新潟県新潟市中央区南笹口１−１−１　ひもろぎビル２Ｆ"
"東京都","アピナ荻窪店","東京都杉並区上荻１−１３−１０ハクサンビル"
"東京都","アミューズメントスペースASO：VIBA！","東京都渋谷区恵比寿1-10-5三恵エビスビル2F"
"東京都","ウェアハウス一橋学園店","東京都小平市学園東町一丁目４番３９号平山ビル３Ｆ"
"東京都","キャロム青梅店","東京都青梅市千ケ瀬町4-326-1"
"東京都","ゲームサファリ大山","東京都板橋区大山東町60-10やすだ大山駅前店2F"
"東京都","ゲームパニック秋葉原","東京都千代田区外神田1-13-1　Akihabara ex"
"東京都","ゲームプラザセントラル八王子店","東京都八王子市東町12-15第5セントラル"
"東京都","ザ・サードプラネット多摩センター店","東京都多摩市落合１−４１−１マグレブウェスト１階・２階"
"東京都","シルクハット八王子","東京都八王子市旭町２−５　八王子ツインタワービル３階"
"東京都","シルクハット蒲田西口","東京都大田区西蒲田７−２−３第二醍醐ビル地下１階〜２階"
"東京都","タイトーステーション 池袋西口店","東京都豊島区西池袋１−１５−９第一西池ビル"
"東京都","タイトーステーション 町田店","東京都町田市原町田６−２１−２３　松山ビル１階"
"東京都","タイトーステーション上野御徒町店","東京都台東区上野４−６−９湯島商事ビル"
"東京都","タイトーステーション国分寺店","東京都国分寺市本町３−５−１１"
"東京都","タイトーステーション立川北口店","東京都立川市曙町２−４−５クリサス立川２・３Ｆ"
"東京都","タイトーＦステーションオリナス錦糸町店","東京都墨田区太平4-1-2オリナスモール地下1F"
"東京都","タイトーＦステーション吉祥寺ＪＯＹ店","東京都武蔵野市吉祥寺本町１丁目８‐２３　河田ビル"
"東京都","ドットコム葛西","東京都江戸川区中葛西３−３５−５"
"東京都","ドラマ八王子高倉店","東京都八王子市高倉町55-4"
"東京都","ドラマ瑞穂店","東京都西多摩郡瑞穂町武蔵382-1"
"東京都","プラサカプコン吉祥寺店","東京都武蔵野市吉祥寺本町１−１０−１いなりやビル地下１階"
"東京都","ミラクルイン中村橋","東京都練馬区貫井１−１−２ＹＫビル２Ｆ"
"東京都","ユーズランド日の出店","東京都西多摩郡日の出町大字平井237-3イオンモール日の出３Ｆ"
"東京都","ラウンドワンダイバーシティ東京プラザ店","東京都江東区青海1-1-10ダイバーシティ東京プラザ6階61000"
"東京都","ラウンドワン南砂店","東京都江東区南砂６−７−１５トピレックプラザ４Ｆ"
"東京都","ラウンドワン吉祥寺店","東京都武蔵野市吉祥寺本町1-11-22"
"東京都","ラウンドワン府中本町駅前","東京都府中市本町１−１３−３カネタビル"
"東京都","ラウンドワン板橋店","東京都板橋区相生町１６−１３"
"東京都","ラウンドワン武蔵村山店","東京都武蔵村山市伊奈平３−１−１"
"東京都","ラウンドワン池袋店","東京都豊島区東池袋１−１４−１"
"東京都","ラウンドワン町田店","東京都町田市森野１−１３−１４"
"東京都","新宿スポーツランド本館","東京都新宿区新宿3-22-12"
"東京都","東京レジャーランド亀有店","東京都葛飾区亀有3-21-2"
"東京都","東京レジャーランド吉祥寺店","東京都武蔵野市吉祥寺本町1-3-7　YSビル地下１階〜4階"
"東京都","東京レジャーランド秋葉原2号店","東京都千代田区外神田4-3-3ミナミビル6F・7F"
"東京都","東京レジャーランド秋葉原店","東京都千代田区外神田1-9-5"
"東京都","池袋ゲーセンミカドINランブルプラザ","東京都豊島区東池袋１−４２−１９"
"東京都","ＣＬＵＢ　ＥＸＡ","東京都立川市羽衣町２丁目７−３小川ビル１階"
"東京都","ＧｉＧＯ大森","東京都大田区山王２−１−５大森駅ララビル２Ｆ"
"東京都","ＧｉＧＯ府中","東京都府中市西原町１−６−２フレスポ府中１Ｆ・２Ｆ"
"東京都","ＧｉＧＯ新宿西口","東京都新宿区西新宿１−１２−５Ｂ１Ｆ・１Ｆ"
"東京都","ＧｉＧＯ池上","東京都大田区池上６−２−３松山ビル２Ｆ"
"東京都","ＧｉＧＯ渋谷宮益坂","東京都渋谷区渋谷１−１４−１４ＥＳＴ１階・７階"
"東京都","ＧｉＧＯ町田","東京都町田市原町田６−１３ー１７アーバンミサワビルＢ１"
"東京都","ＧｉＧＯ神楽坂","東京都新宿区神楽坂２−１１第２カグラヒルズ１Ｆ"
"東京都","ＧｉＧＯ福生","東京都福生市福生１０７６−１"
"東京都","ＧｉＧＯ秋葉原１号館","東京都千代田区外神田１−１０ー９"
"東京都","ＧｉＧＯ秋葉原３号館１","東京都千代田区外神田１−１１−１１外神田１丁目ビルディング"
"東京都","ＧｉＧＯ立川","東京都立川市柴崎町３−２−１サザンビル１・２Ｆ"
"東京都","ＧｉＧＯ竹の塚","東京都足立区竹の塚６−８−６ピーくんＰｌａｚａ−ｂ"
"東京都","ＧｉＧＯ自由が丘","東京都目黒区自由が丘２ー１０ー９"
"東京都","ＧｉＧＯ船堀","東京都江戸川区船堀１ー６ー１１"
"東京都","ＧｉＧＯ西葛西","東京都江戸川区西葛西５−１−１４第一保志ビル"
"東京都","ＧｉＧＯ赤羽","東京都北区赤羽１−７−９赤羽第一葉山ビルＢ１"
"東京都","ＧｉＧＯ赤羽駅前","東京都北区赤羽１−２−４"
"東京都","Ｈｅｙ","東京都千代田区外神田１−１０−５廣瀬本社ビル１階〜４階"
"東京都","ｎａｍｃｏ巣鴨店","東京都豊島区巣鴨１−１５−１宮田ビルB2F"
"東京都","ｎａｍｃｏ王子サンスクエア店","東京都北区王子１−４−１サンスクエア２階"
"栃木県","INTER PARK+1宇都宮","栃木県宇都宮市インターパーク６−５−１"
"栃木県","アピナ小山店","栃木県小山市駅南町４−２７−１８"
"栃木県","シーサイドリゾートアミューズメントパーク","栃木県宇都宮市睦町７−３"
"栃木県","スタジオプリモ宇都宮店","栃木県宇都宮市曲師町2-8宇都宮フェスタ1F"
"栃木県","タイトーＦステーション小山店","栃木県小山市喜沢1475ハーヴェストウォーク内スポーツシネマ棟"
"栃木県","ドラマ足利店","栃木県足利市朝倉町244-1"
"栃木県","ラウンドワン宇都宮店","栃木県宇都宮市江曽島町２０７２−１"
"栃木県","大田原スポーツランド","栃木県那須塩原市一区町１０４−６０"
"栃木県","ＧｉＧＯ宇都宮","栃木県宇都宮市東宿郷５−１−７"
"栃木県","ＧｉＧＯ小山","栃木県小山市東城南１−１−１８"
"栃木県","ＧｉＧＯ日光","栃木県日光市芹沼１４４８−１"
"栃木県","ＧｉＧＯ西那須野","栃木県那須塩原市南郷屋２−１０６−２７"
"栃木県","ｎａｍｃｏフェドラＰ＆Ｄ佐野店","栃木県佐野市高萩町１３４０"
"栃木県","ｎａｍｃｏ宇都宮店","栃木県宇都宮市簗瀬町１６０６−１　Ｐ＆Ｄビル"
"沖縄県","ラウンドワン沖縄・南風原店","沖縄県島尻郡南風原町字兼城５５２番地"
"沖縄県","ラウンドワン沖縄・宜野湾店","沖縄県宜野湾市真志喜３−２８−８"
"沖縄県","ＧｉＧＯ北谷","沖縄県中頭郡北谷町美浜９−８"
"滋賀県","アミパラ草津店","滋賀県草津市木川町72"
"滋賀県","エースレーン堅田","滋賀県大津市今堅田２−４０−１０"
"滋賀県","エースレーン愛知川","滋賀県愛知郡愛荘町長野２００"
"滋賀県","ゲームディーノ彦根店","滋賀県彦根市西沼波町１６６"
"滋賀県","タイトーＦステーションイオン近江八幡店","滋賀県近江八幡市鷹飼町南３−７　１階"
"滋賀県","ラウンドワン浜大津アーカス店","滋賀県大津市浜町２−１浜大津アーカス内"
"滋賀県","滋賀レジャーランド大津店","滋賀県大津市におの浜３−１−４３　イオンタウンアヤハプラザ内"
"滋賀県","ＧｉＧＯエイスクエア草津","滋賀県草津市西渋川１−２３−２３エイスクエアＳＡＲＡ南館２階"
"滋賀県","ＧｉＧＯ甲西","滋賀県湖南市夏見字二ツ橋３５６−１"
"熊本県","THE 3RD PLANET荒尾店","熊本県荒尾市原万田700-1"
"熊本県","ゴーゴーバンビーノ","熊本県人吉市下林町１２２番１ニシムタ人吉店食鮮館内"
"熊本県","サンゲームス熊本インタープラザ","熊本県熊本市東区御領8-4-82"
"熊本県","スポラ九品寺","熊本県熊本市中央区九品寺5丁目10-15"
"熊本県","スポラ菊陽","熊本県菊池郡菊陽町津久礼駄飼代２６１７−２"
"熊本県","ラウンドワン熊本店","熊本県熊本市西区春日7-25-15"
"石川県","アピナ野々市店","石川県野々市市白山町４−１イオンタウン野々市店内"
"石川県","ゲームセンターベティ","石川県七尾市舟尾町ウ-38"
"石川県","タイトーステーション 金沢店","石川県金沢市片町２−１−７宇都宮片町ビル"
"石川県","バイパスレジャーランド加賀店","石川県加賀市箱宮町ヲ1-1"
"石川県","バイパスレジャーランド藤江新館","石川県金沢市藤江南2-105"
"石川県","バイパスレジャーランド藤江本館","石川県金沢市藤江南2-41"
"石川県","ラウンドワン金沢店","石川県金沢市横川6-120-1"
"石川県","金沢メトロポリス","石川県金沢市無量寺４−１２１−１"
"石川県","ＧｉＧＯイオンタウン金沢示野","石川県金沢市戸板西２−１"
"神奈川県","アピナ橋本店","神奈川県相模原市緑区西橋本５−１−１ラ・フロール駐車場棟１階"
"神奈川県","イミグランデ大和店","神奈川県大和市鶴間2-12-27"
"神奈川県","イミグランデ日吉店","神奈川県横浜市港北区日吉２−２−４"
"神奈川県","イミグランデ本厚木店","神奈川県厚木市中町３−２−１"
"神奈川県","イミグランデ溝口店","神奈川県川崎市高津区溝口１−１４−７　第二カスタムビル"
"神奈川県","ゲームインファンファン藤沢店","神奈川県藤沢市鵠沼石上１−３−８"
"神奈川県","シルクハット伊勢佐木町","神奈川県横浜市中区伊勢佐木町３—９６日活会館３階"
"神奈川県","シルクハット大船","神奈川県鎌倉市大船１−２４　大船駅前ビル１〜３Ｆ"
"神奈川県","シルクハット川崎ダイス","神奈川県川崎市川崎区駅前本町８番地ダイスビル地下２階"
"神奈川県","シルクハット川崎モアーズ","神奈川県川崎市川崎区駅前本町７番地　岡田屋モアーズ１・２階"
"神奈川県","シルクハット本厚木","神奈川県厚木市中町３−４−２２第二会田ビル２階"
"神奈川県","シルクハット横須賀中央","神奈川県横須賀市若松町１−５プライムビル２階"
"神奈川県","タイトーFステーション向ヶ丘遊園店","神奈川県川崎市多摩区登戸2718-1"
"神奈川県","タイトーステーション 小田原店","神奈川県小田原市栄町１−３−１２"
"神奈川県","タイトーステーション戸塚西口店","神奈川県横浜市戸塚区戸塚町４０２３"
"神奈川県","タイトーステーション横浜西口五番街店","神奈川県横浜市西区南幸１−１２ー９"
"神奈川県","タイトー小田原シティーモール店","神奈川県小田原市前川１２０　フレスポ小田原シティーモール２Ｆ"
"神奈川県","ドラマ港北インター店","神奈川県横浜市都筑区東方町321-6"
"神奈川県","ドラマ藤沢店","神奈川県藤沢市本藤沢5-6-8"
"神奈川県","プラサカプコン横須賀店","神奈川県横須賀市若松町2-30モアーズシティ4F"
"神奈川県","ムトス相模原店","神奈川県相模原市中央区中央２−１−５"
"神奈川県","ラウンドワンららぽーと湘南平塚店","神奈川県平塚市天沼１０−１３階 ３３２８０番"
"神奈川県","ラウンドワン川崎大師店","神奈川県川崎市川崎区殿町１−５−１"
"神奈川県","ラウンドワン横浜綱島店","神奈川県横浜市港北区樽町２−６−４０Ｔ-PLATZ内"
"神奈川県","ラウンドワン横浜駅西口店","神奈川県横浜市西区南幸２−８−１６"
"神奈川県","ラウンドワン高津店","神奈川県川崎市高津区二子４−８−１"
"神奈川県","小田原メトロポリス","神奈川県小田原市前川字相坪219-4"
"神奈川県","神奈川レジャーランド厚木店","神奈川県厚木市戸室5-31-1"
"神奈川県","ＧｉＧＯセンター南","神奈川県横浜市都筑区茅ヶ崎中央３−２５"
"神奈川県","ＧｉＧＯ新杉田","神奈川県横浜市磯子区杉田１−１−１らびすた新杉田２Ｆ"
"神奈川県","ＧｉＧＯ本厚木","神奈川県厚木市中町４−１５−９"
"神奈川県","ＧｉＧＯ海老名","神奈川県海老名市中央一丁目４番３１号海老名プラザビル１階"
"神奈川県","ＧｉＧＯ相模大野","神奈川県相模原市南区相模大野３−１３−２東和ビル２Ｆ・３Ｆ"
"神奈川県","ＧｉＧＯ綱島","神奈川県横浜市港北区綱島西２−６−２９"
"福井県","フクイレジャーランドワイプラザ店","福井県福井市新保北1-303　ヤスサキワイプラザＢ棟2Ｆ"
"福井県","福井レジャーランド板垣店","福井県福井市下馬３ー１０１"
"福井県","ＧｉＧＯ武生","福井県越前市新町３−１３−４"
"福井県","ＧｉＧＯ福井","福井県福井市丸山１−４１０"
"福岡県","アソビクル新宮店","福岡県糟屋郡新宮町三代９９９番地１"
"福岡県","サンゲームス新宮店","福岡県糟屋郡新宮町美咲3-1-40新宮ドーム1F"
"福岡県","タイトーステーション福岡天神店","福岡県福岡市中央区天神２−６−３５サザンクロスビル"
"福岡県","ハイパーメッセ","福岡県北九州市小倉南区北方4-6-7"
"福岡県","ペップ魚町","福岡県北九州市小倉北区魚町２−４−２０"
"福岡県","ラウンドワン博多半道橋店","福岡県福岡市博多区半道橋２−２−８"
"福岡県","ラウンドワン大野城店","福岡県大野城市御笠川１−１８−１６"
"福岡県","ラウンドワン小倉店","福岡県北九州市小倉北区西港町15-65"
"福岡県","ラウンドワン福岡天神店","福岡県福岡市中央区天神２−６−１２"
"福岡県","小倉メトロポリス","福岡県北九州市小倉北区西港町２７−５"
"福岡県","遊道楽新合川店","福岡県久留米市新合川1丁目6-7"
"福岡県","Ｇ−ＳＴＡＧＥ小倉","福岡県北九州市小倉北区浅野2-14-5あるあるCITY2階"
"福岡県","Ｇ−ｐａｌａ小倉","福岡県北九州市小倉南区上葛原1−14−1"
"福岡県","ＧｉＧＯ中間","福岡県中間市上蓮花寺３−１−１"
"福岡県","ＧｉＧＯ福岡天神","福岡県福岡市中央区天神２−７−６ＤＡＤＡビル"
"福岡県","ｎａｍｃｏ博多バスターミナル店","福岡県福岡市博多区博多駅中央街２−１博多バスターミナル７階"
"福島県","スーパーノバ会津インター","福島県会津若松市町北町上荒久田字宮下１４２"
"福島県","スーパーノバ福島","福島県福島市黒岩字中島7-2"
"福島県","タイトーＦ郡山オリエントパーク店","福島県郡山市安積町荒井字大久保３５−１"
"福島県","ラウンドワン福島店","福島県福島市太田町14-18"
"福島県","ラウンドワン郡山店","福島県郡山市向河原町４−５５"
"福島県","嶺宝スポーツセンター","福島県いわき市小名浜住吉折返２−２"
"福島県","ＧｉＧＯ勿来","福島県いわき市勿来町四沢字鍵田１３"
"福島県","ＧｉＧＯ小名浜","福島県いわき市小名浜林城字塚前１８−１"
"福島県","ＧｉＧＯ日和田","福島県郡山市日和田町字西中島７−１"
"福島県","ＧｉＧＯ白河","福島県白河市新高山１−１　メガステージ白河内"
"福島県","ＧｉＧＯ福島","福島県福島市本内中井１−２"
"福島県","ＳＯＹＵ　Ｅ−ＳＴＵＤＩＯ須賀川店","福島県須賀川市古河１０５イオンタウン須賀川Ｂ棟内"
"福島県","ｎａｍｃｏイオンタウン郡山店","福島県郡山市松木町２−８８イオンタウン郡山内"
"秋田県","ゲームフィールド十文字店","秋田県横手市十文字町仁井田字東22-1スーパーモールラッキー内"
"秋田県","ラウンドワン秋田店","秋田県秋田市卸町１−１−２"
"秋田県","ＧｉＧＯ秋田","秋田県秋田市茨島１−１−１６"
"秋田県","ＳＯＹＵＧａｍｅＦｉｅｌｄ大館店","秋田県大館市御成町三丁目７番５８号いとく大館ＳＣ３階"
"秋田県","ＳＯＹＵＧａｍｅＦｉｅｌｄ御所野店","秋田県秋田市御所野地蔵田1-1-1イオンモール秋田2F"
"群馬県","THE 3RD PLANET 高崎店","群馬県高崎市下和田町5-3-8 メディアメガ高崎内"
"群馬県","インターワールド伊勢崎店","群馬県伊勢崎市宮子町3425-4"
"群馬県","マトリクス前橋","群馬県前橋市小相木町５５８−１"
"群馬県","ユーズランド太田店","群馬県太田市石原町８１番地イオンモール太田２Ｆ"
"群馬県","ユーズランド高崎店","群馬県高崎市棟高町１４００番地イオンモール高崎２Ｆ"
"群馬県","ラウンドワン前橋店","群馬県前橋市天川大島町１１０１−１"
"群馬県","群馬レジャーランド伊勢崎店","群馬県伊勢崎市連取町3066-1"
"群馬県","群馬レジャーランド太田店","群馬県太田市西矢島町162-2"
"群馬県","群馬レジャーランド渋川店","群馬県渋川市八木原1364"
"群馬県","群馬レジャーランド藤岡店","群馬県藤岡市中2002-1"
"群馬県","群馬レジャーランド高崎駅東口店","群馬県高崎市江木町３３３−１高崎ＥＸビル"
"群馬県","ＧｉＧＯスマーク伊勢崎","群馬県伊勢崎市小保方町３６８番地スマーク伊勢崎３Ｆ北−３０２"
"群馬県","ＧｉＧＯ太田","群馬県太田市西矢島町５７５−１"
"群馬県","ＧｉＧＯ沼田","群馬県沼田市下久屋町１１００−１"
"群馬県","ＧｉＧＯ館林","群馬県館林市小桑原町９４９−１"
"茨城県","あそびのひろば　鹿嶋店","茨城県鹿嶋市宮中２９０−１ショッピングセンターチェリオ１階"
"茨城県","アミューズビバ","茨城県ひたちなか市東大島２−１１−１１"
"茨城県","ゲームパニックつくば","茨城県土浦市中村東1-1-1サンタスワールド内"
"茨城県","ゲームメガつくば店","茨城県つくば市小野崎１７７−２"
"茨城県","ゲームメガみらい平店","茨城県つくばみらい市陽光台１−１４−１"
"茨城県","スタジオプリモ水戸店","茨城県水戸市宮町１−２−４マイム１F"
"茨城県","ピンクパンサー下妻店","茨城県下妻市小島884-10"
"茨城県","ピンクパンサー土浦店","茨城県土浦市木田余４５８５−３"
"茨城県","ピンクパンサー日立店","茨城県日立市東多賀町5-10-10"
"茨城県","フリスポ","茨城県筑西市神分472"
"茨城県","ユーズランド水戸内原店","茨城県水戸市内原２−１イオンモール水戸内原２Ｆ"
"茨城県","ＡＭジャムジャムつくば店","茨城県つくば市竹園１—９−２デイズタウンつくば地下１Ｆ"
"茨城県","ＡＭジャムジャム神栖店","茨城県神栖市神栖１ー８−１"
"茨城県","ＧＡＭＥ ＰＡＤＤＯＣＫ＋１","茨城県古河市小堤１９１６−１"
"茨城県","ＧｉＧＯ日立","茨城県日立市田尻町３−２６−１"
"茨城県","ＧｉＧＯ水戸","茨城県水戸市宮町１−７−４４コムボックス３１０"
"茨城県","ＧｉＧＯ水戸南","茨城県水戸市千波町２０１７−１"
"茨城県","ＧｉＧＯ石岡","茨城県石岡市東大橋中峯１９７６−１"
"茨城県","ＧｉＧＯ霞ヶ浦","茨城県稲敷市西代１４７３−１"
"茨城県","ＧｉＧＯ龍ケ崎","茨城県龍ケ崎市藤ケ丘４−２−８"
"長崎県","G-stage浜町","長崎県長崎市浜町2-26"
"長崎県","アミパラ佐世保店","長崎県佐世保市大塔町１８−１５"
"長崎県","Ｇ−ｐａｌａ時津","長崎県西彼杵郡時津町野田郷５９号"
"長崎県","ＧｉＧＯ諫早","長崎県諫早市小川町９０−１"
"長野県","THE 3RD PLANET 長野大通り店","長野県長野市大字鶴賀権堂町１５０６−３長電権堂第２ビル１Ｆ"
"長野県","アピナ伊那店","長野県伊那市大字西町５０９３"
"長野県","アピナ佐久インター店","長野県佐久市岩村田北１−１３−１"
"長野県","アピナ松本店","長野県松本市双葉１９−１０"
"長野県","アピナ長野村山店","長野県長野市村山５０２−１"
"長野県","アピナ飯田店","長野県飯田市座光寺３７２８−１"
"長野県","ラウンドワン長野店","長野県長野市大字東和田８２７番地６"
"長野県","ＧｉＧＯ上田","長野県上田市大字上田１８４７−１"
"長野県","ＧｉＧＯ岡谷","長野県岡谷市塚間町２−１−２１"
"長野県","ＧｉＧＯ松本","長野県松本市渚１−７−１なぎさライフサイト内"
"長野県","ＧｉＧＯ豊科","長野県安曇野市豊科南穂高1115"
"青森県","ソユースペースファンタジーインフィニ","青森県弘前市城東北３−１０−１さくら野百貨店弘前店４Ｆ"
"青森県","ユーズランド下田店","青森県上北郡おいらせ町中野平４０−１イオンモール下田１Ｆ"
"青森県","ラウンドワン青森店","青森県青森市浜田３−１−１"
"青森県","ＧｉＧＯ八戸","青森県八戸市城下４−２５−１４"
"青森県","ＧｉＧＯ弘前","青森県弘前市末広１−３−３"
"静岡県","THE 3RD PLANET BiVi沼津店","静岡県沼津市大手町1-1-5"
"静岡県","THE 3RD PLANET OZ浜松店","静岡県浜松市東区宮竹町322-1"
"静岡県","THE 3RD PLANET 島田店","静岡県島田市中溝町2531"
"静岡県","THE 3RD PLANET 焼津店","静岡県焼津市八楠3-18-5"
"静岡県","アップルグランリバー大井川店","静岡県焼津市下江留１３２７"
"静岡県","アップル新北街道店","静岡県静岡市葵区沓谷5-13-4"
"静岡県","アピナ浜松店","静岡県浜松市中区葵西２−２７−１０"
"静岡県","アピナ焼津店","静岡県焼津市道原５８５"
"静岡県","サープラ富士あそびタウン","静岡県富士市永田町2-94　"
"静岡県","ジョイランドアミューズ諏訪店","静岡県沼津市大諏訪２０−２"
"静岡県","タイトーＦステーション静岡","静岡県静岡市葵区呉服町２−５−４　ふしみや第２ビル"
"静岡県","ポート２４浜松店","静岡県浜松市西区坪井町4183-1"
"静岡県","ラウンドワン富士店","静岡県富士市八代町４−１５"
"静岡県","ラウンドワン浜松店","静岡県浜松市東区天王町諏訪１９８１−１７"
"静岡県","ラウンドワン静岡・駿河店","静岡県静岡市駿河区手越７５"
"静岡県","ＧｉＧＯサントムーン柿田川","静岡県駿東郡清水町玉川６１−２サントムーン柿田川２Ｆ"
"静岡県","ＧｉＧＯ掛川","静岡県掛川市細田２４８"
"静岡県","ＧｉＧＯ袋井","静岡県袋井市川井１１４２−１"
"静岡県","ＧｉＧＯ静岡","静岡県静岡市葵区七間町４番地"
"香川県","アミパラ高松店","香川県高松市伏石町２１６８番２"
"香川県","マックスプラザ善通寺","香川県善通寺市中村町１７９８−２"
"香川県","ラウンドワン高松店","香川県高松市松島町２−７−４３"
"香川県","ＧｉＧＯ丸亀","香川県丸亀市蓬莱町５６−１"
"香川県","ＧｉＧＯ高松","香川県高松市勅使町５３５"
"高知県","アミパラ高知店","高知県南国市篠原１９４−１"
"高知県","ラウンドワン高知店","高知県高知市南宝永町４−１２"
"鳥取県","アミパラがいな店","鳥取県米子市日ノ出町１−８−１３"
"鳥取県","ＧｉＧＯ米子","鳥取県米子市両三柳２７７８−２"
"鳥取県","ＧｉＧＯ鳥取","鳥取県鳥取市安長４１６"
"鹿児島県","ゲームセンター電撃ベイサイド","鹿児島県鹿児島市浜町2-2"
"鹿児島県","サンゲームス天文館店","鹿児島県鹿児島市千日町5-6"
"鹿児島県","タイトーＦステーションニシムタ出水店","鹿児島県出水市六月田町３４７番地"
"鹿児島県","ラウンドワン鹿児島宇宿店","鹿児島県鹿児島市宇宿2-2-2"
