shop,address,count,shopid
ビッグバン函館店,北海道函館市梁川町9-3 パボッツ函館3階,2,shop_id=462
ラウンドワンスタジアム函館,北海道函館市西桔梗町848-11 ,2,shop_id=11669
モーリーファンタジー上磯店,北海道北斗市七重浜4-44-1 イオン上磯1階,2,shop_id=10381
BIG BANG 北見,北海道北見市中央三輪７丁目４４６番地１ ＢＩＧＢＡＮＧ北見,2,shop_id=9204
GiGO北見,北海道北見市西三輪5―1―16 ,2,shop_id=9155
イオン千歳キッズ・パーク,北海道千歳市栄町６－６１ イオン千歳,2,shop_id=5542
タイトーステーション千歳,北海道千歳市北栄2-12-5 ,2,shop_id=9074
BIGBANG室蘭,北海道室蘭市中島本町2-8-1 ,2,shop_id=11623
GiGOドリームタウン白樺,北海道帯広市白樺16条西2丁目 ドリームタウン白樺,4,shop_id=529
GiGO帯広稲田,北海道帯広市稲田町南8線西12-1 帯広スズランボウル,2,shop_id=1273
キャッツアイ恵庭店,北海道恵庭市住吉町2丁目 9番1号,2,shop_id=11125
ソユーゲームフィールド旭川西店,北海道旭川市緑町23-2161-3 イオン旭川西3階,2,shop_id=11277
モーリーファンタジー旭川西店,北海道旭川市緑町２３－２１６１－３ イオン旭川西２階,2,shop_id=2227
ラウンドワンスタジアム旭川,北海道旭川市永山三条1-4-7 ,2,shop_id=11663
遊ランド 春光店,北海道旭川市春光1条7丁目 ,2,shop_id=9416
遊ランド西御料店,北海道旭川市西御料５条２丁目６４－１９ 遊ランド西御料,4,shop_id=6238
GiGOイオン札幌手稲駅前ショッピングセンター,北海道札幌市手稲区前田1条11丁目311-1 イオン札幌手稲駅前店3階,2,shop_id=93
GiGO札幌駅西口,北海道札幌市北区 北6条西6丁目1-1WEST6 ,4,shop_id=8100
アドアーズ札幌北42条店,北海道札幌市東区北42条東7丁目1-1 嶋ビル2階,2,shop_id=9889
キャッツアイミュンヘン大橋店,北海道札幌市豊平区平岸一条23丁目 801-1,2,shop_id=11126
キャッツアイ宮の沢店,北海道札幌市手稲区西宮の沢 5 条 2 丁目 11-15 ,2,shop_id=5939
キャッツアイ新川店,北海道札幌市北区新川二条7丁目1-7 キャッツアイ新川,4,shop_id=3873
キャッツアイ新札幌店,北海道札幌市厚別区厚別東5条1丁目1-10 キャッツアイ新札幌,4,shop_id=16
キャッツアイ東苗穂店,北海道札幌市東区東苗穂6条2丁目1-25 ,4,shop_id=8887
キャッツアイ清田店,北海道札幌市清田区清田一条一丁目２０－１ キャッツアイ清田,2,shop_id=3874
キャッツアイ篠路店,北海道札幌市北区篠路一条4丁目6-30 キャッツアイ篠路,2,shop_id=11131
ゲームランド新さっぽろ店,北海道札幌市厚別区厚別中央2条5-7 カテプリさっぽろ 3F,2,shop_id=9920
ソユーゲームフィールド札幌発寒店,北海道札幌市西区発寒八条12-1-1 イオンモール札幌発寒3F,2,shop_id=3528
タイトーステーション札幌狸小路2丁目店,北海道札幌市中央区南三条西2-14 ,4,shop_id=9688
ラウンドワンスタジアム札幌・白石本通,北海道札幌市白石区本通16-北1-50 ,2,shop_id=11658
ラウンドワンスタジアム札幌北21条,北海道札幌市東区北二十一条東1-1-21 ,4,shop_id=11659
ラウンドワン札幌すすきの,北海道札幌市中央区南五条西3-6-1 ,4,shop_id=11632
東急百貨店さっぽろアミューズパーク,北海道札幌市中央区 北4条西2-1東急百貨店さっぽろ店9階,6,shop_id=12446
PALO江別店,北海道江別市幸町35 イオン江別3階,2,shop_id=10182
PALO滝川店,北海道滝川市東町2-29-1 イオン滝川1階,2,shop_id=10073
遊ランド稚内店,北海道稚内市港5丁目8-15 ,2,shop_id=11811
PALO網走店,北海道網走市駒場北5-83 駒場ショッピングタウン,2,shop_id=10415
GiGOイオンモール苫小牧,北海道苫小牧市柳町3丁目1-20 イオンモール苫小牧2階,2,shop_id=20
キャッツアイ苫小牧駅前店,北海道苫小牧市木場町1丁目3番地2 ,2,shop_id=12200
キャッツアイ静内,北海道日高郡新ひだか町静内木場町2-1-41 ,2,shop_id=10742
モーリーファンタジー中標津店,北海道標津郡中標津町南町3-10 東武サウスヒルズ1階,2,shop_id=9580
PALO釧路店,北海道釧路郡釧路町桂木１－１－７ イオン釧路２階,2,shop_id=9542
ビッグバン釧路店,北海道釧路郡釧路町木場2－1－1 ビッグバン釧路店,4,shop_id=1778
ゲームランドつがる柏店,青森県つがる市柏稲盛幾世41 イオンモールつがる柏ショッピングセンター2F,2,shop_id=11363
PALOむつ店,青森県むつ市中央2-7-8 ,2,shop_id=2790
PALO五所川原店,青森県五所川原市大字唐笠柳字藤巻641番1 アクロスプラザ五所川原,2,shop_id=10074
GiGO八戸,青森県八戸市城下4-25-14 ,4,shop_id=3585
タイトーFステーション八戸店,青森県八戸市三日町27 ,2,shop_id=11813
ファンタジードーム八戸,青森県八戸市江陽２－１４－１ ラピア八戸別棟,4,shop_id=527
GiGO弘前,青森県弘前市末広1-3-3 セガワールドアクティバ,2,shop_id=3936
スペースファンタジー・インフィニ,青森県弘前市城東北3-10-1 さくら野百貨4階,2,shop_id=1063
タイトーステーション青森アムゼ店,青森県青森市緑３－９－２ イオン青森,2,shop_id=3088
ラウンドワンスタジアム青森店,青森県青森市浜田3-1-1 ラウンドワン青森,4,shop_id=6888
ユーズランド下田店,青森県上北郡おいらせ町中野平40-1 イオンモール下田内1F,6,shop_id=3679
PALO久慈店,岩手県久慈市長内町第30地割32-2 久慈ショッピングセンター1階,2,shop_id=9553
アミューズメントゾーン北上店,岩手県北上市本通り２丁目２－１ さくら野百貨北上４階,2,shop_id=5534
チャットタウン北上店,岩手県北上市鬼柳町19-68番地外 江釣子パルショッピングセンター,2,shop_id=5606
GiGO水沢,岩手県奥州市水沢区佐倉河字鐙田4-1 ,2,shop_id=5590
テクノワールド,岩手県奥州市江刺区愛宕字梁川127-1 ,2,shop_id=12530
ゲームランド盛岡店,岩手県盛岡市前潟4-7-1 イオンモール盛岡 2F,2,shop_id=11361
ソユーゲームフィールド盛岡南店,岩手県盛岡市本宮7－1－1 イオンモール盛岡南2F,2,shop_id=7372
タイトーFステーション盛岡南店,岩手県盛岡市津志田町2-1-77 ,3,shop_id=11812
タイトーステーション盛岡マッハランド店,岩手県盛岡市上堂１－２－３８ タイトーステーション盛岡マッハランド,2,shop_id=2906
ラウンドワンスタジアム盛岡,岩手県盛岡市盛岡駅西通2丁目10-35 ,2,shop_id=10744
ソユーファミリーゲームフィールド花巻店,岩手県花巻市高木第１６地割６８－６ 銀河モール花巻,2,shop_id=2375
ゲームランドプレーゴ金ヶ崎店,岩手県胆沢郡金ケ崎町三ケ尻荒巻165 イオンスーパーセンター金ケ崎店,2,shop_id=11367
GAMEBANK仙台泉,宮城県仙台市泉区大沢２－５－４ ＧＡＭＥＢＡＮＫ仙台泉,2,shop_id=6489
GiGOイオン仙台中山,宮城県仙台市泉区南中山1丁目35-57 別館3階 ,2,shop_id=10516
GiGO仙台,宮城県仙台市青葉区中央2-5-5 三経60ビル,2,shop_id=11810
GiGO仙台一番町,宮城県仙台市青葉区一番町4-5-13 サンシャインビル1F ,2,shop_id=11938
THE 3RD PLANET BiVi仙台店,宮城県仙台市宮城野区榴岡2-1-25 ,2,shop_id=6482
ゲームコーナー東部,宮城県仙台市若林区六丁の目中町２６－６０ 斎喜東部ビル２階,4,shop_id=5559
タイトーステーション仙台クリスロード店,宮城県仙台市青葉区中央２－３－２５ ,2,shop_id=6614
タイトーステーション仙台ベガロポリス店,宮城県仙台市太白区西多賀５－２４－１ ベガロポリス,2,shop_id=3092
タイトーステーション仙台名掛丁店,宮城県仙台市青葉区中央１－７－１３ ハピナ名掛丁商街,2,shop_id=8995
モーリーファンタジーヨドバシ仙台店,宮城県仙台市宮城野区榴岡1-3-1 ヨドバシ仙台,2,shop_id=12349
ラウンドワン仙台苦竹,宮城県仙台市宮城野区苦竹1丁目7番10号 ,2,shop_id=10745
GiGO名取,宮城県名取市飯野坂土城堀57-1 ,4,shop_id=1325
SOYU GAME FIELD古川店,宮城県大崎市古川沢田字筒場浦15番地 イオンタウン古川内,4,shop_id=10913
モーリーファンタジー古川店,宮城県大崎市古川旭二丁目2－1 イオン古川店2階,2,shop_id=2173
アピナ富谷店,宮城県富谷市大清水 1丁目33-1イオンモール富谷別棟109シネマズ富谷1階,4,shop_id=12392
GiGO佐沼,宮城県登米市迫町佐沼字中江2-5-8 ,2,shop_id=5920
プラサカプコン イオンタウン佐沼店,宮城県登米市南方町新島前46-1 イオンタウン佐沼1階,2,shop_id=2551
GiGO石巻,宮城県石巻市大街道4丁目1番45号 ,2,shop_id=5923
プラサカプコン石巻店,宮城県石巻市蛇田新金沼１７０ イオン石巻２階,4,shop_id=1930
GiGO利府,宮城県宮城郡利府町加瀬前谷地55-1 利府ベアガーデン,4,shop_id=5575
ユーズランド大河原店,宮城県柴田郡大河原町小島２－１ フォルテ２階,4,shop_id=5667
プラサカプコン大曲店,秋田県大仙市和合坪立１７７ イオン大曲２階,4,shop_id=1943
namcoイオンタウン大館西店,秋田県大館市根下戸新町18-121 イオンタウン大館西内,4,shop_id=1590
G3POROS横手南店,秋田県横手市婦気大堤字中田4-1 イオンスーパーセンター横手南店 2Fゲームコーナー,4,shop_id=9745
ゲームフィールド十文字店,秋田県横手市十文字町仁井田東22-1 スーパーモールラッキー,2,shop_id=401
GiGO秋田,秋田県秋田市茨島1丁目1-16 ,2,shop_id=1193
ソユーゲームフィールド御所野店,秋田県秋田市御所野地蔵田1－1－1 イオンモール秋田2階,2,shop_id=2079
ラウンドワンスタジアム秋田店,秋田県秋田市卸町1-1-2 ,2,shop_id=6115
ソユーゲームフィールド能代店,秋田県能代市鰄渕字古屋布1番 イオンタウン能代内 ,2,shop_id=11560
GiGO天童,山形県天童市南町1―5―26 らら・パーク天童,4,shop_id=239
GiGO北山形,山形県山形市北町1-3-20 ,2,shop_id=5595
パルケデアミーゴ,山形県山形市嶋北1-3-1 ,2,shop_id=10039
GiGO米沢,山形県米沢市大字花沢字タナコ原177 ,2,shop_id=5594
アピナ鶴岡店,山形県鶴岡市文下字広野１－１ アピナ鶴岡,2,shop_id=5793
GiGO庄内,山形県東田川郡三川町猪子大堰端326-6 AGスクエア庄内,2,shop_id=179
SOYU Game Field三川店,山形県東田川郡三川町猪子和田庫１２８－１ イオンモール三川１階,2,shop_id=5927
GiGO勿来,福島県いわき市勿来町四沢鍵田13 ,4,shop_id=3081
モーリーファンタジーいわき店,福島県いわき市平字三倉６８－１ イオンいわき３階,2,shop_id=2135
GiGO会津若松,福島県会津若松市町北町上荒久田宮下142 ,2,shop_id=2713
PALO喜多方店,福島県喜多方市字押切南2丁目42-1 ,2,shop_id=9575
GiGO白河,福島県白河市新高山1-1 メガステージ白河,2,shop_id=7847
GiGO福島,福島県福島市本内中井1-2 ,4,shop_id=3080
GiGO福島南,福島県福島市黒岩中島7-2 ,4,shop_id=88
サープラ福島あそびタウン,福島県福島市栄町1-1 パワーシティピボット,2,shop_id=94
ラウンドワンスタジアム福島,福島県福島市太田町14-18 ,4,shop_id=11672
GiGO日和田,福島県郡山市日和田町字西中島7-1 ,2,shop_id=3582
namcoイオンタウン郡山店,福島県郡山市松木町2-88 イオンタウン郡山,10,shop_id=1601
タイトーFステーション郡山アティ店,福島県郡山市駅前1-16-7 郡山アティ7F,2,shop_id=9620
タイトーFステーション郡山オリエントパーク店,福島県郡山市安積町荒井字大久保35-1 タイトーFステーション郡山オリエントパーク店,4,shop_id=2907
ラウンドワンスタジアム郡山,福島県郡山市向河原町4-55 ,2,shop_id=11640
ソユーエンターテイメントスタジオ須賀川店,福島県須賀川市古河１０５番 イオンタウン須賀川Ｂ棟内,4,shop_id=5601
ゲームメガみらい平店,茨城県つくばみらい市陽光台1-14-1 ゲームメガみらい平店,4,shop_id=2051
GiGOデイズタウンつくば,茨城県つくば市竹園1-9-2 デイズタウンB1F,2,shop_id=3848
ゲームメガつくば店,茨城県つくば市小野崎177-2 ,2,shop_id=11602
GiGOひたちなか,茨城県ひたちなか市田中後40-11 ,2,shop_id=8119
アミューズビバ,茨城県ひたちなか市東大島2-11-11勝田ミナミボウル内 ,2,shop_id=11713
ピンクパンサー下妻,茨城県下妻市小島884-10 ,4,shop_id=11699
モーリーファンタジー下妻店,茨城県下妻市堀籠９７２－１ イオンモール下妻２階,2,shop_id=2229
FESTA古河,茨城県古河市松並2-18-10 マーケットシティ古河,2,shop_id=751
ゲームパドック・プラスワン古河店,茨城県古河市小堤１９１６－１ ゲームパドック・プラスワン古河,4,shop_id=1088
ゲームパニックつくば,茨城県土浦市中村東1-1-1 サンタスワールド内,4,shop_id=425
ピンクパンサー土浦店,茨城県土浦市木田余4585-3 ピンクパンサー土浦店,2,shop_id=10620
ソユートイズニューヨーク守谷,茨城県守谷市百合ケ丘３―２４９―１ イオンタウン守谷２階,2,shop_id=3002
GiGO日立,茨城県日立市田尻町3-26-1 ,2,shop_id=5593
ゲームメガ日立店,茨城県日立市東多賀町5-10-10 ,4,shop_id=1396
GiGO水戸,茨城県水戸市宮町1-7-44 コムボックス310,2,shop_id=11684
GiGO水戸南,茨城県水戸市千波町2017-1 ,2,shop_id=10219
ゲームメガ水戸けやき台店,茨城県水戸市酒門町3276-1 ゲームメガ水戸けやき台店,2,shop_id=1860
ピンクパンサー水戸赤塚店,茨城県水戸市河和田１－１ ピンクパンサー水戸赤塚,2,shop_id=2052
ユーズランド水戸内原店,茨城県水戸市中原町135番地 イオンモール水戸内原2F,6,shop_id=1140
GiGO石岡,茨城県石岡市東大橋中峯1976-1 ,4,shop_id=1448
GiGO神栖,茨城県神栖市神栖1-8-1 ,2,shop_id=7543
GiGO霞ケ浦,茨城県稲敷市西代1473-1 ,2,shop_id=11694
アピナ下館店,茨城県筑西市玉戸１０１２－３ アピナ下館,2,shop_id=985
GiGOショッピングセンターチェリオ鹿嶋,茨城県鹿嶋市宮中290-1 ショッピングセンターチェリオ1階,2,shop_id=11128
GiGO龍ヶ崎,茨城県龍ケ崎市藤ケ丘4-2-8 ,4,shop_id=8271
PALO石橋店,栃木県下野市下古山3362-1 ヨークタウン石橋,2,shop_id=3141
namcoフェドラP&D佐野店,栃木県佐野市高萩町1340番地 ,10,shop_id=9608
GiGO宇都宮,栃木県宇都宮市東宿郷5-1-7 セガワールド宇都宮,4,shop_id=3888
namco宇都宮店,栃木県宇都宮市簗瀬町1606番地1 P&Dビル,8,shop_id=1599
インターパークプラスワン宇都宮店,栃木県宇都宮市インターパーク６丁目５－１ インターパーク宇都宮南,6,shop_id=5545
シーサイドリゾートアミューズメントパーク,栃木県宇都宮市睦町7-3 ,4,shop_id=11733
スタジオプリモ宇都宮店,栃木県宇都宮市曲師町2-8 ,2,shop_id=10051
タイトーFステーショントナリエ宇都宮,栃木県宇都宮市駅前通り1-4-6 トナリエ宇都宮B1,2,shop_id=8891
ラウンドワンスタジアム宇都宮,栃木県宇都宮市江曽島町2072-1 ,2,shop_id=11650
GiGO小山,栃木県小山市東城南1―1―18 ,2,shop_id=6458
アピナ小山店,栃木県小山市駅南町４－２７－１８ アピナ小山,2,shop_id=2405
タイトーFステーション小山店,栃木県小山市喜沢１４７５ おやまゆうえんハーヴェストウォーク,2,shop_id=11821
GiGO日光,栃木県日光市芹沼1448-1 センショープラザ,2,shop_id=1951
ドラマ足利,栃木県足利市朝倉町244-1 ドラマ足利,4,shop_id=12734
GiGO西那須野,栃木県那須塩原市南郷屋2-106-27 ,2,shop_id=1382
大田原スポーツランド,栃木県那須塩原市一区町104-60 ,6,shop_id=9405
インターワールド伊勢崎,群馬県伊勢崎市宮子町3425-4 ,4,shop_id=12263
群馬レジャーランド伊勢崎店,群馬県伊勢崎市連取町3066-1 ,4,shop_id=3646
タイトーFステーション前橋リリカ,群馬県前橋市国領町2-14-1前橋リリカ2F ,2,shop_id=10210
マトリクス前橋,群馬県前橋市小相木町558-1 ,4,shop_id=11677
ラウンドワンスタジアム前橋,群馬県前橋市天川大島町1101-1 ,2,shop_id=11674
群馬レジャーランド前橋店,群馬県前橋市 日吉町4－37－1,4,shop_id=12701
GiGO太田,群馬県太田市西矢島町575-1 ,2,shop_id=6437
アピナ太田店,群馬県太田市内ケ島町９０７－１ アピナ太田,4,shop_id=108
モーリーファンタジー太田店,群馬県太田市石原町８１番地 イオンモール太田２階,2,shop_id=2245
ユーズランド太田店,群馬県太田市石原町８１番地 イオンモール太田２階,4,shop_id=3682
群馬レジャーランド太田店,群馬県太田市西矢島町162ー2 ,4,shop_id=3569
群馬レジャーランド渋川店,群馬県渋川市八木原1364 ,4,shop_id=9110
群馬レジャーランド藤岡店,群馬県藤岡市中2002-1 ,4,shop_id=381
GiGO館林,群馬県館林市小桑原町949-1 ,4,shop_id=5587
ユーズランド高崎店,群馬県高崎市棟高町1400 イオンモール高崎店2階,4,shop_id=3004
群馬レジャーランド高崎駅東口店,群馬県高崎市江木町333-1 高崎EXビル,4,shop_id=1473
GiGOイオンモール浦和美園,埼玉県さいたま市緑区美園5-50-1 イオンモール浦和美園 2F,2,shop_id=11586
GiGO大宮西口,埼玉県さいたま市大宮区桜木町 二丁目3番地2,2,shop_id=12554
ウェアハウスアミューズ三橋店,埼玉県さいたま市西区三橋6-955-1 ウェアハウス三橋,6,shop_id=11215
ウェアハウス岩槻店,埼玉県さいたま市岩槻区加倉3-3-63 ,2,shop_id=11203
タイトーFステーションイオンスタイル大宮西口駅前,埼玉県さいたま市大宮区桜木町2‐3 イオンスタイル大宮西口駅前店内7階,2,shop_id=10335
タイトーステーション大宮店,埼玉県さいたま市大宮区大門町一丁目１番地 タイトーステーション大宮,6,shop_id=8869
埼玉レジャーランド大宮ラクーン店,埼玉県さいたま市大宮区宮町1-60 大宮ラクーン5F ,4,shop_id=11999
埼玉レジャーランド大宮駅東口店,埼玉県さいたま市大宮区宮町1-8 大宮セントラルビルB1F-2F,2,shop_id=12649
ゲームパニック三郷,埼玉県三郷市ピアラシティ1-1-200 ,4,shop_id=177
ラウンドワンスタジアムららぽーと新三郷店,埼玉県三郷市新三郷ららシティ３丁目１－１ ららぽーと新三郷２階　２００００番,2,shop_id=5671
アピナ上尾店,埼玉県上尾市緑丘３丁目３番１１－２号 ＰＡＰＡ上尾プリンセス棟１階・２階,4,shop_id=8706
ウェアハウス上尾店,埼玉県上尾市二ツ宮1044番地 ,2,shop_id=11120
モーリーファンタジー上尾店,埼玉県上尾市愛宕3-8-1 イオンモール上尾2階,2,shop_id=11109
ラウンドワンスタジアム上尾店,埼玉県上尾市大字平塚917番地1 ,2,shop_id=9974
ＦＥＳＴＡ上尾店,埼玉県上尾市愛宕３－１－４０ バリュープラザ上尾愛宕２階,2,shop_id=434
ソユーゲームフィールド菖蒲,埼玉県久喜市菖蒲町菖蒲6005番地1号 モラージュ菖蒲3F,2,shop_id=5659
ラウンドワンスタジアムさいたま・栗橋,埼玉県久喜市小右衛門192-1 ,2,shop_id=11661
GiGO入間,埼玉県入間市東藤沢2-18 ,4,shop_id=1019
ラウンドワンスタジアム入間店,埼玉県入間市 小谷田3丁目7番25号,4,shop_id=9973
アドアーズ和光,埼玉県和光市本町3-5 MillionAnnex和光1-3F,2,shop_id=11616
タイトーステーション和光店,埼玉県和光市丸山台１－４－５ タイトーステーション和光,2,shop_id=6433
キャロム坂戸,埼玉県坂戸市関間2-151-1 ,2,shop_id=11707
GiGO川口,埼玉県川口市東領家2-2-10 ,2,shop_id=3886
ゲームシティ川口店,埼玉県川口市栄町1-10-5 ,4,shop_id=11809
シルクハット 川口,埼玉県川口市栄町3-1-16 イート川口ビル4階,4,shop_id=10104
アピナ川越店,埼玉県川越市泉町1-1 ウニクス南古谷シネマ棟1階,4,shop_id=11341
アミューズランドモナコ川越店,埼玉県川越市新富町2-4-1 関口池田ビル1F,2,shop_id=11208
タイトーFステーションクレアモール川越店,埼玉県川越市新富町2-1-13 カシーラ川越1Fから4F,4,shop_id=542
インターワールド幸手店,埼玉県幸手市上高野2142-1 ,2,shop_id=12264
タイトーFステーション マルイファミリー志木店,埼玉県志木市本町5-26-1 マルイファミリー志木店 7F ,4,shop_id=10311
ギガステーション戸田店,埼玉県戸田市美女木９４３－７ ギガステーション戸田,4,shop_id=8325
モーリーファンタジー北戸田店,埼玉県戸田市美女木東１－３－１ イオン北戸田２階,2,shop_id=2253
GiGO所沢,埼玉県所沢市日吉町8-1 ,4,shop_id=6439
キャロム所沢店,埼玉県所沢市下安松969-1 ,2,shop_id=11783
タイトーステーション　所沢店,埼玉県所沢市日吉町３番７号 スカイビュウビル１、２Ｆ,2,shop_id=3298
ユーズランド春日部店,埼玉県春日部市下柳４２０－１ イオンモール春日部２Ｆ,4,shop_id=8487
埼玉レジャーランド春日部店,埼玉県春日部市増富谷際163-1 ,6,shop_id=1841
ラウンドワンスタジアム朝霞店,埼玉県朝霞市膝折町2丁目16-10 ,2,shop_id=9975
GiGO花園,埼玉県深谷市荒川359 ,4,shop_id=197
ビデオゲームミュージアムロボット 深谷店,埼玉県深谷市上柴町西4-12-1 キャラゲット深谷,2,shop_id=129
GiGO籠原,埼玉県熊谷市美土里町1-169 ,2,shop_id=7519
SOYU Game Field熊谷店,埼玉県熊谷市銀座2-245 ショッピングセンターニットーモール4階,2,shop_id=3549
namco熊谷店,埼玉県熊谷市銀座２丁目９７番地 ＣＡＲＰＡ,8,shop_id=1579
プラサカプコン羽生店,埼玉県羽生市川崎２－２８１－３ イオンモール羽生２階,4,shop_id=1937
ウェアハウス草加(別館),埼玉県草加市稲荷2丁目36番33号 ,4,shop_id=11703
ゲームファクトリーマグマ草加店,埼玉県草加市氷川町1132-1 ,4,shop_id=5864
ラウンドワン草加,埼玉県草加市谷塚上町204-1 ,2,shop_id=11649
アドアーズ蕨,埼玉県蕨市塚越1-4-4 ラ・セーヌビル2F,2,shop_id=11619
FUNFUN越谷店,埼玉県越谷市南荻島2770-1 ,6,shop_id=11776
GiGO南越谷ラクーン,埼玉県越谷市南越谷1-15-1 ラクーン南越谷2F ,2,shop_id=11865
namcoレイクタウンmori北,埼玉県越谷市レイクタウン 3－1－1レイクタウンMORI3階,8,shop_id=12694
ウェアハウス越谷店,埼玉県越谷市南荻島841番地1 ,2,shop_id=11121
ユーズランド越谷店,埼玉県越谷市レイクタウン4-2-2 イオンレイクタウンKAZE 3階,6,shop_id=5665
ラウンドワンさいたま・鴻巣,埼玉県鴻巣市箕田3163-7 ,4,shop_id=11643
ラウンドワンさいたま・上里店,埼玉県児玉郡上里町大字金久保394-1 ,2,shop_id=5670
ビッグボウル杉戸,埼玉県北葛飾郡杉戸町杉戸2338 ,2,shop_id=12670
キャッツアイ八千代店,千葉県八千代市緑が丘西2丁目13番地3 ism緑が丘内 ,4,shop_id=3868
GiGO 千葉,千葉県千葉市中央区富士見2-4-1 富士ビル,4,shop_id=6430
GiGO幕張,千葉県千葉市美浜区ひび野1-8 メッセアミューズモール1階,2,shop_id=4010
GiGO稲毛オーツーパーク,千葉県千葉市稲毛区園生町380-1 ,2,shop_id=3935
アミューズメントパフェパレパレ稲毛長沼店,千葉県千葉市稲毛区長沼原町731-17 フレスポ稲毛A棟-4,2,shop_id=8996
キャッツアイ東千葉店,千葉県千葉市中央区祐光3丁目2番1号 ,4,shop_id=3872
スポーツウェーブ鉄腕24浜野店,千葉県千葉市中央区浜野町1025-59 ,4,shop_id=6682
スポーツウェーブ鉄腕24稲毛長沼店,千葉県千葉市稲毛区長沼原町697 ,4,shop_id=5581
アピナ印西店,千葉県印西市原1-2 ビックホップガーデンモール印西2階,2,shop_id=11334
プラサカプコン富津店,千葉県富津市青木１２４－１ イオンモール富津,2,shop_id=1908
千葉レジャーランド成東店,千葉県山武市姫島111-1 ,4,shop_id=2409
ゲームチャリオット五井店,千葉県市原市五井中央西2-1-2 ,2,shop_id=9696
ゲームランドちはら台店,千葉県市原市ちはら台西3-4 unimoちはら台ショッピングセンター2階,4,shop_id=2711
ラウンドワン市原,千葉県市原市八幡北町3-5-1 ,4,shop_id=11673
DAIKEIEN P2,千葉県市川市大町３５９ ,4,shop_id=5727
スタジオプリモ本八幡店,千葉県市川市八幡 2-15-10パティオ5F,2,shop_id=11980
タイトーFステーション市川妙典店,千葉県市川市妙典4-1-1 イオン市川妙典2番街2階,4,shop_id=11525
ラウンドワン市川鬼高,千葉県市川市鬼高4-1-3 ,2,shop_id=11654
プラサカプコン成田店,千葉県成田市ウイング土屋２４ イオン成田２階,2,shop_id=1913
GiGO我孫子,千葉県我孫子市柴崎47-1 ,2,shop_id=7520
GiGO旭,千葉県旭市ニ3150-1 ,2,shop_id=1261
タイトーステーション旭サンモール店,千葉県旭市イ－２６７６－１ イオン旭３Ｆ,2,shop_id=3622
イスカンダル木更津,千葉県木更津市潮見4-1-2 ,3,shop_id=3321
ソユーゲームフィールド木更津店,千葉県木更津市築地１番４ イオンモール木更津２階,2,shop_id=8756
モーリーファンタジー木更津店,千葉県木更津市築地１－４ イオンモール木更津,2,shop_id=8800
GiGO八柱,千葉県松戸市日暮1-1-1 八柱駅第2ビル2F,2,shop_id=8928
namco松戸店,千葉県松戸市松戸1230-1 ピアザ松戸1階,12,shop_id=473
GiGO 柏,千葉県柏市柏 1-1-11 ファミリかしわB1FB1F,4,shop_id=11690
スーパーウェーブ 柏店,千葉県柏市十余二249-5 ,2,shop_id=3354
タイトーステーション柏店,千葉県柏市柏２－３－１ フーサワビル,2,shop_id=6615
モーリーファンタジー柏店,千葉県柏市豊町2丁目5番25号 イオンモール柏2階,2,shop_id=2275
ラウンドワンスタジアム アリオ柏店,千葉県柏市大島田950-1 セブンパークアリオ柏 1070,2,shop_id=9440
柏ヤングボウル,千葉県柏市南柏中央11-1 ,2,shop_id=11731
ウェアハウス南流山,千葉県流山市南流山4-16-6 ,4,shop_id=11701
GiGOイオン新浦安ショッピングセンター,千葉県浦安市入船1-4-1 イオン新浦安4階,2,shop_id=11577
ゲームプラザセントラル浦安店,千葉県浦安市北栄1-16-15第四セントラルビル ,6,shop_id=11768
シルクハット 津田沼,千葉県習志野市津田沼1-2-1 十三ビル 地下1階,4,shop_id=11529
ラウンドワン習志野,千葉県習志野市芝園1-4-5 ,2,shop_id=11676
アドアーズ船橋店,千葉県船橋市本町1-31-26 ,2,shop_id=8634
アミューズメントPLABIららぽーとTOKYO-BAY,千葉県船橋市浜町2-2-2 ららぽーとTOKYO-BAY西館3F,2,shop_id=8121
アミューズメントエース 津田沼,千葉県船橋市前原西2-15-1 ファミービル1Fから3F,4,shop_id=11321
タイトーステーション 船橋,千葉県船橋市本町１丁目６－１ タイトーステーション船橋,4,shop_id=6436
テクモピア船橋南口,千葉県船橋市本町1-7-6 ドリーム船橋3F ,4,shop_id=12414
アミュージアム茂原店,千葉県茂原市高師１６１９－１ ,4,shop_id=3811
アピナ野田七光台店,千葉県野田市七光台4-2 イオンタウン野田七光台,2,shop_id=11198
千葉レジャーランド野田店,千葉県野田市吉春鎌田776-1 ,4,shop_id=10
フリスポ佐原店,千葉県香取市佐原イ-4200 ,2,shop_id=11712
namco中野店,東京都中野区中野5-52-15 中野ブロードウェイ別館,8,shop_id=1563
アドアーズ中野,東京都中野区中野5-52-15 中野ブロードウェイ1F 185,4,shop_id=11620
GiGO赤羽,東京都北区赤羽1-7-9 赤羽第一葉山ビルB1,2,shop_id=11685
GiGO赤羽駅前,東京都北区赤羽1-2-4 ,4,shop_id=11814
namco王子サンスクエア店,東京都北区王子１－４－１ サンスクエア２Ｆ,6,shop_id=2061
GiGO秋葉原1号館,東京都千代田区外神田1-10-9 サトービル,16,shop_id=7628
Hey,東京都千代田区外神田1-10-5 広瀬本社ビル3F,10,shop_id=3087
namco秋葉原店,東京都千代田区外神田 1丁目15-9,8,shop_id=12204
ゲームパニック秋葉原,東京都千代田区外神田1-13-1 ,6,shop_id=11763
タイトーステーション秋葉原店,東京都千代田区外神田４－２－２ 貴三ビル,2,shop_id=6914
東京レジャーランド秋葉原2号店,東京都千代田区外神田４丁目３－３ ミナミビル６階,4,shop_id=6916
東京レジャーランド秋葉原店,東京都千代田区外神田1-9-5 ,10,shop_id=3670
アドアーズ上野アメ横,東京都台東区上野4-9-14 上野KKビルB1-4F,2,shop_id=11740
タイトーステーション上野御徒町店,東京都台東区上野4-6-9 ,4,shop_id=11626
タイトーFステーション オリナス錦糸町店,東京都墨田区太平4―1-2 オリナスモール地下1階,4,shop_id=2092
タイトーステーション錦糸町楽天地店,東京都墨田区江東橋4-27-14 楽天地ビル地下1階,2,shop_id=6435
GiGO大森,東京都大田区山王2-1-5 大森駅ララビル,4,shop_id=3635
GiGO池上,東京都大田区池上6-2-3 松山ビル2F,2,shop_id=12739
シルクハット 蒲田西口,東京都大田区西蒲田7-2-3 第二醍醐ビル地下1階ー2階,6,shop_id=10469
シルクハット大森,東京都大田区山王2-4-1 大森駅前ビル2階,2,shop_id=12360
タイトーステーションBIGFUN平和島店,東京都大田区平和島 1-1-1 BIGFUN平和島3F,2,shop_id=10472
GiGO新宿西口,東京都新宿区西新宿1-12-5 ,4,shop_id=3039
GiGO神楽坂,東京都新宿区神楽坂2-11 第2カグラヒルズ1F,2,shop_id=6432
GiGO高田馬場,東京都新宿区高田馬場 4-7-5 高田馬場グランド東京ビル,4,shop_id=11842
ゲームパニック新宿歌舞伎町,東京都新宿区歌舞伎町1-20-1　 ヒューマックスパビリオン新宿歌舞伎町1F・2F,4,shop_id=11737
タイトーステーション 新宿南口ゲームワールド店,東京都新宿区新宿3－35－8 ワールドビル,4,shop_id=295
タイトーステーション新宿東口店,東京都新宿区新宿3-22-7 指田ビル,2,shop_id=6407
タイトーステーションＢＩＧＢＯＸ高田馬場,東京都新宿区高田馬場１－３５－３ ＢＩＧＢＯＸ６階,2,shop_id=3015
新宿スポーツランド本館,東京都新宿区新宿3-22-12 ,4,shop_id=6429
アピナ荻窪店,東京都杉並区上荻1-13-10 ,4,shop_id=11197
ゲームスタジオキューブ高円寺,東京都杉並区高円寺南4-26-12 福丸ビルB1F ,2,shop_id=12260
GiGO成増,東京都板橋区成増2-17-24 五曠第6ビル,4,shop_id=12610
ゲームサファリ大山,東京都板橋区大山東町 ６０－１０ やすだ大山駅前２Ｆ,2,shop_id=8703
ラウンドワンスタジアム板橋,東京都板橋区相生町16-13 ,2,shop_id=11665
GiGOラパーク瑞江,東京都江戸川区瑞江2-1-2 ドン・キホーテラパーク瑞江4階,2,shop_id=11584
GiGO船堀,東京都江戸川区船堀1-6-11 ,2,shop_id=3657
GiGO西葛西,東京都江戸川区西葛西5-1-14 第一保志ビル,4,shop_id=6431
キャッツアイ西葛西店,東京都江戸川区西葛西4-2-28 サニーモール西葛西3F,2,shop_id=2709
ラウンドワンスタジアム ダイバーシティ東京プラザ店,東京都江東区青海１丁目１番１０号 ダイバーシティ東京６階,4,shop_id=6512
ラウンドワン南砂店,東京都江東区南砂六丁目７番１５号 イオン南砂,4,shop_id=6395
GiGO渋谷宮益坂,東京都渋谷区渋谷1-14-14 ESTビル,6,shop_id=3857
アミューズメントスペースASO:VIBA!,東京都渋谷区恵比寿1-10-5 ,6,shop_id=11788
タイトーステーション渋谷店,東京都渋谷区渋谷1－24－12 渋谷東映プラザB1F,2,shop_id=6434
GiGO自由が丘,東京都目黒区自由が丘2-10-9 クラブセガ自由ヶ丘,2,shop_id=3560
アミュージアムOSC店,東京都練馬区東大泉2-34-1 T・ジョイ大泉2F,2,shop_id=3453
ゲームパーク石神井公園,東京都練馬区石神井町3-17-16 ,2,shop_id=12261
ミラクルイン中村橋,東京都練馬区貫井1-1-2 YKビル2F ,2,shop_id=12262
GiGO立石,東京都葛飾区立石7丁目3番6号 リ・セブン,2,shop_id=12659
アドアーズ新小岩,東京都葛飾区新小岩1-44-4 VORT新小岩ビルB1－3F,4,shop_id=11617
東京レジャーランド亀有店,東京都葛飾区亀有3-21-2 ,4,shop_id=8751
GiGO総本店,東京都豊島区東池袋 1丁目13番6号ロクマルゲート池袋,6,shop_id=12413
namco巣鴨店,東京都豊島区巣鴨1-15-1 ミヤタビルB2F,12,shop_id=1558
namco池袋店,東京都豊島区東池袋1-22-10 ヒューマックスパビリオン池袋サンシャイン60通り1F,6,shop_id=11056
ゲームサファリ池袋,東京都豊島区東池袋1-42-3 やすだ東池袋店2F,2,shop_id=11711
タイトーステーション池袋西口,東京都豊島区西池袋1丁目15番9号 西池ビル,4,shop_id=9638
プラサカプコン池袋店,東京都豊島区東池袋1-30-3 キュープラザ3階 ,2,shop_id=11005
ラウンドワン池袋,東京都豊島区東池袋1-14-1 池袋スクエア内,4,shop_id=11769
GiGO竹の塚,東京都足立区竹の塚6-8-3 ピーくんプラザ,2,shop_id=8514
ウェアハウス保木間,東京都足立区保木間1-1-19 ,4,shop_id=11702
ウェアハウス入谷店,東京都足立区入谷7-8-11 1階 ウェアハウス入谷,4,shop_id=11202
アピナ八王子みなみ野店,東京都八王子市みなみ野1-2-1 アクロスモール3階,2,shop_id=11336
ゲームプラザセントラル八王子,東京都八王子市東町12-15 第五セントラルビル,4,shop_id=11607
シルクハット 八王子,東京都八王子市旭町2-5 八王子ツインタワービル3階,4,shop_id=10026
ドラマ八王子高倉,東京都八王子市高倉町55-4 ,4,shop_id=12733
タイトーステーション 国分寺店,東京都国分寺市本町3-5-11 ,4,shop_id=10192
アミューズメント&ゲーム マグレブ,東京都多摩市落合1-41-1 マグレブWEST1階・2階,4,shop_id=7028
アミューズメントスペース カプセル,東京都多摩市永山1-3-4 ヒューマックスパビリオン永山 1F B1,2,shop_id=2094
ウェアハウス一橋学園店,東京都小平市学園東町一丁目4番39号 平山ビル3F,2,shop_id=11119
GiGO府中,東京都府中市西原町1-6-2 フレスポ府中,2,shop_id=1267
プラサカプコン府中店,東京都府中市宮町1-41-2 ミッテン府中店7階,2,shop_id=11364
ラウンドワン府中本町駅前店,東京都府中市本町１‐１３‐３ カネカビル,4,shop_id=5679
モーリーファンタジー東久留米店,東京都東久留米市南沢５－１７ イオン東久留米３階,2,shop_id=7503
ラウンドワン武蔵村山,東京都武蔵村山市伊奈平3-1-1 ,2,shop_id=11666
タイトーFステーション吉祥寺JOY店,東京都武蔵野市吉祥寺本町1-8-23 河田ビル1F,2,shop_id=11625
プラサカプコン吉祥寺店,東京都武蔵野市吉祥寺本町１－１０－１ いなりやビル１階,2,shop_id=1911
ラウンドワン吉祥寺,東京都武蔵野市吉祥寺本町1-11-22 ,2,shop_id=11637
東京レジャーランド吉祥寺店,東京都武蔵野市吉祥寺本町1-3-7 YSビル地下1階4階,4,shop_id=11836
GiGO町田,東京都町田市原町田6-13-17 アーバンミサワビルB1F,4,shop_id=11681
タイトーステーション町田店,東京都町田市原町田６－２１－２３ 松山ビル１Ｆ,2,shop_id=3879
ラウンドワン町田,東京都町田市森野1-13-14 ,4,shop_id=11631
GiGO福生,東京都福生市福生1076-1 ,2,shop_id=8668
GiGO立川,東京都立川市柴崎町3-2-1 サザンビル1階,4,shop_id=5507
タイトーステーション 立川北口店,東京都立川市曙町2-4-5 ,6,shop_id=10089
GiGO調布,東京都調布市布田4丁目2-4 ,2,shop_id=12737
アドアーズ仙川,東京都調布市仙川町2-21-12 VICビル7 1-3F,2,shop_id=11618
アミューズランドモナコ調布駅前,東京都調布市布田4-2-22 ,2,shop_id=11734
キャロム青梅店,東京都青梅市千ヶ瀬町4-326-1 ,4,shop_id=11782
ドラマ瑞穂店,東京都西多摩郡瑞穂町大字武蔵382-1 ドラマ瑞穂,4,shop_id=5942
ユーズランド日の出店,東京都西多摩郡日の出町平井三吉野桜木５５７番地 イオンモール日の出３階,4,shop_id=2897
GiGO本厚木,神奈川県厚木市中町4-15-9 ,2,shop_id=3628
シルクハット本厚木,神奈川県厚木市中町3-4-22 第二会田ビル2F,2,shop_id=11715
ハローズガーデン厚木店,神奈川県厚木市中町1-5-10 厚木ガーデンシティビル5階,2,shop_id=9621
神奈川レジャーランド厚木店,神奈川県厚木市戸室5-31-1 アツギトレリス2F,4,shop_id=15
タイトーステーション 小田原シティーモール店,神奈川県小田原市前川120 小田原シティーモールクレッセ2F,2,shop_id=3023
タイトーステーション小田原店,神奈川県小田原市栄町１－３－１２ ,2,shop_id=6783
小田原メトロポリス,神奈川県小田原市前川２１９－４ 小田原メトロポリス,2,shop_id=11147
namcoラゾーナ川崎店,神奈川県川崎市幸区堀川町72-1 ラゾーナ川崎4階,2,shop_id=1368
シルクハット 川崎ダイス,神奈川県川崎市川崎区駅前本町8番地 ダイスビル地下2階,8,shop_id=3618
シルクハット 川崎モアーズ,神奈川県川崎市川崎区駅前本町7番地 岡田屋モアーズ1・2階,8,shop_id=8788
タイト―Fステーション川崎ルフロン店,神奈川県川崎市川崎区日進町1-11 川崎ルフロン10F,4,shop_id=11070
タイトーFステーション向ヶ丘遊園,神奈川県川崎市多摩区登戸2718-1 ,2,shop_id=11815
タイトーステーション溝の口店,神奈川県川崎市高津区溝口1-11-8 OKKA634ビル1F,2,shop_id=6616
モーリーファンタジークロスガーデン川崎店,神奈川県川崎市幸区小倉5-19-23 クロスガーデン川崎,2,shop_id=12325
ラウンドワンスタジアム川崎大師,神奈川県川崎市川崎区殿町1-5-1 ,4,shop_id=11668
namcoOSC湘南シティ店,神奈川県平塚市代官町33番地1 OSC湘南シティ,2,shop_id=1553
ラウンドワンららぽーと湘南平塚,神奈川県平塚市天沼10-1 ららぽーと湘南平塚3F,2,shop_id=9676
テクモピア座間店,神奈川県座間市ひばりが丘4-11-48 ,6,shop_id=12445
GiGOセンター南,神奈川県横浜市都筑区茅ケ崎中央3-25 aune港北ビル,4,shop_id=12227
GiGO新杉田,神奈川県横浜市磯子区杉田1丁目1‐1 らびすた新杉田2F,4,shop_id=3752
GiGO綱島,神奈川県横浜市港北区綱島西2-6-29 城田ビル3階,4,shop_id=3939
アカフーアミューズメント ジアス上大岡店,神奈川県横浜市港南区上大岡西2-1-28 赤い風船パーク本館2階,4,shop_id=6918
サープラ横浜あそびタウン,神奈川県横浜市都筑区中川中央1-25―1 ノースポート・モール6階,4,shop_id=359
シルクハット伊勢佐木町,神奈川県横浜市中区伊勢佐木町3-96 日活会館3F,4,shop_id=11716
タイトーステーション戸塚西口店,神奈川県横浜市戸塚区戸塚町４０２３番地 ,4,shop_id=6612
タイトーステーション横浜西口五番街店,神奈川県横浜市西区南幸１－１２－９ タイトーステーション横浜西口五番街,8,shop_id=6441
ドラマ港北インター,神奈川県横浜市都筑区東方町321-6 ,4,shop_id=12735
プラサカプコン磯子店,神奈川県横浜市磯子区磯子１－１－１ マリコム磯子ショッピングセンター２階,2,shop_id=281
ラウンドワン横浜駅西口,神奈川県横浜市西区南幸2-8-16 ,6,shop_id=11628
プラサカプコン横須賀店,神奈川県横須賀市若松町２－３０ モアーズシティ４階ゲームコーナー,4,shop_id=1909
GiGO海老名,神奈川県海老名市中央1-4-31 海老名プラザビル1F,2,shop_id=11682
タイトーステーション海老名ビナウォーク店,神奈川県海老名市中央1ー18-1 ビナウォーク6番館2F,4,shop_id=3581
GiGOアリオ橋本,神奈川県相模原市緑区大山町1-22 アリオ橋本店内2階,2,shop_id=2905
GiGO相模原,神奈川県相模原市中央区中央2-1-5ムトス内 ,4,shop_id=10753
GiGO相模大野,神奈川県相模原市南区相模大野3-13-2 東和ビル2F,2,shop_id=7521
アドアーズ橋本店,神奈川県相模原市緑区橋本3-3-1 SING橋本2階,2,shop_id=2091
アピナ橋本店,神奈川県相模原市緑区西橋本５－１－１ アピナ橋本１階,2,shop_id=8417
タイトーステーション藤沢店,神奈川県藤沢市南藤沢21-1 ,4,shop_id=9609
ドラマ藤沢,神奈川県藤沢市本藤沢5-6-8 ドラマ藤沢,4,shop_id=12736
楽市楽座湘南藤沢店,神奈川県藤沢市辻堂新町４－３－５ ＭｒＭＡＸ湘南藤沢ショッピングセンター２階,2,shop_id=5709
シルクハット 大船,神奈川県鎌倉市大船1-24 大船駅前ビル1階、2階、3階,2,shop_id=8499
メルヘンランド コーナン鎌倉大船店,神奈川県鎌倉市岡本1188番地1 コーナン鎌倉大船店2F,2,shop_id=12703
アピナ上越インター店,新潟県上越市下門前１６６１ アピナ上越インター,4,shop_id=9036
タイトーFステーション上越店,新潟県上越市富岡3524 J-MAXシアター内1F,4,shop_id=8945
上越レジャーランボウル,新潟県上越市下門前薬島827-2 ,2,shop_id=5905
Hapipi Land十日町店,新潟県十日町市高田町6丁目735－1 ,2,shop_id=10144
GiGO万代シティバスセンタービル,新潟県新潟市中央区 万代1丁目6番1号3階,2,shop_id=12605
namco新潟店,新潟県新潟市中央区南笹口1-1-1 ひもろぎビル2階,6,shop_id=5573
カプコサーカス新潟東店,新潟県新潟市東区大形本町３－１－２ イオン新潟東,6,shop_id=11362
タイトーFステーションイオン新潟西店,新潟県新潟市西区小新南２－１－１０ イオン新潟西３Ｆ,4,shop_id=6411
タイトーステーション 新潟ラブラ2店,新潟県新潟市中央区万代1-4-8 ラブラ2 3F,2,shop_id=12669
メジャーロード白根店,新潟県新潟市南区上下諏訪木論地948-2 メジャーロード白根,4,shop_id=6091
メジャーロード黒埼店,新潟県新潟市西区山田3303 メジャーロード黒埼,4,shop_id=6089
モーリーファンタジーf 新潟亀田インター店,新潟県新潟市江南区下早通柳田1丁目1番1号 イオンモール新潟亀田インター2階,2,shop_id=4734
ラウンドワンスタジアム新潟店,新潟県新潟市中央区美咲町２－１－３８ ラウンドワンスタジアム新潟,2,shop_id=5674
タイトーFステーション燕三条店,新潟県燕市井土巻３－１５０ イオン県央１階,4,shop_id=6815
VIVAZONE糸魚川店,新潟県糸魚川市寺島3-2-40 ヴィラオレッタ糸魚川2Fゲームセンター,2,shop_id=5863
メジャーロード見附店,新潟県見附市上新田下野沖516 ,4,shop_id=12711
アピナ長岡店,新潟県長岡市堺東町２２ アピナ長岡,4,shop_id=1494
ゲームセンターテクノポリス,新潟県長岡市要町1-8-50 ,2,shop_id=11134
アピナ富山南店,富山県富山市堀川町355-3 マイプラザ,4,shop_id=6680
アピナ富山新庄店,富山県富山市荒川３－２－１２ アピナ富山新庄,2,shop_id=496
アピナ富山豊田店,富山県富山市豊田町２－１２－６６ アピナ富山豊田,4,shop_id=11353
タイトーステーションファボーレ婦中店,富山県富山市婦中町下轡田１６５－１ フューチャーシティファボーレ２階,2,shop_id=3586
トヤマレジャーランド呉羽店,富山県富山市高木2054 ,2,shop_id=1987
富山レジャーランド掛尾店,富山県富山市掛尾町360-1 ,4,shop_id=12575
富山レジャーランド射水店,富山県射水市小島3724-1 大阪屋ショップアプリオ2階,2,shop_id=11816
モーリーファンタジーとなみ店,富山県砺波市中神一丁目174番地 イオンモールとなみ2階,2,shop_id=10252
ゲームスポット207,富山県高岡市鐘紡町１６５５－３ ゲームスポット２０７,2,shop_id=8880
サービスエリアイン高岡,富山県高岡市下石瀬857-1 ,2,shop_id=11723
ユーズランド高岡店,富山県高岡市下伏間江３８３ イオン高岡南２階,4,shop_id=5666
プレイランドイン黒部,富山県黒部市沓掛645 ゲームコーナー,4,shop_id=12600
バイパスレジャーランド加賀店,石川県加賀市箱宮町ヲ1-1 ,2,shop_id=430
MIRAINOイオンモール白山店,石川県白山市横江町土地区画整理事業施工地区内1街区 イオンモール白山3階3014区画,2,shop_id=11382
アピナ野々市店,石川県野々市市白山町４－１ イオンタウン野々市,2,shop_id=9690
バイパスレジャーランド御経塚店,石川県野々市市御経塚4丁目46 ,2,shop_id=12397
GiGOイオンタウン金沢示野,石川県金沢市示野中町87街区2号 イオンタウン金沢示野,2,shop_id=7313
タイトーステーション金沢,石川県金沢市片町2-1-7 宇都宮片町ビル1F,2,shop_id=11595
バイパスレジャーランド藤江新館,石川県金沢市藤江南2ー105 ,8,shop_id=484
バイパスレジャーランド藤江本館,石川県金沢市藤江南2-41 ,4,shop_id=12252
ラウンドワンスタジアム金沢店,石川県金沢市横川６－１２０－１ ,2,shop_id=6112
ジョイランド敦賀店,福井県敦賀市木崎40-12 ,4,shop_id=5904
GiGO福井,福井県福井市丸山1-410 ,2,shop_id=12327
福井レジャーランドワイプラザ店,福井県福井市新保町北1ー303 ヤスサキワイプラザB棟2階,2,shop_id=2060
福井レジャーランド板垣店,福井県福井市下馬3-101 ,4,shop_id=10106
GiGO武生,福井県越前市新町3字13-4 ,2,shop_id=1796
プレイタウン・パル富士吉田店,山梨県富士吉田市新西原4丁目12-15 ,2,shop_id=12287
ゲームパニック甲府店,山梨県甲府市国母5-20-24 ゲームパニック甲府,4,shop_id=9915
ﾀｲﾄｰFｽﾃｰｼｮﾝﾗｻﾞｳｫｰｸ甲斐双葉店,山梨県甲斐市志田字柿木６１６－１ ラザウォーク甲斐双葉アミューズメント棟１Ｆ,4,shop_id=2489
プラサカプコン甲府店,山梨県中巨摩郡昭和町西条字北河原3717 プラサカプコン甲府,4,shop_id=6037
GiGO上田,長野県上田市大字上田1847-1 ,2,shop_id=3281
アピナ上田,長野県上田市秋和３５９－１ アピナ上田,4,shop_id=8883
アピナ伊那店,長野県伊那市西町５０９３ アピナ伊那,4,shop_id=2298
アピナ佐久インター店,長野県佐久市岩村田北１－１３－１ アピナ佐久インター,4,shop_id=3883
アピナ塩尻店,長野県塩尻市広丘野村１７９４－１ アピナ塩尻,4,shop_id=1226
GiGO豊科,長野県安曇野市豊科南穂高1115 ,2,shop_id=3661
GiGO岡谷,長野県岡谷市塚間町2-1-21 ,2,shop_id=218
アピナ松本店,長野県松本市双葉１９－１０ アピナ松本,6,shop_id=9032
PALO諏訪店,長野県諏訪市沖田町5丁目18 諏訪ステーションパーク,4,shop_id=9545
アピナ長野大橋店,長野県長野市若里７－９－１２ アピナ長野大橋,2,shop_id=8504
アピナ長野川中島店,長野県長野市川中島町御厨957-1 ,4,shop_id=3933
アピナ長野村山店,長野県長野市村山５０２－１ アピナ長野村山,2,shop_id=1447
サープラ長野あそびタウン,長野県長野市権堂町1506番地3 長電権堂第2ビル1階,2,shop_id=11320
ラウンドワンスタジアム長野店,長野県長野市東和田８２７番６ ,2,shop_id=5675
アピナ飯田店,長野県飯田市座光寺３７２７－１ アピナ飯田,4,shop_id=5794
オリエンタルバッティングセンター可児,岐阜県可児市今渡695-1 ,2,shop_id=12190
アピナ各務原店,岐阜県各務原市蘇原花園町2-9-1 ,4,shop_id=11196
ゲームピコ鵜沼店,岐阜県各務原市鵜沼西町 3丁目309イオンタウン各務原鵜沼内,4,shop_id=12356
MIRAINOイオンモール土岐店,岐阜県土岐市土岐津町土岐口1372番1 イオンモール土岐2F,6,shop_id=11992
コミ丸アリババ大垣店,岐阜県大垣市池尻町940-1 ,4,shop_id=9830
大垣メトロポリス,岐阜県大垣市三塚町西沼５２３－１ イオンタウン大垣,2,shop_id=2312
ACグランド茜部店,岐阜県岐阜市茜部大川１－７７ ,4,shop_id=9084
ゲームファンタジアン柳津店,岐阜県岐阜市柳津町上佐波西 3丁目68番地,2,shop_id=12675
モーリーファンタジーf 岐阜店,岐阜県岐阜市正木中1-2-1マーサ21北館 イオン岐阜店3階,2,shop_id=9556
アピナ本巣店,岐阜県本巣市政田字下西浦1986 イオンタウン本巣内,2,shop_id=11331
ラウンドワンモレラ岐阜店,岐阜県本巣市三橋１１００ モレラ岐阜,2,shop_id=5676
岐阜レジャーランド穂積店,岐阜県瑞穂市稲里630番地 ,4,shop_id=984
GiGO高山,岐阜県高山市上岡本町7丁目7 ,2,shop_id=12350
ジョイランド三島,静岡県三島市梅名３０８－６ ,2,shop_id=2523
タイトーFステーションイオンモール富士宮店,静岡県富士宮市浅間町1番8号 イオンモール富士宮ショッピングセンター3階,4,shop_id=6420
モーリーファンタジー富士宮店,静岡県富士宮市浅間町1-8 イオン富士宮2階,2,shop_id=9550
サープラ富士あそびタウン,静岡県富士市永田町2-94 サープラ富士あそびタウン,4,shop_id=555
モーリーファンタジーf 富士南店,静岡県富士市鮫島118－10 イオンタウン富士南2階,2,shop_id=2768
ラウンドワン富士,静岡県富士市八代町4番15号 ,4,shop_id=10746
アップル島田,静岡県島田市宝来町8-5 ,2,shop_id=8256
サープラ島田あそびタウン,静岡県島田市中溝町2531 ,4,shop_id=1139
GiGO掛川,静岡県掛川市細田248 ,4,shop_id=8357
アピナ大須賀店,静岡県掛川市西大渕3359 ロックタウン,2,shop_id=11200
サープラ沼津あそびタウン,静岡県沼津市大手町1-1-5 ,4,shop_id=3000
ジョイランドアミューズ原店,静岡県沼津市原町中2-14-8 1F ,2,shop_id=12478
アピナ浜松店,静岡県浜松市中央区葵西2-27-10 イオンタウン内,2,shop_id=11337
サープラOZ浜松あそびタウン,静岡県浜松市中央区宮竹町322番地の1 ,4,shop_id=7305
タイトーFステーションイオンモール浜松市野店,静岡県浜松市中央区天王町1981-3 イオンモール浜松市野2F,2,shop_id=8731
プラサカプコン志都呂店,静岡県浜松市中央区志都呂2-37-1 イオンモール浜松志都呂3階,2,shop_id=1925
ポート24浜松店,静岡県浜松市中央区坪井町4183 ポート24浜松,4,shop_id=8441
ラウンドワンスタジアム浜松,静岡県浜松市中央区天王町字諏訪1981-17 ,4,shop_id=11633
楽市楽座サンストリート浜北店,静岡県浜松市浜名区平口2861 サンストリート浜北M-207,2,shop_id=1153
アップルグランリバー大井川店,静岡県焼津市下江留1327番地 ,2,shop_id=3840
アピナ焼津店,静岡県焼津市道原585 シートピアYAZ焼津,4,shop_id=11199
サープラ焼津あそびタウン,静岡県焼津市八楠3-18-5 ,4,shop_id=1182
アピナ磐田店,静岡県磐田市西貝塚横須賀道北3690イオンタウン磐田内 ,2,shop_id=9413
GiGO袋井,静岡県袋井市川井1142-1 ,2,shop_id=8717
AMUSEMENT PARK(静岡店),静岡県静岡市葵区柚木191 MARKIS静岡3階,2,shop_id=7550
アップル新北街道店,静岡県静岡市葵区沓谷5-13-4 ,4,shop_id=11781
サープラ静岡あそびタウン,静岡県静岡市葵区伝馬町6番地の1 けやきプラザ3F,4,shop_id=12547
スーパーウェーブ静岡店,静岡県静岡市清水区鳥坂860 フレスポ静岡2F西,4,shop_id=11817
タイトーFステーション静岡店,静岡県静岡市葵区呉服町二丁目５番地４ ふしみや第２ビル,2,shop_id=8967
ラウンドワン静岡・駿河,静岡県静岡市駿河区向手越一丁目10番1号 ,2,shop_id=10636
GiGO サントムーン柿田川,静岡県駿東郡清水町玉川 61-2 サントムーン柿田川2F,4,shop_id=1450
GiGO尾西,愛知県一宮市篭屋3-9-7 アソビックスびさい1階,2,shop_id=3764
GiGOイオンタウン刈谷,愛知県刈谷市東境町京和1 イオンタウン刈谷,2,shop_id=2881
アミューズメントプラザマルシン,愛知県刈谷市池田町4-609 ,2,shop_id=11686
エムズパーク刈谷店,愛知県刈谷市稲場町3-206 ,2,shop_id=11705
ファンタジックランド西春,愛知県北名古屋市鹿田若宮3926番地10号 Yストア西春店5階,6,shop_id=12542
ラウンドワンスタジアム名古屋西春,愛知県北名古屋市宇福寺神明15 ,2,shop_id=11664
楽市街道名古屋店,愛知県北名古屋市中之郷字神明４５－１ 楽市街道名古屋,2,shop_id=11009
ラウンドワンスタジアム半田店,愛知県半田市瑞穂町6丁目7番地の8 ,4,shop_id=9976
半田メトロポリス,愛知県半田市旭町3-11-1 半田コロナワールド,4,shop_id=2096
GiGOマーケットスクエアささしま,愛知県名古屋市中村区平池町4丁目60番地14号 ,2,shop_id=12621
GiGO金山,愛知県名古屋市熱田区金山1-19-2 ,4,shop_id=11680
アピナ名古屋栄店,愛知県名古屋市中区錦 3-17-15 ドン・キホーテ栄本店地下1階ー地下3階,2,shop_id=12760
ゲームパニック大高,愛知県名古屋市緑区大高町忠治山201番地 ,8,shop_id=1048
ゲーム・キング・ジョイ,愛知県名古屋市中区栄3-3-32 ,4,shop_id=11724
コムテックスクウェア,愛知県名古屋市中区金山1-16-8 ,2,shop_id=11729
コムテックタワー,愛知県名古屋市中村区名駅4-10-20 ,4,shop_id=11728
タイトーステーションフェドラ大須店,愛知県名古屋市中区大須3丁目30番地31号 萬松寺駐車場ビル1階,10,shop_id=3100
ファンタジープラザ名古屋店,愛知県名古屋市北区玄馬町２３４－１ ドン・キホーテ名古屋本店２Ｆ,6,shop_id=9325
プラサカプコン徳重店,愛知県名古屋市緑区元徳重1-505 ヒルズウォーク徳重ガーデンズ,2,shop_id=9951
ポート24八事店 2号館,愛知県名古屋市昭和区広路町北石坂 102－4サンハイツ伊藤1階,2,shop_id=12629
モーリーファンタジーf 新瑞橋店,愛知県名古屋市南区菊住1丁目7－10 イオン新瑞橋店3階,2,shop_id=2772
ラウンドワンスタジアム中川1号線,愛知県名古屋市中川区法蔵町2-23 ,4,shop_id=11629
ラウンドワン千種,愛知県名古屋市千種区新栄3-20-17 タイホウ千種駅南ビル8F,2,shop_id=11655
ラウンドワン鳴海,愛知県名古屋市緑区鳴海町字杜若28 ,2,shop_id=11662
名古屋レジャーランド内田橋,愛知県名古屋市南区内田橋2-26-22 トスカビル 2F,4,shop_id=8491
ダイナソア,愛知県大府市東新町3-87-88 ,2,shop_id=12454
GiGO安城,愛知県安城市百石町2-35-13 ,4,shop_id=8595
安城メトロポリス,愛知県安城市浜富町6-8 安城メトロポリス,2,shop_id=278
小牧メトロポリス,愛知県小牧市村中新町33 ,4,shop_id=2081
ADXマミー岡崎,愛知県岡崎市井田新町6-1 ,2,shop_id=11704
GiGO北岡崎,愛知県岡崎市錦町 2番地4,4,shop_id=12674
GiGO岡崎,愛知県岡崎市上地3-50-4 ,4,shop_id=7832
NICOPAウイングタウン岡崎店,愛知県岡崎市羽根町小豆坂3 ウイングタウン2階,2,shop_id=3632
ゲームランド岡崎店,愛知県岡崎市戸崎町外山38-5 イオンモール岡崎,4,shop_id=11358
アミューズファクトリー常滑店,愛知県常滑市りんくう町2丁目20番3 イオンモール常滑2階,2,shop_id=9311
タイトーFステーション弥富,愛知県弥富市五明蒲原1371-4 タイトーステーション弥富,2,shop_id=3335
ソユーゲームフィールド赤池店,愛知県日進市赤池町箕ノ手1番 プライムツリー赤池3階,2,shop_id=12654
GiGO春日井,愛知県春日井市岩野町菅廻間4180 ,4,shop_id=5723
ラウンドワンスタジアムイーアス春日井,愛知県春日井市六軒屋町東丘22 iias春日井　3010区画,2,shop_id=11675
アミューズメントプラザワイド,愛知県東海市名和町二番割上16-2 ,2,shop_id=11687
ゲームアルカナ,愛知県稲沢市朝府町2-33 ,4,shop_id=11726
プラサカプコン稲沢店,愛知県稲沢市長野7丁目1-2 リーフウォーク稲沢2階,2,shop_id=5650
MIRAINOイオンモール豊川,愛知県豊川市白鳥町兎足1-16 イオンモール豊川3F ,4,shop_id=12318
豊川メトロポリス,愛知県豊川市下長山町上アライ１４－１ 豊川コロナワールド,6,shop_id=2517
GiGO豊橋飯村,愛知県豊橋市飯村町西山25-121 ,4,shop_id=8716
アピナ豊橋店,愛知県豊橋市藤沢町141 メガ・ドン・キホーテ豊橋店アミューズメント1階,2,shop_id=11566
モーリーファンタジー豊橋南店,愛知県豊橋市野依町字落合１－１２ イオン豊橋南２階,2,shop_id=2252
ラウンドワンスタジアム豊橋,愛知県豊橋市大岩町字岩田27番地-2 ,4,shop_id=10747
GiGO豊田,愛知県豊田市深田町1-65-1 ,4,shop_id=3627
MsPARK豊田店,愛知県豊田市寿町３－１０ ,4,shop_id=5752
ゲームファンタジアン長久手,愛知県長久手市武蔵塚 705,4,shop_id=12676
ユーズランド東浦店,愛知県知多郡東浦町大字緒川字旭13-2 イオンモール東浦2階,4,shop_id=5541
ポート24幸田店,愛知県額田郡幸田町大字相見字沖原1-3 カメリアガーデン幸田,4,shop_id=6798
GiGO伊勢,三重県伊勢市中須町666 AGスクエア伊勢,2,shop_id=6288
モーリーファンタジー伊勢ララパーク店,三重県伊勢市小木町曽弥538 イオンタウン伊勢ララパーク2階,2,shop_id=2990
GiGOトナリエ四日市,三重県四日市市安島 1-3-31トナリエ四日市店5F,2,shop_id=13
GiGO生桑,三重県四日市市生桑町字川原崎299-1 ,2,shop_id=5915
アピナ四日市店,三重県四日市市泊小柳町4-34 ,4,shop_id=11339
PALO津南店,三重県津市高茶屋小森町145 イオンモール津南3階,4,shop_id=11591
ラウンドワン津・高茶屋,三重県津市高茶屋小森町277-8 ,4,shop_id=11641
アピナ鈴鹿店,三重県鈴鹿市庄野羽山４－２０－１ イオンタウン鈴鹿２Ｆ,4,shop_id=8592
アミパラ鈴鹿店,三重県鈴鹿市西条町東澤430-1 アミパラ鈴鹿,2,shop_id=11003
ラウンドワンスタジアムみえ・川越IC,三重県三重郡川越町南福崎851-1 ,4,shop_id=11670
アクション堅田,滋賀県大津市今堅田２丁目４０－１０ アクション堅田,2,shop_id=5771
ラウンドワン浜大津アーカス,滋賀県大津市浜町２－１ 浜大津アーカス,2,shop_id=8837
滋賀レジャーランド大津,滋賀県大津市におの浜3-1-43 ,4,shop_id=11325
ふぇすたらんど守山店,滋賀県守山市播磨田町185-1 モリーブ守山店2F,2,shop_id=12625
エースレーン守山店,滋賀県守山市播磨田町231－4 ,4,shop_id=12717
namcoビバシティ彦根店,滋賀県彦根市竹ヶ鼻町43-1 ビバシティ彦根2F,4,shop_id=1666
GiGO甲西,滋賀県湖南市夏見二ツ橋356-1 ,2,shop_id=8510
クレーン倉庫あそびば水口,滋賀県甲賀市水口町北泉1-131 ,4,shop_id=12544
GiGOエイスクエア草津,滋賀県草津市西渋川1-23-23 エイスクエア2F,2,shop_id=3085
アミパラ草津店,滋賀県草津市木川町72 ,2,shop_id=10500
ゲームランド草津店,滋賀県草津市新浜町３００番地 イオン草津３階,4,shop_id=1944
エースレーン近江八幡,滋賀県近江八幡市 出町736 ,2,shop_id=10449
タイトーFステーション 近江八幡店,滋賀県近江八幡市鷹飼町南3-7 イオン近江八幡,4,shop_id=7272
GiGO MOMOテラス京都伏見,京都府京都市伏見区桃山町山ノ下32 MOMOテラスAM棟2F,2,shop_id=1385
バンダイナムコ Cross Store 京都,京都府京都市南区西九条鳥居口町1番地 イオンモールKYOTO4F,6,shop_id=5611
プラサカプコン京都店,京都府京都市右京区西院追分町２５－１ イオン京都五条３階,2,shop_id=11360
ラウンドワンスタジアム京都伏見店,京都府京都市伏見区下鳥羽平塚町23 ,4,shop_id=5672
ラウンドワン京都河原町,京都府京都市中京区河原町通三条下る山崎町250 ,6,shop_id=11630
モーリーファンタジー高の原店,京都府木津川市相楽台１－１－１ イオン高の原４階,2,shop_id=2232
あそVIVA本店,京都府福知山市堀小字下高田2146-1 ,2,shop_id=12672
アミパラ久御山店,京都府久世郡久御山町森大内337 イオンタウン久御山,2,shop_id=10996
GiGO大阪道頓堀本店,大阪府中央区道頓堀1丁目8番22号 道頓堀ゼロゲート1階・2階・3階,2,shop_id=12615
ゲームフェイス八尾店,大阪府八尾市天王寺屋2－68 ボウルアロー八尾店1F,2,shop_id=3677
フタバボウル関大前店,大阪府吹田市千里山東1-7-18 2Fアミューズメント部門,4,shop_id=6033
GiGO和泉,大阪府和泉市肥子町2-4-41 ,2,shop_id=8055
アミパラ光明池店,大阪府和泉市室堂町824-36 コムボックス光明池2階,2,shop_id=11570
ラウンドワンららぽーと和泉店,大阪府和泉市あゆみ野４－４－７ ４階 ららぽーと和泉,2,shop_id=8851
ゲームパニック堺,大阪府堺市堺区築港八幡町1番地1堺浜 シーサイドステージ内堺浜エンタメ館,2,shop_id=3247
ソユーゲームフィールド堺鉄砲町店,大阪府堺市堺区鉄砲町1番地 イオンモール堺鉄砲町3階,2,shop_id=9382
ラウンドワンスタジアム堺中央環状店,大阪府堺市東区石原町２町２４１番 ラウンドワンスタジアム堺中央環状,2,shop_id=6114
ラウンドワンスタジアム堺駅前,大阪府堺市堺区戎島町4-44-3 ,2,shop_id=11656
アミパラ大東店,大阪府大東市南新田2丁目3-5 ,2,shop_id=10729
G-palaあべの,大阪府大阪市阿倍野区阿倍野筋3-10-1 あべのベルタ2F,4,shop_id=11706
GiGOあべのアポロ,大阪府大阪市阿倍野区阿倍野筋1-5-31 アポロビル3F,6,shop_id=1791
GiGO今福,大阪府大阪市城東区今福東1-9-34 ,2,shop_id=5588
GiGO大阪第4ビル,大阪府大阪市北区梅田1-11-4 駅前第4ビル地下1階,4,shop_id=5618
GiGO難波アビオン,大阪府大阪市浪速区難波中2-3-15 MMOビル1F・2F,6,shop_id=11739
namcoマグスミノエ店,大阪府大阪市住之江区泉1丁目1番82号 マグスミノエ1F,4,shop_id=1651
namco大阪日本橋店,大阪府大阪市浪速区難波中2-1-17 コスモビル1-3F,10,shop_id=5518
namco梅田店,大阪府大阪市北区小松原町3番3号 OSビル2F,10,shop_id=1641
アテナ日本橋,大阪府大阪市浪速区難波中２－１－２２ ,2,shop_id=5784
アミューズファクトリーAXE,大阪府大阪市中央区難波1-1-3 ,2,shop_id=11695
ゲームポイントシャトーEX,大阪府大阪市都島区東野田町3-9-3 ,2,shop_id=12509
タイトーステーション大阪日本橋店,大阪府大阪市浪速区日本橋４－９－１４ タイトーステーション大阪日本橋,2,shop_id=4004
タイトーステーション難波,大阪府大阪市中央区難波千日前１５－１２ タイトーステーション難波,2,shop_id=3620
モーリーファンタジーLINKS UMEDA店,大阪府大阪市北区大深町4-8 LINKS UMEDA 5F,2,shop_id=10909
ラウンドワンスタジアム千日前店,大阪府大阪市中央区難波1丁目3番1号 ラウンドワン千日前,10,shop_id=6697
ラウンドワンスタジアム城東放出,大阪府大阪市城東区今福南3-4-38 ,2,shop_id=11646
ラウンドワン梅田,大阪府大阪市北区小松原町4-16 ,6,shop_id=11627
ゲームプラザエム,大阪府守口市本町1丁目3-3 ,2,shop_id=12353
ラウンドワン守口店,大阪府守口市佐太東町２－６－１４ ジャガーグリーン２階,2,shop_id=5678
YAZ寝屋川店,大阪府寝屋川市石津中町25-26 YAZ寝屋川,4,shop_id=11340
モンキートリック,大阪府寝屋川市香里南之町32-5 YNレジデンス香里2F,4,shop_id=11730
ラウンドワン岸和田,大阪府岸和田市八阪町2-11-1 ,2,shop_id=11667
星狩物語岸和田,大阪府岸和田市作才町1-3-2 ,2,shop_id=11721
GiGOイオン鴻池,大阪府東大阪市鴻池町1‐1‐72 イオン鴻池店2F,2,shop_id=10246
GiGO布施,大阪府東大阪市長堂1-1-1 ロンモール布施内,2,shop_id=3086
ラウンドワン東大阪,大阪府東大阪市若江南町1-2-12 ,4,shop_id=11647
GiGO枚方,大阪府枚方市須山町83-1 サンシャインプラザ枚方,2,shop_id=3895
ラウンドワンスタジアム枚方店,大阪府枚方市高野道１丁目２０番２０号 フォレオひらかた,2,shop_id=8570
タイトーFステーションりんくうシークル店,大阪府泉佐野市りんくう往来南3 りんくうPTシークル,2,shop_id=5853
泉大津フタバボウル,大阪府泉大津市松之浜町1丁目2番53号 ,2,shop_id=1524
FeedyA茨木店,大阪府茨木市松ヶ本町8-30-5 イオンスタイル4階,2,shop_id=12671
あそVIVA阪急茨木店,大阪府茨木市永代町6-2 スポーツプラザ茨木2階,4,shop_id=12667
プラサカプコン藤井寺店,大阪府藤井寺市岡2-10-11 イオン藤井寺ショッピングセンター2F,2,shop_id=11006
GiGO新三国アルゴ7,大阪府豊中市神州町1-15 ,2,shop_id=7872
ラウンドワン豊中,大阪府豊中市名神口1-1-1 ,2,shop_id=11644
ラウンドワンスタジアム高槻店,大阪府高槻市辻子３丁目６番４号 ラウンドワンスタジアム高槻,4,shop_id=5673
NICOPA伊丹昆陽店,兵庫県伊丹市池尻4-1-1 イオンモール伊丹昆陽4階,2,shop_id=3714
ラウンドワン伊丹店,兵庫県伊丹市昆陽７－２９ ,2,shop_id=12684
アミパラ加古川店,兵庫県加古川市尾上町今福７１－２ アミパラ加古川,4,shop_id=3008
ハローズガーデン加古川店,兵庫県加古川市別府町緑町 2イトーヨーカドー加古川店3階,2,shop_id=11372
ラウンドワン加古川,兵庫県加古川市尾上町安田325-6 ,2,shop_id=11671
遊スペーススプラ（メガコート）,兵庫県加古川市尾上町安田３５１－１ メガコート加古川,4,shop_id=3652
モーリーファンタジーf 加西北条店,兵庫県加西市北条町北条308-1 イオン加西北条2階,2,shop_id=10365
GiGO姫路駅前,兵庫県姫路市駅前町254 姫路OSビルB1F,4,shop_id=5506
アピナ姫路店,兵庫県姫路市東郷町1454-3 姫路リオス2F ,4,shop_id=10536
タイトーFステーション 姫路店,兵庫県姫路市駅前町269 ,4,shop_id=10272
モーリーファンタジー姫路大津店,兵庫県姫路市大津区大津町２丁目５番 イオンモール姫路大津２階,2,shop_id=3525
ラウンドワン姫路飾磨,兵庫県姫路市飾磨区中島1-254 ,4,shop_id=11645
遊楽舎 姫路花田店,兵庫県姫路市 花田町上原田2-1 ビッグエムワン2F,2,shop_id=6723
GiGOつかしん,兵庫県尼崎市塚口本町4-8-1 つかしん内,2,shop_id=1449
GiGO明石,兵庫県明石市魚住町清水2464-1 ドライブインながさわ,2,shop_id=2592
モーリーファンタジー明石店,兵庫県明石市大久保町ゆりのき通り２－３－１ イオン明石ショッピングセンター３階,2,shop_id=3624
GiGOフェニックスプラザ摩耶,兵庫県神戸市灘区味泥町6-1 フェニックスプラザ摩耶1F,2,shop_id=8492
GiGO三宮北口,兵庫県神戸市中央区北長狭通 一丁目8番1号,4,shop_id=12613
アミパラ伊川谷店,兵庫県神戸市西区池上 3丁目2番3号,2,shop_id=12161
アミパラ垂水店,兵庫県神戸市垂水区名谷町字室山1400-18 ,2,shop_id=9524
アルゴ,兵庫県神戸市中央区下山手通1-1-8 M:2nd,2,shop_id=11947
タイトーFステーションHAT神戸店,兵庫県神戸市中央区脇浜海岸通2-2-2 ブルメールHAT神戸2階,2,shop_id=3735
タイトーFステーション三宮西館店,兵庫県神戸市中央区三宮町2-11-1 神戸センタープラザ3F,4,shop_id=9174
メガパレス遊スペースアローズ,兵庫県神戸市西区丸塚２－９－１８ メガパレス２階,4,shop_id=3655
ラウンドワン三宮駅前,兵庫県神戸市中央区小野柄通6-1-17 ,4,shop_id=11638
遊スペースマジカル,兵庫県神戸市中央区琴ノ緒町5丁目2-3 ,4,shop_id=9351
namco豊岡店,兵庫県豊岡市中陰字大工617 3F ,6,shop_id=1647
ゲームアイビス太子店,兵庫県揖保郡太子町太田2149 ゲームアイビス太子店,2,shop_id=12
アミューズメントCUE奈良大和高田店,奈良県大和高田市東中2-11-16 ,4,shop_id=11820
アミューズメントCUE奈良三条,奈良県奈良市三条町478-1 ,4,shop_id=11606
ラウンドワンスタジアム 奈良 ミ・ナーラ店,奈良県奈良市二条大路南1‐3-1 ミ・ナーラ5階,2,shop_id=10445
アミパラ橿原店,奈良県橿原市十市町1222-1 ,2,shop_id=9383
NICOPA和歌山店,和歌山県和歌山市新生町7-20 イズミヤ和歌山2階,2,shop_id=5655
ピタゴラス和歌山店,和歌山県和歌山市土入73-1 和歌山グランドボウル,4,shop_id=8171
ユーズランド和歌山店,和歌山県和歌山市中字楠谷573番地 イオンモール和歌山2F区画番号2059,4,shop_id=8497
ラウンドワンスタジアム和歌山,和歌山県和歌山市小雑賀739-3 ,2,shop_id=11639
タイトーFステーションオークワロマンシティ御坊店,和歌山県御坊市湯川町財部181番地 オークワロマンシティ御坊,2,shop_id=6421
PALO橋本彩の台店,和歌山県橋本市あやの台1丁目50番地2 オーストリート彩の台,2,shop_id=9554
PALO境港店,鳥取県境港市竹内団地81番地3 パロ境港,2,shop_id=10076
GiGO米子,鳥取県米子市両三柳2778-2 ,2,shop_id=2014
アミパラがいな,鳥取県米子市日ノ出町1-8-13 ,4,shop_id=11697
GiGO鳥取,鳥取県鳥取市安長416 ,2,shop_id=8185
ゆめサーカス出雲店,島根県出雲市大塚町６５０－１ ゆめタウン出雲東館３階,2,shop_id=11357
GiGO松江,島根県松江市嫁島町12-15 ,4,shop_id=1318
PALO松江店,島根県松江市東朝日町151 イオン松江3階,2,shop_id=2741
アミパラ松江店,島根県松江市東朝日町203-1 ,2,shop_id=12555
GiGO倉敷,岡山県倉敷市西中新田字八反割535-2 ,2,shop_id=2382
ふぇすたらんど倉敷マスカット店,岡山県倉敷市松島羽伏１１６３－２ マルナカ倉敷マスカット３階,2,shop_id=2100
アミパラ倉敷店,岡山県倉敷市西中新田６２４－１ アミパラボウル１階,4,shop_id=5531
タイトーFステーションマルナカ新倉敷店,岡山県倉敷市玉島爪崎981-1 マルナカ新倉敷,2,shop_id=6450
ユーズランド倉敷店,岡山県倉敷市水江１番地 イオンモール倉敷２階,6,shop_id=3638
GiGO岡山藤崎,岡山県岡山市中区藤崎599-12 ,2,shop_id=5540
アミパラテクノランド,岡山県岡山市北区大和町１－７－１２ ,2,shop_id=7919
アミパラ岡山店,岡山県岡山市北区青江１－１３－８ アミパラ岡山,4,shop_id=2088
モーリーファンタジーf 岡山店,岡山県岡山市北区下石井1丁目2番1号 イオンモール岡山4階,2,shop_id=10251
ラウンドワンスタジアム岡山妹尾店,岡山県岡山市南区妹尾３４１３－１ ,2,shop_id=6572
アミパラ津山店,岡山県津山市河辺１０００－１ イオン津山２階,2,shop_id=1161
GiGO広,広島県呉市広中町1-9 フタバ図書広店 2階,2,shop_id=6031
GiGO尾道,広島県尾道市新浜1-2-13 ,4,shop_id=8096
GiGO 広島本通,広島県広島市中区本通9-30 ,2,shop_id=11693
GiGOアルパーク北棟,広島県広島市西区草津南4-7-1 アルパーク北棟2F,2,shop_id=12607
GiGO中筋,広島県広島市安佐南区中筋4-11-7 フタバ図書MEGA内2Fレンタルコーナー奥,2,shop_id=11689
アミパラ広島店,広島県広島市西区西観音町３－１７ アミパラ広島,2,shop_id=11002
タイトーFステーションゆめタウンみゆき,広島県広島市南区宇品西6-7-14 ゆめタウンみゆき2階,2,shop_id=6447
タイトーステーション広島本通店,広島県広島市中区本通３－５ タイトーステーション広島本通,2,shop_id=6920
タイトーステーション広島紙屋町店,広島県広島市中区紙屋町２ー２－２１ タイトーステーション広島紙屋町,6,shop_id=6613
ビバーチャ,広島県広島市中区南竹屋町10-17 ,2,shop_id=12265
ブラックジャックアクア店,広島県広島市安佐南区大町東４－１２－１１ ,2,shop_id=6040
プラサカプコン広島店,広島県広島市佐伯区石内東4-1-1 ジ アウトレット広島1F,2,shop_id=10274
モーリーファンタジーf 広島祇園店,広島県広島市安佐南区祇園3丁目2-1 イオン広島祇園ショッピングセンター3階,2,shop_id=2290
ラウンドワン広島,広島県広島市中区立町3-11 ,2,shop_id=11642
スペースV１　廿日市,広島県廿日市市本町４－２３ ,2,shop_id=5911
アミパラここじゃ,広島県東広島市西条町下見6-10-19 ,2,shop_id=11696
タイトーFステーションゆめタウン東広島店,広島県東広島市西条土与丸１－５－７ ゆめタウン東広島４階,2,shop_id=4722
ブラックジャック東広島店,広島県東広島市西条町御薗宇６１２０ 賀茂ボール,2,shop_id=6041
GiGO福山,広島県福山市瀬戸町山北300 ,4,shop_id=1324
あみぱらんど福山店,広島県福山市三吉町南２－８－２４ あみぱらんど福山,2,shop_id=10999
アミパラ神辺店,広島県福山市神辺町新道上１－２－１ アミパラ神辺,4,shop_id=5530
アミューズメントパークMGジアス店,広島県福山市柳津町1丁目7-60 ,2,shop_id=11256
ラウンドワン福山店,広島県福山市明神町１－１４－２０１－９－２８ ,4,shop_id=6119
福山メトロポリス,広島県福山市一文字町24-1 福山コロナワールド,2,shop_id=1232
GiGO海田,広島県安芸郡海田町南大正町3-35 ,2,shop_id=3829
アミュージアム周南店,山口県下松市中央町21-3 ゆめタウン下松3階,2,shop_id=3458
ゆめシティゆめパーク,山口県下関市伊倉新町３丁目１－１ ゆめシティ,2,shop_id=6398
アミパラ下関店,山口県下関市長府才川１丁目４２－４８ アミパラ下関,2,shop_id=5526
アミパラ周南久米店,山口県周南市久米中央五丁目6番1号 ,2,shop_id=9959
カードボックス周南,山口県周南市久米3219 ,4,shop_id=9202
GAME ALEX,山口県宇部市西字部南3-5-53 ,4,shop_id=11819
フレスパランドカッタの湯,山口県宇部市海南町1675 ,2,shop_id=12740
GiGOイオンタウン小郡,山口県山口市小郡前田町3-6 ,2,shop_id=1035
サープラ山口あそびタウン,山口県山口市湯田温泉6-8-3 ,4,shop_id=11327
タイトーFステーション 山口メルクス店,山口県山口市大字黒川82-1 ハイパーモールメルクス山口,4,shop_id=6419
PALO防府店,山口県防府市中央町1-3 イオン防府3階,2,shop_id=10366
SOYUFamilyGameField防府店,山口県防府市鐘紡町7-1 イオンタウン防府1階,2,shop_id=5521
PALO小松島店,徳島県小松島市小松島町領田20 小松島ショッピングプラザルピア1階,2,shop_id=9544
アミューズメントパフェパレパレ田宮,徳島県徳島市南田宮２－２－４６ アミューズメントパフェパレパレ田宮,2,shop_id=5539
ラウンドワン徳島･万代店,徳島県徳島市万代町４－１９－１ ,4,shop_id=6118
GiGO丸亀,香川県丸亀市蓬莱町56―1 パブリックプラザ丸亀,2,shop_id=3519
アミパラ丸亀店,香川県丸亀市飯野町西分川緑甲５８４－１ ハローズ棟内,2,shop_id=5798
マックスプラザ善通寺,香川県善通寺市中村町1798-2 1F ,4,shop_id=12668
GiGO高松,香川県高松市勅使町535 ,2,shop_id=6988
アミパラ高松店,香川県高松市伏石町	2168-2 ,2,shop_id=12271
アミュージアム高松,香川県高松市伏石町2144-9 ,2,shop_id=9365
ラウンドワンスタジアム高松,香川県高松市松島町2-7-43 ,4,shop_id=11651
FeedyA綾川店,香川県綾歌郡綾川町萱原822-1 イオンモール綾川2階,2,shop_id=12763
namcoフジグラン今治店,愛媛県今治市東門町 5丁目13番1号 フジグラン今治2階,4,shop_id=729
タイトーFステーション今治ワールドプラザ,愛媛県今治市東村 1-14-2 今治ワールドプラザ内 ,2,shop_id=12491
アミューズメントパークMG 伊予三島店,愛媛県四国中央市中之庄町75-1 ,2,shop_id=11138
プラサカプコン新居浜店,愛媛県新居浜市前田町８－８ イオン新居浜２階,4,shop_id=11356
GiGO松山,愛媛県松山市枝松5-7-32 ,2,shop_id=7697
アミパラ松山店,愛媛県松山市生石町６５５－１ アミパラ松山,2,shop_id=5529
アミューズメントパークMG キスケ店,愛媛県松山市宮田町4 キスケBOX内1F,2,shop_id=9952
アミューズメントパークMG朝生田店,愛媛県松山市朝生田町４－４－３２ 第１自動車教習所ビル１階,2,shop_id=2491
タイトーステーション衣山店,愛媛県松山市衣山１丁目１８８ パルティフジ衣山,2,shop_id=6409
プレイドーム松山,愛媛県松山市余戸南4丁目 9-40 ,2,shop_id=11771
アミューズメントパークMG東予周布店,愛媛県西条市周布７１５－１ フジ東予別棟,2,shop_id=9113
ソユーフォレストハンター松前店,愛媛県伊予郡松前町筒井850 エミフルMASAKI1階,2,shop_id=1416
アミパラ高知店,高知県南国市篠原194-1 ,2,shop_id=11000
ウェアハウス四万十店,高知県四万十市右山五月町8-13 ,2,shop_id=11204
アミューズメントパークMG 須崎神田店,高知県須崎市神田2500-1 ,2,shop_id=9924
タイトーFステーション野市店,高知県香南市野市町西野2007-1 フジグラン野市,2,shop_id=8698
アミュージアム高知店,高知県高知市介良字長丁乙317-1 ,2,shop_id=526
プラサカプコン高知店,高知県高知市秦南町1丁目4番8号 イオンモール高知東館3階,2,shop_id=1921
ラウンドワン高知,高知県高知市南宝永町4-12 ,4,shop_id=11634
GiGO中間,福岡県中間市上蓮花寺3-1-1 ,4,shop_id=1224
楽市街道くるめ店,福岡県久留米市新合川２－７－１０ 楽市街道くるめ１階,2,shop_id=5698
遊道楽新合川店,福岡県久留米市新合川１－６－７ ,4,shop_id=6240
G-pala小倉店,福岡県北九州市小倉南区上葛原1-14-1 ,4,shop_id=8978
G-stage小倉,福岡県北九州市小倉北区浅野2-14-5 あるあるCity2F ,2,shop_id=12289
PEP 魚町店,福岡県北九州市小倉北区魚町2-4-20 ,2,shop_id=12728
ラウンドワンスタジアム小倉,福岡県北九州市小倉北区西港町15-65 ,4,shop_id=10743
楽市楽座砂津店,福岡県北九州市小倉北区砂津３丁目１－１ チャチャタウン小倉Ｂ棟３階,2,shop_id=3715
ラウンドワン大野城,福岡県大野城市御笠川1-18-16 ,4,shop_id=11652
スペースワン,福岡県小郡市小郡1466-3 ,2,shop_id=12448
プラサカプコン直方店,福岡県直方市湯野原２－１－１ イオン直方２階,2,shop_id=1076
G-pala博多店,福岡県福岡市博多区東光寺町2丁目6-40 ,2,shop_id=9970
G-stage七隈,福岡県福岡市城南区七隈8-4-8 ,2,shop_id=12288
GiGO福岡天神,福岡県福岡市中央区天神2-7-6 DADAビル1-3F,2,shop_id=11688
namcoららぽーと福岡店,福岡県福岡市博多区 那珂 6-23-1 ららぽーと福岡内4F ,8,shop_id=11822
namco博多バスターミナル店,福岡県福岡市博多区博多駅中央街２－１ 博多バスターミナル７階,8,shop_id=1714
タイトーステーション福岡天神店,福岡県福岡市中央区天神２ー６ー３５ サザンクロスビル,6,shop_id=3794
マンガ倉庫 月隈店,福岡県福岡市博多区東月隈3丁目18番1号 ,2,shop_id=12577
ラウンドワンスタジアム博多半道橋店,福岡県福岡市博多区半道橋２丁目２番８号 ラウンドワンスタジアム博多半道橋,2,shop_id=6921
ラウンドワン福岡天神,福岡県福岡市中央区天神2-6-12 ,4,shop_id=11635
楽市楽座福重店,福岡県福岡市西区石丸４－２６３－１ 楽市楽座福重,2,shop_id=8234
楽市街道箱崎店２Ｆ,福岡県福岡市東区箱崎５丁目１番８号 楽市街道箱崎,2,shop_id=5699
楽市楽座行橋店,福岡県行橋市西泉６－１－１ コスタ行橋,2,shop_id=6203
G-Stage飯塚店,福岡県飯塚市枝国680－2 G－stage飯塚,2,shop_id=11171
サープラ新宮あそびタウン,福岡県糟屋郡新宮町美咲3-1-40 新宮ドーム,2,shop_id=9054
最後の5ドル,福岡県糟屋郡粕屋町大字仲原2706 ,6,shop_id=6775
楽市楽座２１０トリアス店,福岡県糟屋郡久山町山田９９０ 楽市楽座２１０トリアス,2,shop_id=3667
ソニックワールド伊万里店,佐賀県伊万里市二里町八谷搦１８９番地３ ソニックワールド伊万里,2,shop_id=11173
namcoモラージュ佐賀店,佐賀県佐賀市巨勢町大字牛島730 モラージュ佐賀 南館1F,4,shop_id=10533
タイトーFステーション モラージュ佐賀店,佐賀県佐賀市巨勢町牛島730 モラージュ佐賀2F,4,shop_id=11855
ラウンドワンスタジアム佐賀店,佐賀県佐賀市兵庫町大字藤木１１１０ ,2,shop_id=6113
楽市楽座３０３佐賀大和店,佐賀県佐賀市大和町尼寺２９６５ イオン佐賀大和,2,shop_id=6197
遊道楽嘉瀬店,佐賀県佐賀市嘉瀬町大字中原２４８８－１ 遊道楽嘉瀬,4,shop_id=6239
GiGO武雄,佐賀県武雄市武雄町富岡12517-1 アクロスプラザ武雄,2,shop_id=6557
アミパラ佐世保店,長崎県佐世保市大塔町１８－１５ アミパラ佐世保,4,shop_id=6529
サープラ佐世保あそびタウン,長崎県佐世保市田原町38-1 ,2,shop_id=11288
モーリーファンタジー大塔店,長崎県佐世保市大塔町１４－２ イオン大塔３階,2,shop_id=3050
ソニックワールド大村店,長崎県大村市古賀島町３８３－１ ソニックワールド大村,2,shop_id=11172
GiGO諫早,長崎県諫早市小川町90-1 ,4,shop_id=6475
G-stage浜町,長崎県長崎市浜町2-26 ,2,shop_id=11195
namcoアミュプラザ長崎新館店,長崎県長崎市尾上町 1番1号アミュプラザ長崎新館4階9401,4,shop_id=12447
G-pala時津店,長崎県西彼杵郡時津町野田郷59 ,2,shop_id=3856
遊道楽時津,長崎県西彼杵郡時津町元村郷863-10 ,2,shop_id=11612
FESTA人吉店,熊本県人吉市宝来町1307番地1 HITOYOSHI-REX,2,shop_id=2018
パスカワールド宇土店,熊本県宇土市善道寺町綾織95 宇土シティモール,2,shop_id=11765
ＦＥＳＴＡ山鹿店,熊本県山鹿市方保田鳥越３４６８－１ ＦＥＳＴＡ山鹿,2,shop_id=3383
namcoWC南熊本店,熊本県熊本市中央区九品寺6丁目9番1 ワンダーシティ南熊本,8,shop_id=1886
サープラ下通りあそびタウン,熊本県熊本市中央区手取本町4-12 ザ・ファインビルB1,2,shop_id=5820
サープラ熊本あそびタウン,熊本県熊本市東区御領8-4-82 ,2,shop_id=10507
スポラ九品寺,熊本県熊本市中央区九品寺5-10-15 ,2,shop_id=11613
ラウンドワン熊本店,熊本県熊本市西区春日7－25－15 ,2,shop_id=6116
サープラ荒尾あそびタウン,熊本県荒尾市原万田700-1 ,2,shop_id=11555
パスカワールドグリーンランド店,熊本県荒尾市本井手1574-54 パスカワールドグリーンランド,4,shop_id=11766
モーリーファンタジー熊本店,熊本県上益城郡嘉島町上島字長池2232 イオン熊本2階,2,shop_id=10256
スポラ菊陽,熊本県菊池郡菊陽町 津久礼駄飼代 2617-2 ,4,shop_id=11614
GiGO中津,大分県中津市沖代町1-2-16 ,2,shop_id=5592
ユーズランド三光店,大分県中津市三光佐知１０３２ イオンモール三光２階,4,shop_id=5564
FESTA佐伯店,大分県佐伯市鶴岡西町2丁目163番地 コスモタウン佐伯内,2,shop_id=1115
タイトーFステーション ゆめタウン別府店,大分県別府市楠町382-6 ゆめタウン別府店内,2,shop_id=1197
GiGO高城,大分県大分市牧1-161-8 セガワールド高城,2,shop_id=1155
タイトーFステーション セントポルタ大分店,大分県大分市中央町2‐1-1 ,2,shop_id=3619
プラサカプコン大分店,大分県大分市公園通り西２－１ イオンパークプレイス大分２階,4,shop_id=127
ラウンドワンスタジアム大分,大分県大分市萩原2-13-17 ,2,shop_id=11657
ＦＥＳＴＡフリーモールわさだ店,大分県大分市木上鉾手２１０２ ＦＥＳＴＡフリーモールわさだ,2,shop_id=2103
G-pala日田,大分県日田市大字友田字荻鶴９８６－１ Ｇ－ｐａｌａ日田,2,shop_id=2561
ラウンドワンスタジアム宮崎店,宮崎県宮崎市中村東3丁目4-60 ,4,shop_id=9977
楽市楽座イオンモール宮崎店,宮崎県宮崎市新別府町江口８６２－１ イオン宮崎２階区画№２３１,2,shop_id=3716
モーリーファンタジー延岡店,宮崎県延岡市旭町２－２－１ イオン延岡２階,2,shop_id=3055
namco日向店,宮崎県日向市大字日知屋14798-1 ハイパーモールメルクス日向店内1F,4,shop_id=1746
サープラ都城あそびタウン,宮崎県都城市上川東4丁目5997-4 ,2,shop_id=1083
マンガ倉庫都城,宮崎県都城市吉尾町840 ,2,shop_id=10502
タイトーFステーション ニシムタ出水店,鹿児島県出水市六月田町347 ,4,shop_id=10896
AmusementcityG-STA,鹿児島県薩摩川内市向田本町49 ,2,shop_id=11736
トレトレ倉庫あそびば川内店,鹿児島県薩摩川内市永利町777 ,2,shop_id=12528
ゲームセンター電撃 ベイサイド店,鹿児島県鹿児島市浜町2番2 ,4,shop_id=12741
サープラ天文館あそびタウン,鹿児島県鹿児島市千日町5-6 ,2,shop_id=10218
サープラ鹿児島あそびタウン,鹿児島県鹿児島市与次郎1-11-1 フレスポジャングルパーク2階,2,shop_id=799
マンガ倉庫鹿児島,鹿児島県鹿児島市小松原1-6-7 ,4,shop_id=8281
モーリーファンタジー鹿児島店,鹿児島県鹿児島市東開町7 イオンモール鹿児島3階,2,shop_id=9725
ラウンドワンスタジアム鹿児島宇宿,鹿児島県鹿児島市宇宿2-2-2 ,4,shop_id=11648
マンガ倉庫鹿屋店,鹿児島県鹿屋市 寿 8-714-2 ,2,shop_id=11250
サープラ鹿屋あそびタウン,鹿児島県肝属郡肝付町富山1008-5 ,2,shop_id=5884
ラウンドワンスタジアム沖縄・宜野湾店,沖縄県宜野湾市真志喜３－２８－８ ,4,shop_id=6111
マンガ倉庫 浦添店,沖縄県浦添市城間2689-1 ,4,shop_id=11248
モーリーファンタジー那覇店,沖縄県那覇市金城５－１０－２ イオン那覇３階,2,shop_id=2114
ゲームランドジョイジャングル美浜店,沖縄県中頭郡北谷町美浜１５－６８ ドラゴンパレス２階,2,shop_id=9159
ラウンドワン沖縄・南風原,沖縄県島尻郡南風原町兼城552 ,2,shop_id=11636
