shop,address,count,shopid,shop+address
ラウンドワンスタジアム函館,北海道函館市西桔梗町848-11 ,2,shop_id=11669,ラウンドワンスタジアム函館 北海道函館市西桔梗町848-11 
ＢＩＧＢＡＮＧ函館,北海道函館市梁川町４－１ パボッツ函館 ３階,2,shop_id=462,ＢＩＧＢＡＮＧ函館 北海道函館市梁川町４－１ パボッツ函館 ３階
モーリーファンタジー上磯店,北海道北斗市七重浜4-44-1 イオン上磯1階,2,shop_id=10381,モーリーファンタジー上磯店 北海道北斗市七重浜4-44-1 イオン上磯1階
BIG BANG 北見,北海道北見市中央三輪７丁目４４６番地１ ＢＩＧＢＡＮＧ北見,2,shop_id=9204,BIG BANG 北見 北海道北見市中央三輪７丁目４４６番地１ ＢＩＧＢＡＮＧ北見
ディノスパーク北見,北海道北見市西三輪5―1―16 ディノスパーク北見,2,shop_id=9155,ディノスパーク北見 北海道北見市西三輪5―1―16 ディノスパーク北見
イオン千歳キッズ・パーク,北海道千歳市栄町６－６１ イオン千歳,2,shop_id=5542,イオン千歳キッズ・パーク 北海道千歳市栄町６－６１ イオン千歳
タイトーステーション千歳,北海道千歳市北栄2-12-5 ,2,shop_id=9074,タイトーステーション千歳 北海道千歳市北栄2-12-5 
BIGBANG室蘭,北海道室蘭市中島本町2-8-1 ,2,shop_id=11623,BIGBANG室蘭 北海道室蘭市中島本町2-8-1 
ディノスパーク帯広,北海道帯広市白樺16条西2丁目 ドリームタウン白樺,4,shop_id=529,ディノスパーク帯広 北海道帯広市白樺16条西2丁目 ドリームタウン白樺
ディノスパーク帯広稲田,北海道帯広市稲田町南8線西12-1 帯広スズランボウル,2,shop_id=1273,ディノスパーク帯広稲田 北海道帯広市稲田町南8線西12-1 帯広スズランボウル
キャッツアイ恵庭店,北海道恵庭市住吉町2丁目 9番1号,2,shop_id=11125,キャッツアイ恵庭店 北海道恵庭市住吉町2丁目 9番1号
ソユーゲームフィールド旭川西店,北海道旭川市緑町23-2161-3 イオン旭川西3階,2,shop_id=11277,ソユーゲームフィールド旭川西店 北海道旭川市緑町23-2161-3 イオン旭川西3階
モーリーファンタジー旭川西店,北海道旭川市緑町２３－２１６１－３ イオン旭川西２階,2,shop_id=2227,モーリーファンタジー旭川西店 北海道旭川市緑町２３－２１６１－３ イオン旭川西２階
ラウンドワンスタジアム旭川,北海道旭川市永山三条1-4-7 ,2,shop_id=11663,ラウンドワンスタジアム旭川 北海道旭川市永山三条1-4-7 
遊ランド 春光店,北海道旭川市春光1条7丁目 ,2,shop_id=9416,遊ランド 春光店 北海道旭川市春光1条7丁目 
遊ランド西御料店,北海道旭川市西御料５条２丁目６４－１９ 遊ランド西御料,4,shop_id=6238,遊ランド西御料店 北海道旭川市西御料５条２丁目６４－１９ 遊ランド西御料
MAXIM HERO,北海道札幌市北区北六条西６丁目 ＪＲ札幌駅高架下,4,shop_id=8100,MAXIM HERO 北海道札幌市北区北六条西６丁目 ＪＲ札幌駅高架下
namco札幌エスタ店,北海道札幌市中央区北5条西2丁目1番地1 札幌エスタ9階,6,shop_id=1575,namco札幌エスタ店 北海道札幌市中央区北5条西2丁目1番地1 札幌エスタ9階
namco札幌西町店,北海道札幌市西区西町北13丁目1番 ワンダーシティ札幌,4,shop_id=1576,namco札幌西町店 北海道札幌市西区西町北13丁目1番 ワンダーシティ札幌
キャッツアイミュンヘン大橋店,北海道札幌市豊平区平岸一条23丁目 801-1,2,shop_id=11126,キャッツアイミュンヘン大橋店 北海道札幌市豊平区平岸一条23丁目 801-1
キャッツアイ宮の沢店,北海道札幌市手稲区西宮の沢 5 条 2 丁目 11-15 ,2,shop_id=5939,キャッツアイ宮の沢店 北海道札幌市手稲区西宮の沢 5 条 2 丁目 11-15 
キャッツアイ新川店,北海道札幌市北区新川二条7丁目1-7 キャッツアイ新川,4,shop_id=3873,キャッツアイ新川店 北海道札幌市北区新川二条7丁目1-7 キャッツアイ新川
キャッツアイ新札幌店,北海道札幌市厚別区厚別東5条1丁目1-10 キャッツアイ新札幌,4,shop_id=16,キャッツアイ新札幌店 北海道札幌市厚別区厚別東5条1丁目1-10 キャッツアイ新札幌
キャッツアイ東苗穂店,北海道札幌市東区東苗穂6条2丁目1-25 ,4,shop_id=8887,キャッツアイ東苗穂店 北海道札幌市東区東苗穂6条2丁目1-25 
キャッツアイ清田店,北海道札幌市清田区清田一条一丁目２０－１ キャッツアイ清田,2,shop_id=3874,キャッツアイ清田店 北海道札幌市清田区清田一条一丁目２０－１ キャッツアイ清田
キャッツアイ篠路店,北海道札幌市北区篠路一条４丁目６－３０ キャッツアイ篠路,2,shop_id=11131,キャッツアイ篠路店 北海道札幌市北区篠路一条４丁目６－３０ キャッツアイ篠路
ゲームランド新さっぽろ店,北海道札幌市厚別区厚別中央2条5-7 カテプリさっぽろ 3F,2,shop_id=9920,ゲームランド新さっぽろ店 北海道札幌市厚別区厚別中央2条5-7 カテプリさっぽろ 3F
ソユーゲームフィールド札幌発寒店,北海道札幌市西区発寒八条12-1-1 イオンモール札幌発寒3F,2,shop_id=3528,ソユーゲームフィールド札幌発寒店 北海道札幌市西区発寒八条12-1-1 イオンモール札幌発寒3F
タイトーステーション札幌狸小路2丁目店,北海道札幌市中央区南三条西2-14 ,4,shop_id=9688,タイトーステーション札幌狸小路2丁目店 北海道札幌市中央区南三条西2-14 
ディノスパーク札幌手稲店,北海道札幌市手稲区前田1条11丁目 メルシャンプラースビル3階,2,shop_id=93,ディノスパーク札幌手稲店 北海道札幌市手稲区前田1条11丁目 メルシャンプラースビル3階
ラウンドワンスタジアム札幌・白石本通,北海道札幌市白石区本通16-北1-50 ,2,shop_id=11658,ラウンドワンスタジアム札幌・白石本通 北海道札幌市白石区本通16-北1-50 
ラウンドワンスタジアム札幌北21条,北海道札幌市東区北二十一条東1-1-21 ,4,shop_id=11659,ラウンドワンスタジアム札幌北21条 北海道札幌市東区北二十一条東1-1-21 
ラウンドワン札幌すすきの,北海道札幌市中央区南五条西3-6-1 ,4,shop_id=11632,ラウンドワン札幌すすきの 北海道札幌市中央区南五条西3-6-1 
PALO江別店,北海道江別市幸町35 イオン江別3階,2,shop_id=10182,PALO江別店 北海道江別市幸町35 イオン江別3階
PALO滝川店,北海道滝川市東町2-29-1 イオン滝川1階,2,shop_id=10073,PALO滝川店 北海道滝川市東町2-29-1 イオン滝川1階
遊ランド稚内店,北海道稚内市港5丁目8-15 ,2,shop_id=11811,遊ランド稚内店 北海道稚内市港5丁目8-15 
PALO網走店,北海道網走市駒場北5-83 駒場ショッピングタウン,2,shop_id=10415,PALO網走店 北海道網走市駒場北5-83 駒場ショッピングタウン
PALO苫小牧店,北海道苫小牧市糸井135-1 トライアル苫小牧G棟,2,shop_id=9552,PALO苫小牧店 北海道苫小牧市糸井135-1 トライアル苫小牧G棟
キャッツアイ苫小牧駅前店,北海道苫小牧市木場町1丁目3番地2 ,2,shop_id=12200,キャッツアイ苫小牧駅前店 北海道苫小牧市木場町1丁目3番地2 
ディノスパーク苫小牧,北海道苫小牧市柳町3丁目1-20 イオン苫小牧2階,2,shop_id=20,ディノスパーク苫小牧 北海道苫小牧市柳町3丁目1-20 イオン苫小牧2階
キャッツアイ静内,北海道日高郡新ひだか町静内木場町2-1-41 ,2,shop_id=10742,キャッツアイ静内 北海道日高郡新ひだか町静内木場町2-1-41 
PALO釧路店,北海道釧路郡釧路町桂木１－１－７ イオン釧路２階,2,shop_id=9542,PALO釧路店 北海道釧路郡釧路町桂木１－１－７ イオン釧路２階
ＢＩＧＢＡＮＧ釧路店,北海道釧路郡釧路町木場２－１－１ ,4,shop_id=1778,ＢＩＧＢＡＮＧ釧路店 北海道釧路郡釧路町木場２－１－１ 
ゲームランドつがる柏店,青森県つがる市柏稲盛幾世41 イオンモールつがる柏ショッピングセンター2F,2,shop_id=11363,ゲームランドつがる柏店 青森県つがる市柏稲盛幾世41 イオンモールつがる柏ショッピングセンター2F
PALOむつ店,青森県むつ市中央2-7-8 ,2,shop_id=2790,PALOむつ店 青森県むつ市中央2-7-8 
PALO五所川原店,青森県五所川原市大字唐笠柳字藤巻641番1 アクロスプラザ五所川原,2,shop_id=10074,PALO五所川原店 青森県五所川原市大字唐笠柳字藤巻641番1 アクロスプラザ五所川原
GiGO八戸,青森県八戸市城下4-25-14 GiGO八戸,4,shop_id=3585,GiGO八戸 青森県八戸市城下4-25-14 GiGO八戸
タイトーFステーション八戸店,青森県八戸市三日町27 ,2,shop_id=11813,タイトーFステーション八戸店 青森県八戸市三日町27 
ファンタジードーム八戸,青森県八戸市江陽２－１４－１ ラピア八戸別棟,4,shop_id=527,ファンタジードーム八戸 青森県八戸市江陽２－１４－１ ラピア八戸別棟
GiGO弘前,青森県弘前市末広1-3-3 セガワールドアクティバ,2,shop_id=3936,GiGO弘前 青森県弘前市末広1-3-3 セガワールドアクティバ
インフィニ店,青森県弘前市城東北３－１０－１ さくら野百貨４階,2,shop_id=1063,インフィニ店 青森県弘前市城東北３－１０－１ さくら野百貨４階
タイトーステーション青森アムゼ店,青森県青森市緑３－９－２ イオン青森,2,shop_id=3088,タイトーステーション青森アムゼ店 青森県青森市緑３－９－２ イオン青森
ラウンドワンスタジアム青森店,青森県青森市浜田3-1-1 ラウンドワン青森,4,shop_id=6888,ラウンドワンスタジアム青森店 青森県青森市浜田3-1-1 ラウンドワン青森
ユーズランド下田店,青森県上北郡おいらせ町中野平４０－１ イオン下田１階,6,shop_id=3679,ユーズランド下田店 青森県上北郡おいらせ町中野平４０－１ イオン下田１階
PALO久慈店,岩手県久慈市長内町第30地割32-2 久慈ショッピングセンター1階,2,shop_id=9553,PALO久慈店 岩手県久慈市長内町第30地割32-2 久慈ショッピングセンター1階
G3POROSイオンタウン北上店,岩手県北上市里分4地割20-1 ,4,shop_id=11366,G3POROSイオンタウン北上店 岩手県北上市里分4地割20-1 
チャットタウン北上店,岩手県北上市鬼柳町１９－７１番地外 江釣子パルショッピングセンター,2,shop_id=5606,チャットタウン北上店 岩手県北上市鬼柳町１９－７１番地外 江釣子パルショッピングセンター
GiGO水沢,岩手県奥州市水沢区佐倉河字鐙田4-1 GiGO水沢,2,shop_id=5590,GiGO水沢 岩手県奥州市水沢区佐倉河字鐙田4-1 GiGO水沢
アミューズメントスペースBAGIBAGI,岩手県宮古市新川町3-17 アミューズメントスペースBAGIBAGI,2,shop_id=11536,アミューズメントスペースBAGIBAGI 岩手県宮古市新川町3-17 アミューズメントスペースBAGIBAGI
ゲームランド盛岡店,岩手県盛岡市前潟4-7-1 イオンモール盛岡 2F,2,shop_id=11361,ゲームランド盛岡店 岩手県盛岡市前潟4-7-1 イオンモール盛岡 2F
ソユーゲームフィールド盛岡南店,岩手県盛岡市本宮７－１－１ イオン盛岡南１Ｆ,2,shop_id=7372,ソユーゲームフィールド盛岡南店 岩手県盛岡市本宮７－１－１ イオン盛岡南１Ｆ
タイトーFステーション盛岡南店,岩手県盛岡市津志田町2-1-77 ,2,shop_id=11812,タイトーFステーション盛岡南店 岩手県盛岡市津志田町2-1-77 
タイトーステーション盛岡マッハランド店,岩手県盛岡市上堂１－２－３８ タイトーステーション盛岡マッハランド,2,shop_id=2906,タイトーステーション盛岡マッハランド店 岩手県盛岡市上堂１－２－３８ タイトーステーション盛岡マッハランド
ラウンドワンスタジアム盛岡,岩手県盛岡市盛岡駅西通2丁目10-35 ,2,shop_id=10744,ラウンドワンスタジアム盛岡 岩手県盛岡市盛岡駅西通2丁目10-35 
ソユーファミリーゲームフィールド花巻店,岩手県花巻市高木第１６地割６８－６ 銀河モール花巻,2,shop_id=2375,ソユーファミリーゲームフィールド花巻店 岩手県花巻市高木第１６地割６８－６ 銀河モール花巻
スーパーノバ仙台一番町,宮城県 仙台市青葉区 一番町 4-5-13 サンシャインビル1F ,2,shop_id=11938,スーパーノバ仙台一番町 宮城県 仙台市青葉区 一番町 4-5-13 サンシャインビル1F 
GAMEBANK仙台泉,宮城県仙台市泉区大沢２－５－４ ＧＡＭＥＢＡＮＫ仙台泉,2,shop_id=6489,GAMEBANK仙台泉 宮城県仙台市泉区大沢２－５－４ ＧＡＭＥＢＡＮＫ仙台泉
GiGO 仙台,宮城県仙台市青葉区中央2-5-5 三経60ビル,2,shop_id=11810,GiGO 仙台 宮城県仙台市青葉区中央2-5-5 三経60ビル
ゲームコーナー東部,宮城県仙台市若林区六丁の目中町２６－６０ 斎喜東部ビル２階,4,shop_id=5559,ゲームコーナー東部 宮城県仙台市若林区六丁の目中町２６－６０ 斎喜東部ビル２階
ザ・サードプラネットBiVi仙台店,宮城県仙台市宮城野区榴岡２－１－２５ ＢｉＶｉ仙台,4,shop_id=6482,ザ・サードプラネットBiVi仙台店 宮城県仙台市宮城野区榴岡２－１－２５ ＢｉＶｉ仙台
スーパーノバ イオン仙台中山,宮城県仙台市泉区南中山1丁目35-57 別館3階 ,4,shop_id=10516,スーパーノバ イオン仙台中山 宮城県仙台市泉区南中山1丁目35-57 別館3階 
タイトーステーション仙台クリスロード店,宮城県仙台市青葉区中央２－３－２５ ,2,shop_id=6614,タイトーステーション仙台クリスロード店 宮城県仙台市青葉区中央２－３－２５ 
タイトーステーション仙台ベガロポリス店,宮城県仙台市太白区西多賀５－２４－１ ベガロポリス,2,shop_id=3092,タイトーステーション仙台ベガロポリス店 宮城県仙台市太白区西多賀５－２４－１ ベガロポリス
タイトーステーション仙台名掛丁店,宮城県仙台市青葉区中央１－７－１３ ハピナ名掛丁商街,2,shop_id=8995,タイトーステーション仙台名掛丁店 宮城県仙台市青葉区中央１－７－１３ ハピナ名掛丁商街
ビーカム松森店,宮城県仙台市泉区松森斎兵衛58-1 ,4,shop_id=11222,ビーカム松森店 宮城県仙台市泉区松森斎兵衛58-1 
ラウンドワン仙台苦竹,宮城県仙台市宮城野区苦竹1丁目7番10号 ,2,shop_id=10745,ラウンドワン仙台苦竹 宮城県仙台市宮城野区苦竹1丁目7番10号 
GiGO名取,宮城県名取市飯野坂土城堀57-1 GiGO名取,4,shop_id=1325,GiGO名取 宮城県名取市飯野坂土城堀57-1 GiGO名取
SOYU GAME FIELD古川店,宮城県大崎市古川沢田字筒場浦15番地 イオンタウン古川内,4,shop_id=10913,SOYU GAME FIELD古川店 宮城県大崎市古川沢田字筒場浦15番地 イオンタウン古川内
GiGO佐沼,宮城県登米市迫町佐沼字中江2-5-8 ,2,shop_id=5920,GiGO佐沼 宮城県登米市迫町佐沼字中江2-5-8 
プラサカプコン イオンタウン佐沼店,宮城県登米市南方町新島前46-1 イオンタウン佐沼1階,2,shop_id=2551,プラサカプコン イオンタウン佐沼店 宮城県登米市南方町新島前46-1 イオンタウン佐沼1階
GiGO石巻,宮城県石巻市大街道4丁目1番45号 ,2,shop_id=5923,GiGO石巻 宮城県石巻市大街道4丁目1番45号 
プラサカプコン石巻店,宮城県石巻市蛇田新金沼１７０ イオン石巻２階,4,shop_id=1930,プラサカプコン石巻店 宮城県石巻市蛇田新金沼１７０ イオン石巻２階
スーパーノバ仙台利府店,宮城県宮城郡利府町加瀬前谷地５５－１ 利府ベアガーデン,4,shop_id=5575,スーパーノバ仙台利府店 宮城県宮城郡利府町加瀬前谷地５５－１ 利府ベアガーデン
ユーズランド大河原店,宮城県柴田郡大河原町小島２－１ フォルテ２階,4,shop_id=5667,ユーズランド大河原店 宮城県柴田郡大河原町小島２－１ フォルテ２階
プラサカプコン大曲店,秋田県大仙市和合坪立１７７ イオン大曲２階,4,shop_id=1943,プラサカプコン大曲店 秋田県大仙市和合坪立１７７ イオン大曲２階
namcoイオンタウン大館西店,秋田県大館市根下戸新町１８－１２１ ロックショッピングタウン大館西,4,shop_id=1590,namcoイオンタウン大館西店 秋田県大館市根下戸新町１８－１２１ ロックショッピングタウン大館西
G3POROS横手南店,秋田県横手市婦気大堤字中田4-1 イオンスーパーセンター横手南店 2Fゲームコーナー,2,shop_id=9745,G3POROS横手南店 秋田県横手市婦気大堤字中田4-1 イオンスーパーセンター横手南店 2Fゲームコーナー
ゲームフィールド十文字店,秋田県横手市十文字町仁井田東22-1 スーパーモールラッキー,2,shop_id=401,ゲームフィールド十文字店 秋田県横手市十文字町仁井田東22-1 スーパーモールラッキー
GiGO秋田,秋田県秋田市茨島1丁目1-16 GiGO秋田,2,shop_id=1193,GiGO秋田 秋田県秋田市茨島1丁目1-16 GiGO秋田
SOYU Game Field 御所野店,秋田県秋田市御所野地蔵田１－１－１ イオンモール秋田２階,2,shop_id=2079,SOYU Game Field 御所野店 秋田県秋田市御所野地蔵田１－１－１ イオンモール秋田２階
ソユーゲームフィールド能代店,秋田県能代市鰄渕字古屋布1番 イオンタウン能代内 ,2,shop_id=11560,ソユーゲームフィールド能代店 秋田県能代市鰄渕字古屋布1番 イオンタウン能代内 
スーパーノバ天童店,山形県天童市南町１―５―２６ らら・パーク天童,4,shop_id=239,スーパーノバ天童店 山形県天童市南町１―５―２６ らら・パーク天童
GiGO北山形,山形県山形市北町1-3-20 GiGO北山形,2,shop_id=5595,GiGO北山形 山形県山形市北町1-3-20 GiGO北山形
パルケデアミーゴ,山形県山形市嶋北1-3-1 ,2,shop_id=10039,パルケデアミーゴ 山形県山形市嶋北1-3-1 
GiGO米沢,山形県米沢市大字花沢字タナコ原177 GiGO米沢,2,shop_id=5594,GiGO米沢 山形県米沢市大字花沢字タナコ原177 GiGO米沢
アピナ鶴岡店,山形県鶴岡市文下字広野１－１ アピナ鶴岡,2,shop_id=5793,アピナ鶴岡店 山形県鶴岡市文下字広野１－１ アピナ鶴岡
GiGO庄内,山形県東田川郡三川町猪子大堰端326-6 AGスクエア庄内,2,shop_id=179,GiGO庄内 山形県東田川郡三川町猪子大堰端326-6 AGスクエア庄内
SOYU Game Field三川店,山形県東田川郡三川町猪子和田庫１２８－１ イオンモール三川１階,2,shop_id=5927,SOYU Game Field三川店 山形県東田川郡三川町猪子和田庫１２８－１ イオンモール三川１階
GiGO小名浜,福島県いわき市小名浜林城字塚前18-1 GiGO小名浜,4,shop_id=8097,GiGO小名浜 福島県いわき市小名浜林城字塚前18-1 GiGO小名浜
ドリームファクトリーいわき店,福島県いわき市中央台飯野4-1 MEGAドン・キホーテラパークいわき,2,shop_id=1344,ドリームファクトリーいわき店 福島県いわき市中央台飯野4-1 MEGAドン・キホーテラパークいわき
モーリーファンタジーいわき店,福島県いわき市平字三倉６８－１ イオンいわき３階,2,shop_id=2135,モーリーファンタジーいわき店 福島県いわき市平字三倉６８－１ イオンいわき３階
スーパーノバ会津インター店,福島県会津若松市町北町上荒久田宮下１４２ スーパーノバ会津インター,4,shop_id=2713,スーパーノバ会津インター店 福島県会津若松市町北町上荒久田宮下１４２ スーパーノバ会津インター
G3POROS原町店,福島県南相馬市原町区北原字本屋敷188 ,4,shop_id=11365,G3POROS原町店 福島県南相馬市原町区北原字本屋敷188 
PALO喜多方店,福島県喜多方市字押切南2丁目42-1 ,2,shop_id=9575,PALO喜多方店 福島県喜多方市字押切南2丁目42-1 
GiGO白河,福島県白河市新高山1-1 メガステージ白河,2,shop_id=7847,GiGO白河 福島県白河市新高山1-1 メガステージ白河
GiGO福島,福島県福島市本内中井6-1 GiGO福島,4,shop_id=3080,GiGO福島 福島県福島市本内中井6-1 GiGO福島
ザ・サードプラネットピボット福島店,福島県福島市栄町１－１ パワーシティピボット,2,shop_id=94,ザ・サードプラネットピボット福島店 福島県福島市栄町１－１ パワーシティピボット
スーパーノバ福島店,福島県福島市黒岩中島７－２ スーパーノバ福島,4,shop_id=88,スーパーノバ福島店 福島県福島市黒岩中島７－２ スーパーノバ福島
ラウンドワンスタジアム福島,福島県福島市太田町14-18 ,4,shop_id=11672,ラウンドワンスタジアム福島 福島県福島市太田町14-18 
GiGO日和田,福島県郡山市日和田町字西中島7-1 ,2,shop_id=3582,GiGO日和田 福島県郡山市日和田町字西中島7-1 
namcoイオンタウン郡山店,福島県郡山市松木町2-88 イオンタウン郡山,8,shop_id=1601,namcoイオンタウン郡山店 福島県郡山市松木町2-88 イオンタウン郡山
タイトFーステーション郡山オリエントパーク,福島県郡山市安積町荒井字大久保35-1 ,2,shop_id=2907,タイトFーステーション郡山オリエントパーク 福島県郡山市安積町荒井字大久保35-1 
タイトーFステーション郡山アティ店,福島県郡山市駅前1-16-7 郡山アティ7F,2,shop_id=9620,タイトーFステーション郡山アティ店 福島県郡山市駅前1-16-7 郡山アティ7F
モーリーファンタジー郡山フェスタ店,福島県郡山市日和田町字小原１ イオン郡山フェスタ１階,2,shop_id=2172,モーリーファンタジー郡山フェスタ店 福島県郡山市日和田町字小原１ イオン郡山フェスタ１階
ラウンドワンスタジアム郡山,福島県郡山市向河原町4-55 ,2,shop_id=11640,ラウンドワンスタジアム郡山 福島県郡山市向河原町4-55 
ソユーエンターテイメントスタジオ須賀川店,福島県須賀川市古河１０５番 イオンタウン須賀川Ｂ棟内,4,shop_id=5601,ソユーエンターテイメントスタジオ須賀川店 福島県須賀川市古河１０５番 イオンタウン須賀川Ｂ棟内
ゲームスペースA-3,福島県西白河郡西郷村豊作西15-16-17 ,2,shop_id=9931,ゲームスペースA-3 福島県西白河郡西郷村豊作西15-16-17 
ゲームメガみらい平店,茨城県つくばみらい市陽光台1-14-1 ゲームメガみらい平店,4,shop_id=2051,ゲームメガみらい平店 茨城県つくばみらい市陽光台1-14-1 ゲームメガみらい平店
アミューズメントジャムジャムつくば店,茨城県つくば市竹園1-9-2 デイズタウンB1F,2,shop_id=3848,アミューズメントジャムジャムつくば店 茨城県つくば市竹園1-9-2 デイズタウンB1F
ゲームメガつくば店,茨城県つくば市小野崎177-2 ,2,shop_id=11602,ゲームメガつくば店 茨城県つくば市小野崎177-2 
アミューズビバ,茨城県ひたちなか市東大島2-11-11勝田ミナミボウル内 ,2,shop_id=11713,アミューズビバ 茨城県ひたちなか市東大島2-11-11勝田ミナミボウル内 
アミューズメントジャムジャムひたちなか本店新館,茨城県ひたちなか市田中後40-11 ,2,shop_id=8119,アミューズメントジャムジャムひたちなか本店新館 茨城県ひたちなか市田中後40-11 
ピンクパンサー下妻,茨城県下妻市小島884-10 ,4,shop_id=11699,ピンクパンサー下妻 茨城県下妻市小島884-10 
モーリーファンタジー下妻店,茨城県下妻市堀籠９７２－１ イオンモール下妻２階,2,shop_id=2229,モーリーファンタジー下妻店 茨城県下妻市堀籠９７２－１ イオンモール下妻２階
FESTA古河,茨城県古河市松並2-18-10 マーケットシティ古河,2,shop_id=751,FESTA古河 茨城県古河市松並2-18-10 マーケットシティ古河
ゲームパドック・プラスワン古河店,茨城県古河市小堤１９１６－１ ゲームパドック・プラスワン古河,4,shop_id=1088,ゲームパドック・プラスワン古河店 茨城県古河市小堤１９１６－１ ゲームパドック・プラスワン古河
ゲームパニックつくば,茨城県土浦市中村東1-1-1 サンタスワールド内,4,shop_id=425,ゲームパニックつくば 茨城県土浦市中村東1-1-1 サンタスワールド内
ピンクパンサー土浦店,茨城県土浦市木田余4585-3 ピンクパンサー土浦店,2,shop_id=10620,ピンクパンサー土浦店 茨城県土浦市木田余4585-3 ピンクパンサー土浦店
タイトーFステーション坂東店,茨城県坂東市辺田1104-1 ヨークベニマル坂東,2,shop_id=6610,タイトーFステーション坂東店 茨城県坂東市辺田1104-1 ヨークベニマル坂東
ソユートイズニューヨーク守谷,茨城県守谷市百合ケ丘３―２４９―１ イオンタウン守谷２階,2,shop_id=3002,ソユートイズニューヨーク守谷 茨城県守谷市百合ケ丘３―２４９―１ イオンタウン守谷２階
GiGO日立,茨城県日立市田尻町3-26-1 セガワールド日立,2,shop_id=5593,GiGO日立 茨城県日立市田尻町3-26-1 セガワールド日立
ピンクパンサー日立店,茨城県日立市東多賀町５－１０－１０ ピンクパンサー日立,4,shop_id=1396,ピンクパンサー日立店 茨城県日立市東多賀町５－１０－１０ ピンクパンサー日立
GiGO水戸,茨城県水戸市宮町1-7-44 コムボックス310,2,shop_id=11684,GiGO水戸 茨城県水戸市宮町1-7-44 コムボックス310
GiGO水戸南,茨城県水戸市千波町2017-1 ,2,shop_id=10219,GiGO水戸南 茨城県水戸市千波町2017-1 
ピンクパンサー水戸けやき台店,茨城県水戸市酒門町３２７６－１ ピンクパンサー水戸けやき台,2,shop_id=1860,ピンクパンサー水戸けやき台店 茨城県水戸市酒門町３２７６－１ ピンクパンサー水戸けやき台
ピンクパンサー水戸赤塚店,茨城県水戸市河和田１－１ ピンクパンサー水戸赤塚,2,shop_id=2052,ピンクパンサー水戸赤塚店 茨城県水戸市河和田１－１ ピンクパンサー水戸赤塚
ユーズランド水戸内原店,茨城県水戸市内原２丁目１番地 イオン水戸内原２階,6,shop_id=1140,ユーズランド水戸内原店 茨城県水戸市内原２丁目１番地 イオン水戸内原２階
GiGO石岡,茨城県石岡市東大橋中峯1976-1 ,4,shop_id=1448,GiGO石岡 茨城県石岡市東大橋中峯1976-1 
アミューズメントジャムジャム神栖店,茨城県神栖市神栖1-8-1 ,2,shop_id=7543,アミューズメントジャムジャム神栖店 茨城県神栖市神栖1-8-1 
GiGO霞ケ浦,茨城県稲敷市西代1473-1 ,2,shop_id=11694,GiGO霞ケ浦 茨城県稲敷市西代1473-1 
アピナ下館店,茨城県筑西市玉戸１０１２－３ アピナ下館,2,shop_id=985,アピナ下館店 茨城県筑西市玉戸１０１２－３ アピナ下館
あそびのひろば鹿嶋店,茨城県鹿嶋市宮中290-1 ショッピングセンターチェリオ1階,2,shop_id=11128,あそびのひろば鹿嶋店 茨城県鹿嶋市宮中290-1 ショッピングセンターチェリオ1階
GiGO龍ヶ崎,茨城県龍ヶ崎市藤が丘4-2-8 GiGO龍ヶ崎,4,shop_id=8271,GiGO龍ヶ崎 茨城県龍ヶ崎市藤が丘4-2-8 GiGO龍ヶ崎
PALO石橋店,栃木県下野市下古山3362-1 ヨークタウン石橋,2,shop_id=10388,PALO石橋店 栃木県下野市下古山3362-1 ヨークタウン石橋
namcoフェドラP&D佐野店,栃木県佐野市高萩町1340番地 ,8,shop_id=9608,namcoフェドラP&D佐野店 栃木県佐野市高萩町1340番地 
GiGO宇都宮,栃木県宇都宮市東宿郷5-1-7 セガワールド宇都宮,4,shop_id=3888,GiGO宇都宮 栃木県宇都宮市東宿郷5-1-7 セガワールド宇都宮
namco宇都宮店,栃木県宇都宮市簗瀬町1606番地1 P&Dビル,10,shop_id=1599,namco宇都宮店 栃木県宇都宮市簗瀬町1606番地1 P&Dビル
インターパークプラスワン宇都宮店,栃木県宇都宮市インターパーク６丁目５－１ インターパーク宇都宮南,6,shop_id=5545,インターパークプラスワン宇都宮店 栃木県宇都宮市インターパーク６丁目５－１ インターパーク宇都宮南
シーサイドリゾートアミューズメントパーク,栃木県宇都宮市睦町7-3 ,4,shop_id=11733,シーサイドリゾートアミューズメントパーク 栃木県宇都宮市睦町7-3 
スタジオプリモ宇都宮店,栃木県宇都宮市曲師町2-8 ,2,shop_id=10051,スタジオプリモ宇都宮店 栃木県宇都宮市曲師町2-8 
タイトーFステーショントナリエ宇都宮,栃木県宇都宮市駅前通り1-4-6 トナリエ宇都宮B1,2,shop_id=8891,タイトーFステーショントナリエ宇都宮 栃木県宇都宮市駅前通り1-4-6 トナリエ宇都宮B1
ラウンドワンスタジアム宇都宮,栃木県宇都宮市江曽島町2072-1 ,2,shop_id=11650,ラウンドワンスタジアム宇都宮 栃木県宇都宮市江曽島町2072-1 
GiGO小山,栃木県小山市東城南1―1―18 ,2,shop_id=6458,GiGO小山 栃木県小山市東城南1―1―18 
アピナ小山店,栃木県小山市駅南町４－２７－１８ アピナ小山,2,shop_id=2405,アピナ小山店 栃木県小山市駅南町４－２７－１８ アピナ小山
タイトーFステーション小山店,栃木県小山市喜沢１４７５ おやまゆうえんハーヴェストウォーク,2,shop_id=11821,タイトーFステーション小山店 栃木県小山市喜沢１４７５ おやまゆうえんハーヴェストウォーク
GiGO日光,栃木県日光市芹沼1448-1 センショープラザ,2,shop_id=1951,GiGO日光 栃木県日光市芹沼1448-1 センショープラザ
ドラマ足利店,栃木県足利市朝倉町２４４－１ ドラマ足利,4,shop_id=7976,ドラマ足利店 栃木県足利市朝倉町２４４－１ ドラマ足利
GiGO西那須野,栃木県那須塩原市南郷屋2-106-27 GiGO西那須野,2,shop_id=1382,GiGO西那須野 栃木県那須塩原市南郷屋2-106-27 GiGO西那須野
大田原スポーツランド,栃木県那須塩原市一区町104-60 ,4,shop_id=9405,大田原スポーツランド 栃木県那須塩原市一区町104-60 
インターワールド伊勢崎,群馬県伊勢崎市宮子町3425-4 ,4,shop_id=12263,インターワールド伊勢崎 群馬県伊勢崎市宮子町3425-4 
群馬レジャーランド伊勢崎店,群馬県伊勢崎市連取町3066-1 ,4,shop_id=3646,群馬レジャーランド伊勢崎店 群馬県伊勢崎市連取町3066-1 
タイトーFステーション前橋リリカ,群馬県前橋市国領町2-14-1前橋リリカ2F ,2,shop_id=10210,タイトーFステーション前橋リリカ 群馬県前橋市国領町2-14-1前橋リリカ2F 
マトリクス前橋,群馬県前橋市小相木町558-1 ,4,shop_id=11677,マトリクス前橋 群馬県前橋市小相木町558-1 
ラウンドワンスタジアム前橋,群馬県前橋市天川大島町1101-1 ,2,shop_id=11674,ラウンドワンスタジアム前橋 群馬県前橋市天川大島町1101-1 
GiGO太田,群馬県太田市西矢島町575-1 GiGO太田,2,shop_id=6437,GiGO太田 群馬県太田市西矢島町575-1 GiGO太田
アピナ太田店,群馬県太田市内ケ島町９０７－１ アピナ太田,4,shop_id=108,アピナ太田店 群馬県太田市内ケ島町９０７－１ アピナ太田
ユーズランド太田店,群馬県太田市石原町８１番地 イオンモール太田２階,4,shop_id=3682,ユーズランド太田店 群馬県太田市石原町８１番地 イオンモール太田２階
群馬レジャーランド太田店,群馬県太田市西矢島町162ー2 ,4,shop_id=3569,群馬レジャーランド太田店 群馬県太田市西矢島町162ー2 
群馬レジャーランド渋川店,群馬県渋川市八木原1364 ,4,shop_id=9110,群馬レジャーランド渋川店 群馬県渋川市八木原1364 
群馬レジャーランド藤岡,群馬県藤岡市中2002-1 ,4,shop_id=381,群馬レジャーランド藤岡 群馬県藤岡市中2002-1 
GiGO館林,群馬県館林市小桑原町949-1 ,4,shop_id=5587,GiGO館林 群馬県館林市小桑原町949-1 
ザ・サードプラネット高崎,群馬県高崎市下和田町５－３－８ メディアメガ高崎,2,shop_id=11322,ザ・サードプラネット高崎 群馬県高崎市下和田町５－３－８ メディアメガ高崎
ユーズランド高崎店,群馬県高崎市棟高町１４００ イオン高崎２階,4,shop_id=3004,ユーズランド高崎店 群馬県高崎市棟高町１４００ イオン高崎２階
群馬レジャーランド高崎駅東口店,群馬県高崎市江木町333-1 高崎EXビル,4,shop_id=1473,群馬レジャーランド高崎駅東口店 群馬県高崎市江木町333-1 高崎EXビル
アピナ大宮,埼玉県さいたま市大宮区仲町1-19 大東ビルB1・1F,4,shop_id=11718,アピナ大宮 埼玉県さいたま市大宮区仲町1-19 大東ビルB1・1F
ウェアハウスアミューズ三橋店,埼玉県さいたま市西区三橋6-955-1 ウェアハウス三橋,6,shop_id=11215,ウェアハウスアミューズ三橋店 埼玉県さいたま市西区三橋6-955-1 ウェアハウス三橋
ウェアハウス岩槻店,埼玉県さいたま市岩槻区加倉3-3-63 ,2,shop_id=11203,ウェアハウス岩槻店 埼玉県さいたま市岩槻区加倉3-3-63 
タイトーFステーションダイエー大宮,埼玉県さいたま市大宮区桜木町2‐3大宮西口共同ビル6F ,2,shop_id=10335,タイトーFステーションダイエー大宮 埼玉県さいたま市大宮区桜木町2‐3大宮西口共同ビル6F 
タイトーステーション大宮店,埼玉県さいたま市大宮区大門町一丁目１番地 タイトーステーション大宮,6,shop_id=8869,タイトーステーション大宮店 埼玉県さいたま市大宮区大門町一丁目１番地 タイトーステーション大宮
埼玉レジャーランド大宮ラクーン店,埼玉県さいたま市大宮区宮町1-60 大宮ラクーン5F ,4,shop_id=11999,埼玉レジャーランド大宮ラクーン店 埼玉県さいたま市大宮区宮町1-60 大宮ラクーン5F 
宝島 浦和美園店,埼玉県さいたま市緑区美園5-50-1 イオンモール浦和美園 2F,2,shop_id=11586,宝島 浦和美園店 埼玉県さいたま市緑区美園5-50-1 イオンモール浦和美園 2F
PALO埼玉大井店,埼玉県ふじみ野市西鶴ケ岡1-3-15 ビバモ-ル埼玉大井2階,2,shop_id=10075,PALO埼玉大井店 埼玉県ふじみ野市西鶴ケ岡1-3-15 ビバモ-ル埼玉大井2階
ゲームパニック三郷,埼玉県三郷市ピアラシティ1-1-200 ,4,shop_id=177,ゲームパニック三郷 埼玉県三郷市ピアラシティ1-1-200 
ラウンドワンスタジアムららぽーと新三郷店,埼玉県三郷市新三郷ららシティ３丁目１－１ ららぽーと新三郷２階　２００００番,2,shop_id=5671,ラウンドワンスタジアムららぽーと新三郷店 埼玉県三郷市新三郷ららシティ３丁目１－１ ららぽーと新三郷２階　２００００番
アピナ上尾店,埼玉県上尾市緑丘３丁目３番１１－２号 ＰＡＰＡ上尾プリンセス棟１階・２階,4,shop_id=8706,アピナ上尾店 埼玉県上尾市緑丘３丁目３番１１－２号 ＰＡＰＡ上尾プリンセス棟１階・２階
ウェアハウス上尾店,埼玉県上尾市二ツ宮1044番地 ,2,shop_id=11120,ウェアハウス上尾店 埼玉県上尾市二ツ宮1044番地 
モーリーファンタジー上尾店,埼玉県上尾市愛宕3-8-1 イオンモール上尾2階,2,shop_id=11109,モーリーファンタジー上尾店 埼玉県上尾市愛宕3-8-1 イオンモール上尾2階
ラウンドワンスタジアム上尾店,埼玉県上尾市大字平塚917番地1 ,2,shop_id=9974,ラウンドワンスタジアム上尾店 埼玉県上尾市大字平塚917番地1 
ＦＥＳＴＡ上尾店,埼玉県上尾市愛宕３－１－４０ バリュープラザ上尾愛宕２階,2,shop_id=434,ＦＥＳＴＡ上尾店 埼玉県上尾市愛宕３－１－４０ バリュープラザ上尾愛宕２階
ソユーゲームフィールド菖蒲,埼玉県久喜市菖蒲町菖蒲6005番地1号 モラージュ菖蒲3F,2,shop_id=5659,ソユーゲームフィールド菖蒲 埼玉県久喜市菖蒲町菖蒲6005番地1号 モラージュ菖蒲3F
ラウンドワンスタジアムさいたま・栗橋,埼玉県久喜市小右衛門192-1 ,2,shop_id=11661,ラウンドワンスタジアムさいたま・栗橋 埼玉県久喜市小右衛門192-1 
GiGO入間,埼玉県入間市東藤沢2-18 セガ入間,4,shop_id=1019,GiGO入間 埼玉県入間市東藤沢2-18 セガ入間
ラウンドワンスタジアム入間店,埼玉県入間市 小谷田3丁目7番25号,4,shop_id=9973,ラウンドワンスタジアム入間店 埼玉県入間市 小谷田3丁目7番25号
ザ・サードプラネットフレスポ八潮店,埼玉県八潮市大瀬８２２－１ フレスポ八潮３階,2,shop_id=2997,ザ・サードプラネットフレスポ八潮店 埼玉県八潮市大瀬８２２－１ フレスポ八潮３階
アドアーズ和光,埼玉県和光市本町3-5 MillionAnnex和光1-3F,2,shop_id=11616,アドアーズ和光 埼玉県和光市本町3-5 MillionAnnex和光1-3F
タイトーステーション和光店,埼玉県和光市丸山台１－４－５ タイトーステーション和光,2,shop_id=6433,タイトーステーション和光店 埼玉県和光市丸山台１－４－５ タイトーステーション和光
キャロム坂戸,埼玉県坂戸市関間2-151-1 ,2,shop_id=11707,キャロム坂戸 埼玉県坂戸市関間2-151-1 
GiGO 川口,埼玉県川口市東領家2-2-10 セガ川口,2,shop_id=3886,GiGO 川口 埼玉県川口市東領家2-2-10 セガ川口
ゲームシティ川口店,埼玉県川口市栄町1-10-5 ,4,shop_id=11809,ゲームシティ川口店 埼玉県川口市栄町1-10-5 
シルクハット 川口,埼玉県川口市栄町3-1-16 イート川口ビル4階,4,shop_id=10104,シルクハット 川口 埼玉県川口市栄町3-1-16 イート川口ビル4階
アピナ川越店,埼玉県川越市泉町1-1 ウニクス南古谷シネマ棟1階,4,shop_id=11341,アピナ川越店 埼玉県川越市泉町1-1 ウニクス南古谷シネマ棟1階
アミューズランドモナコ川越店,埼玉県川越市新富町2-4-1 関口池田ビル1F,2,shop_id=11208,アミューズランドモナコ川越店 埼玉県川越市新富町2-4-1 関口池田ビル1F
タイトーFステーションクレアモール川越店,埼玉県川越市新富町2-1-13 カシーラ川越1Fから4F,4,shop_id=542,タイトーFステーションクレアモール川越店 埼玉県川越市新富町2-1-13 カシーラ川越1Fから4F
ベネクス川越,埼玉県川越市大仙波340-1 ,2,shop_id=11708,ベネクス川越 埼玉県川越市大仙波340-1 
タイトーFステーション マルイファミリー志木店,埼玉県志木市本町5-26-1 マルイファミリー志木店 7F ,2,shop_id=10311,タイトーFステーション マルイファミリー志木店 埼玉県志木市本町5-26-1 マルイファミリー志木店 7F 
ギガステーション戸田店,埼玉県戸田市美女木９４３－７ ギガステーション戸田,4,shop_id=8325,ギガステーション戸田店 埼玉県戸田市美女木９４３－７ ギガステーション戸田
モーリーファンタジー北戸田店,埼玉県戸田市美女木東１－３－１ イオン北戸田２階,2,shop_id=2253,モーリーファンタジー北戸田店 埼玉県戸田市美女木東１－３－１ イオン北戸田２階
GiGO所沢,埼玉県所沢市日吉町8-1 GiGO所沢,4,shop_id=6439,GiGO所沢 埼玉県所沢市日吉町8-1 GiGO所沢
キャロム所沢店,埼玉県所沢市下安松969-1 ,2,shop_id=11783,キャロム所沢店 埼玉県所沢市下安松969-1 
タイトーステーション　所沢店,埼玉県所沢市日吉町３番７号 スカイビュウビル１、２Ｆ,2,shop_id=3298,タイトーステーション　所沢店 埼玉県所沢市日吉町３番７号 スカイビュウビル１、２Ｆ
アミュージアム新座店,埼玉県新座市東北２－３２－１２ イオン新座３Ｆ,2,shop_id=3068,アミュージアム新座店 埼玉県新座市東北２－３２－１２ イオン新座３Ｆ
ユーズランド春日部店,埼玉県春日部市下柳４２０－１ イオンモール春日部２Ｆ,4,shop_id=8487,ユーズランド春日部店 埼玉県春日部市下柳４２０－１ イオンモール春日部２Ｆ
埼玉レジャーランド春日部店,埼玉県春日部市増富谷際163-1 ,6,shop_id=1841,埼玉レジャーランド春日部店 埼玉県春日部市増富谷際163-1 
ラウンドワンスタジアム朝霞店,埼玉県朝霞市膝折町2丁目16-10 ,2,shop_id=9975,ラウンドワンスタジアム朝霞店 埼玉県朝霞市膝折町2丁目16-10 
GiGO花園,埼玉県深谷市荒川359 セガ花園,4,shop_id=197,GiGO花園 埼玉県深谷市荒川359 セガ花園
モンテカルロ深谷店,埼玉県深谷市西島町3-1-2 ,2,shop_id=11779,モンテカルロ深谷店 埼玉県深谷市西島町3-1-2 
GiGO籠原,埼玉県熊谷市美土里町1-169 セガワールド籠原,2,shop_id=7519,GiGO籠原 埼玉県熊谷市美土里町1-169 セガワールド籠原
SOYU Game Field熊谷店,埼玉県熊谷市銀座2-245 ショッピングセンターニットーモール4階,2,shop_id=3549,SOYU Game Field熊谷店 埼玉県熊谷市銀座2-245 ショッピングセンターニットーモール4階
namco熊谷店,埼玉県熊谷市銀座２丁目９７番地 ＣＡＲＰＡ,6,shop_id=1579,namco熊谷店 埼玉県熊谷市銀座２丁目９７番地 ＣＡＲＰＡ
プラサカプコン羽生店,埼玉県羽生市川崎２－２８１－３ イオンモール羽生２階,4,shop_id=1937,プラサカプコン羽生店 埼玉県羽生市川崎２－２８１－３ イオンモール羽生２階
ウェアハウス草加(別館),埼玉県草加市稲荷2丁目36番33号 ,4,shop_id=11703,ウェアハウス草加(別館) 埼玉県草加市稲荷2丁目36番33号 
ゲームファクトリーマグマ草加店,埼玉県草加市氷川町１１３２－１ ,4,shop_id=5864,ゲームファクトリーマグマ草加店 埼玉県草加市氷川町１１３２－１ 
ラウンドワン草加,埼玉県草加市谷塚上町204-1 ,2,shop_id=11649,ラウンドワン草加 埼玉県草加市谷塚上町204-1 
アドアーズ蕨,埼玉県蕨市塚越1-4-4 ラ・セーヌビル2F,2,shop_id=11619,アドアーズ蕨 埼玉県蕨市塚越1-4-4 ラ・セーヌビル2F
FUNFUN越谷店,埼玉県越谷市南荻島2770-1 ,6,shop_id=11776,FUNFUN越谷店 埼玉県越谷市南荻島2770-1 
GiGO南越谷ラクーン,埼玉県越谷市南越谷1-15-1 ラクーン南越谷2F ,2,shop_id=11865,GiGO南越谷ラクーン 埼玉県越谷市南越谷1-15-1 ラクーン南越谷2F 
ウェアハウス越谷店,埼玉県越谷市南荻島841番地1 ,2,shop_id=11121,ウェアハウス越谷店 埼玉県越谷市南荻島841番地1 
ユーズランド越谷店,埼玉県越谷市レイクタウン4-2-2 イオンレイクタウンKAZE 3階,6,shop_id=5665,ユーズランド越谷店 埼玉県越谷市レイクタウン4-2-2 イオンレイクタウンKAZE 3階
ラウンドワンさいたま・鴻巣,埼玉県鴻巣市箕田3163-7 ,2,shop_id=11643,ラウンドワンさいたま・鴻巣 埼玉県鴻巣市箕田3163-7 
ラウンドワンさいたま・上里店,埼玉県児玉郡上里町大字金久保394-1 ,2,shop_id=5670,ラウンドワンさいたま・上里店 埼玉県児玉郡上里町大字金久保394-1 
ビッグボウル杉戸,埼玉県北葛飾郡杉戸町杉戸2338 ,2,shop_id=12300,ビッグボウル杉戸 埼玉県北葛飾郡杉戸町杉戸2338 
キャッツアイ八千代店,千葉県八千代市緑が丘西2丁目13番地3 ism緑が丘内 ,4,shop_id=3868,キャッツアイ八千代店 千葉県八千代市緑が丘西2丁目13番地3 ism緑が丘内 
GiGO 千葉,千葉県千葉市中央区富士見2-4-1 富士ビル,4,shop_id=6430,GiGO 千葉 千葉県千葉市中央区富士見2-4-1 富士ビル
GiGO幕張,千葉県千葉市美浜区ひび野1-8 メッセアミューズモール1階,4,shop_id=4010,GiGO幕張 千葉県千葉市美浜区ひび野1-8 メッセアミューズモール1階
GiGO稲毛オーツーパーク,千葉県千葉市稲毛区園生町380-1 オーツパーク,2,shop_id=3935,GiGO稲毛オーツーパーク 千葉県千葉市稲毛区園生町380-1 オーツパーク
アミューズメントパフェパレパレ稲毛長沼店,千葉県千葉市稲毛区長沼原町731-17 フレスポ稲毛A棟-4,2,shop_id=8996,アミューズメントパフェパレパレ稲毛長沼店 千葉県千葉市稲毛区長沼原町731-17 フレスポ稲毛A棟-4
キャッツアイ東千葉店,千葉県千葉市中央区祐光3丁目2番1号 ,4,shop_id=3872,キャッツアイ東千葉店 千葉県千葉市中央区祐光3丁目2番1号 
スポーツウェーブ鉄腕24浜野店,千葉県千葉市中央区浜野町1025-59 ,4,shop_id=6682,スポーツウェーブ鉄腕24浜野店 千葉県千葉市中央区浜野町1025-59 
スポーツウェーブ鉄腕24稲毛長沼店,千葉県千葉市稲毛区長沼原町694 ,4,shop_id=5581,スポーツウェーブ鉄腕24稲毛長沼店 千葉県千葉市稲毛区長沼原町694 
千葉レジャーランド稲毛店,千葉県千葉市稲毛区小仲台2-5-7 海宝ビル2F,4,shop_id=8628,千葉レジャーランド稲毛店 千葉県千葉市稲毛区小仲台2-5-7 海宝ビル2F
アピナ印西店,千葉県印西市原1-2 ビックホップガーデンモール印西2階,2,shop_id=11334,アピナ印西店 千葉県印西市原1-2 ビックホップガーデンモール印西2階
プラサカプコン富津店,千葉県富津市青木１２４－１ イオンモール富津,2,shop_id=1908,プラサカプコン富津店 千葉県富津市青木１２４－１ イオンモール富津
千葉レジャーランド成東店,千葉県山武市姫島111-1 ,4,shop_id=2409,千葉レジャーランド成東店 千葉県山武市姫島111-1 
ゲームチャリオット五井店,千葉県市原市五井中央西2-1-2 ,2,shop_id=9696,ゲームチャリオット五井店 千葉県市原市五井中央西2-1-2 
ゲームランドちはら台店,千葉県市原市ちはら台西3-4 unimoちはら台ショッピングセンター2階,4,shop_id=2711,ゲームランドちはら台店 千葉県市原市ちはら台西3-4 unimoちはら台ショッピングセンター2階
ラウンドワン市原,千葉県市原市八幡北町3-5-1 ,4,shop_id=11673,ラウンドワン市原 千葉県市原市八幡北町3-5-1 
DAIKEIEN P2,千葉県市川市大町３５９ ,4,shop_id=5727,DAIKEIEN P2 千葉県市川市大町３５９ 
タイトーFステーション市川妙典店,千葉県市川市妙典4-1-1 イオン市川妙典2番街2階,4,shop_id=11525,タイトーFステーション市川妙典店 千葉県市川市妙典4-1-1 イオン市川妙典2番街2階
ラウンドワン市川鬼高,千葉県市川市鬼高4-1-3 ,2,shop_id=11654,ラウンドワン市川鬼高 千葉県市川市鬼高4-1-3 
本八幡ゲームUNO,千葉県市川市八幡2-16-6 八幡旗ビルB1F,4,shop_id=11710,本八幡ゲームUNO 千葉県市川市八幡2-16-6 八幡旗ビルB1F
プラサカプコン成田店,千葉県成田市ウイング土屋２４ イオン成田２階,2,shop_id=1913,プラサカプコン成田店 千葉県成田市ウイング土屋２４ イオン成田２階
GiGO我孫子,千葉県我孫子市柴崎47-1 GiGO我孫子,2,shop_id=7520,GiGO我孫子 千葉県我孫子市柴崎47-1 GiGO我孫子
GiGO旭,千葉県旭市ニ3150-1 GiGO旭,2,shop_id=1261,GiGO旭 千葉県旭市ニ3150-1 GiGO旭
タイトーステーション旭サンモール店,千葉県旭市イ－２６７６－１ イオン旭３Ｆ,2,shop_id=3622,タイトーステーション旭サンモール店 千葉県旭市イ－２６７６－１ イオン旭３Ｆ
イスカンダル木更津,千葉県木更津市潮見4-1-2 イスカンダル木更津,4,shop_id=3321,イスカンダル木更津 千葉県木更津市潮見4-1-2 イスカンダル木更津
ソユーゲームフィールド木更津店,千葉県木更津市築地１番４ イオンモール木更津２階,2,shop_id=8756,ソユーゲームフィールド木更津店 千葉県木更津市築地１番４ イオンモール木更津２階
モーリーファンタジー木更津店,千葉県木更津市築地１－４ イオンモール木更津,2,shop_id=8800,モーリーファンタジー木更津店 千葉県木更津市築地１－４ イオンモール木更津
GiGO八柱,千葉県松戸市日暮1-1-1 八柱駅第2ビル2F,2,shop_id=8928,GiGO八柱 千葉県松戸市日暮1-1-1 八柱駅第2ビル2F
namco松戸店,千葉県松戸市松戸1230-1 ピアザ松戸1階,10,shop_id=473,namco松戸店 千葉県松戸市松戸1230-1 ピアザ松戸1階
GiGO 柏,千葉県柏市柏 1-1-11 ファミリかしわB1FB1F,4,shop_id=11690,GiGO 柏 千葉県柏市柏 1-1-11 ファミリかしわB1FB1F
タイトーFステーション柏中央,千葉県柏市十余二249-5 ,4,shop_id=3354,タイトーFステーション柏中央 千葉県柏市十余二249-5 
タイトーステーション柏店,千葉県柏市柏２－３－１ フーサワビル,2,shop_id=6615,タイトーステーション柏店 千葉県柏市柏２－３－１ フーサワビル
モーリーファンタジー柏店,千葉県柏市豊町2丁目5番25号 イオンモール柏2階,2,shop_id=2275,モーリーファンタジー柏店 千葉県柏市豊町2丁目5番25号 イオンモール柏2階
ラウンドワンスタジアム アリオ柏店,千葉県柏市大島田950-1 セブンパークアリオ柏 1070,2,shop_id=9440,ラウンドワンスタジアム アリオ柏店 千葉県柏市大島田950-1 セブンパークアリオ柏 1070
柏ヤングボウル,千葉県柏市南柏中央11-1 ,2,shop_id=11731,柏ヤングボウル 千葉県柏市南柏中央11-1 
ウェアハウス南流山,千葉県流山市南流山4-16-6 ,4,shop_id=11701,ウェアハウス南流山 千葉県流山市南流山4-16-6 
GiGO新浦安,千葉県浦安市入船1-4-1 イオン新浦安4階,2,shop_id=11577,GiGO新浦安 千葉県浦安市入船1-4-1 イオン新浦安4階
ゲームプラザセントラル浦安店,千葉県浦安市北栄1-16-15第四セントラルビル ,6,shop_id=11768,ゲームプラザセントラル浦安店 千葉県浦安市北栄1-16-15第四セントラルビル 
ゲームランド 津田沼店,千葉県習志野市津田沼1-23-1 ,4,shop_id=10088,ゲームランド 津田沼店 千葉県習志野市津田沼1-23-1 
シルクハット 津田沼,千葉県習志野市津田沼1-2-1 十三ビル 地下1階,4,shop_id=11529,シルクハット 津田沼 千葉県習志野市津田沼1-2-1 十三ビル 地下1階
ラウンドワン習志野,千葉県習志野市芝園1-4-5 ,2,shop_id=11676,ラウンドワン習志野 千葉県習志野市芝園1-4-5 
アドアーズ船橋店,千葉県船橋市本町1-31-26 ,2,shop_id=8634,アドアーズ船橋店 千葉県船橋市本町1-31-26 
アミューズメントエース 津田沼店,千葉県船橋市前原西2-15-1 ファミービル1Fから3F,4,shop_id=11321,アミューズメントエース 津田沼店 千葉県船橋市前原西2-15-1 ファミービル1Fから3F
タイトーステーション 船橋,千葉県船橋市本町１丁目６－１ タイトーステーション船橋,2,shop_id=6436,タイトーステーション 船橋 千葉県船橋市本町１丁目６－１ タイトーステーション船橋
テクモピア船橋南口,千葉県船橋市本町1-7-6 ドリーム船橋3F ,2,shop_id=8298,テクモピア船橋南口 千葉県船橋市本町1-7-6 ドリーム船橋3F 
マリンガーデンららぽーとTOKYO-BAY,千葉県船橋市浜町２－２－２ ららぽーとＴＯＫＹＯ－ＢＡＹ西館３Ｆ,2,shop_id=8121,マリンガーデンららぽーとTOKYO-BAY 千葉県船橋市浜町２－２－２ ららぽーとＴＯＫＹＯ－ＢＡＹ西館３Ｆ
アミュージアム茂原店,千葉県茂原市高師１６１９－１ ,2,shop_id=3811,アミュージアム茂原店 千葉県茂原市高師１６１９－１ 
アピナ野田七光台店,千葉県野田市七光台4-2 イオンタウン野田七光台,2,shop_id=11198,アピナ野田七光台店 千葉県野田市七光台4-2 イオンタウン野田七光台
千葉レジャーランド野田店,千葉県野田市吉春鎌田776-1 ,4,shop_id=10,千葉レジャーランド野田店 千葉県野田市吉春鎌田776-1 
佐原ミナミボウル,千葉県香取市佐原イ-4200 ,2,shop_id=11712,佐原ミナミボウル 千葉県香取市佐原イ-4200 
アドアーズ中野,東京都中野区中野5-52-15 中野ブロードウェイ1F 185,4,shop_id=11620,アドアーズ中野 東京都中野区中野5-52-15 中野ブロードウェイ1F 185
ｎａｍｃｏ中野,東京都中野区中野５－５２－１５ 中野ブロードウェイ別館,8,shop_id=1563,ｎａｍｃｏ中野 東京都中野区中野５－５２－１５ 中野ブロードウェイ別館
GiGO赤羽,東京都北区赤羽1-7-9 赤羽第一葉山ビルB1,2,shop_id=11685,GiGO赤羽 東京都北区赤羽1-7-9 赤羽第一葉山ビルB1
GiGO赤羽駅前,東京都北区赤羽1-2-4 ,4,shop_id=11814,GiGO赤羽駅前 東京都北区赤羽1-2-4 
namco王子サンスクエア店,東京都北区王子１－４－１ サンスクエア２Ｆ,6,shop_id=2061,namco王子サンスクエア店 東京都北区王子１－４－１ サンスクエア２Ｆ
ゲームリボン東十条,東京都北区東十条4-4-23 岩本ビル ,2,shop_id=12319,ゲームリボン東十条 東京都北区東十条4-4-23 岩本ビル 
GiGO秋葉原1号館,東京都千代田区外神田1-10-9 サトービル,12,shop_id=7628,GiGO秋葉原1号館 東京都千代田区外神田1-10-9 サトービル
GiGO秋葉原3号館,東京都千代田区外神田1-11-11 外神田1丁目ビル,4,shop_id=3650,GiGO秋葉原3号館 東京都千代田区外神田1-11-11 外神田1丁目ビル
namco秋葉原店,東京都千代田区外神田 1丁目15-9,8,shop_id=12204,namco秋葉原店 東京都千代田区外神田 1丁目15-9
ゲームパニック秋葉原,東京都千代田区外神田1-13-1 ,6,shop_id=11763,ゲームパニック秋葉原 東京都千代田区外神田1-13-1 
タイトーステーション秋葉原店,東京都千代田区外神田４－２－２ 貴三ビル,2,shop_id=6914,タイトーステーション秋葉原店 東京都千代田区外神田４－２－２ 貴三ビル
東京レジャーランド秋葉原2号店,東京都千代田区外神田４丁目３－３ ミナミビル６階,4,shop_id=6916,東京レジャーランド秋葉原2号店 東京都千代田区外神田４丁目３－３ ミナミビル６階
東京レジャーランド秋葉原店,東京都千代田区外神田1-9-5 ,10,shop_id=3670,東京レジャーランド秋葉原店 東京都千代田区外神田1-9-5 
Ｈｅｙ,東京都千代田区外神田１－１０－５ 広瀬本社ビル２Ｆ,8,shop_id=3087,Ｈｅｙ 東京都千代田区外神田１－１０－５ 広瀬本社ビル２Ｆ
アドアーズ上野アメ横,東京都台東区上野4-9-14 上野KKビルB1-4F,2,shop_id=11740,アドアーズ上野アメ横 東京都台東区上野4-9-14 上野KKビルB1-4F
タイトーステーション上野御徒町,東京都台東区上野4-6-9 ,2,shop_id=11626,タイトーステーション上野御徒町 東京都台東区上野4-6-9 
タイトーステーション浅草,東京都台東区浅草１－２７－３ タイトーステーション浅草,2,shop_id=6422,タイトーステーション浅草 東京都台東区浅草１－２７－３ タイトーステーション浅草
タイトーFステーション オリナス錦糸町店,東京都墨田区太平4―1-2 オリナスモール地下1階,4,shop_id=2092,タイトーFステーション オリナス錦糸町店 東京都墨田区太平4―1-2 オリナスモール地下1階
タイトーステーション錦糸町楽天地店,東京都墨田区江東橋４－２７－１４ 楽天地ビル１階,4,shop_id=6435,タイトーステーション錦糸町楽天地店 東京都墨田区江東橋４－２７－１４ 楽天地ビル１階
GiGO大森,東京都大田区山王2-1-5 大森駅ララビル,4,shop_id=3635,GiGO大森 東京都大田区山王2-1-5 大森駅ララビル
シルクハット 蒲田西口,東京都大田区西蒲田7-2-3 第二醍醐ビル地下1階ー2階,6,shop_id=10469,シルクハット 蒲田西口 東京都大田区西蒲田7-2-3 第二醍醐ビル地下1階ー2階
シルクハット大森,東京都大田区山王2-4-1 大森駅前ビル2階,2,shop_id=12360,シルクハット大森 東京都大田区山王2-4-1 大森駅前ビル2階
タイトーステーションBIGFUN平和島店,東京都大田区平和島 1-1-1 BIGFUN平和島3F,4,shop_id=10472,タイトーステーションBIGFUN平和島店 東京都大田区平和島 1-1-1 BIGFUN平和島3F
GiGO 新宿西口,東京都新宿区西新宿1-12-5 クラブセガ新宿西口,4,shop_id=3039,GiGO 新宿西口 東京都新宿区西新宿1-12-5 クラブセガ新宿西口
GiGO神楽坂,東京都新宿区神楽坂2-11 第2カグラヒルズ1F,2,shop_id=6432,GiGO神楽坂 東京都新宿区神楽坂2-11 第2カグラヒルズ1F
GiGO高田馬場,東京都新宿区高田馬場 4-7-5 高田馬場グランド東京ビル,4,shop_id=11842,GiGO高田馬場 東京都新宿区高田馬場 4-7-5 高田馬場グランド東京ビル
ゲームパニック新宿歌舞伎町,東京都新宿区歌舞伎町1-20-1　 ヒューマックスパビリオン新宿歌舞伎町1F・2F,4,shop_id=11737,ゲームパニック新宿歌舞伎町 東京都新宿区歌舞伎町1-20-1　 ヒューマックスパビリオン新宿歌舞伎町1F・2F
タイトーステーション新宿南口ＧＷ店,東京都新宿区新宿３－３５－８ タイトーステーション新宿南口ＧＷ,4,shop_id=295,タイトーステーション新宿南口ＧＷ店 東京都新宿区新宿３－３５－８ タイトーステーション新宿南口ＧＷ
タイトーステーション新宿東口店,東京都新宿区新宿3-22-7 指田ビル,2,shop_id=6407,タイトーステーション新宿東口店 東京都新宿区新宿3-22-7 指田ビル
タイトーステーションＢＩＧＢＯＸ高田馬場,東京都新宿区高田馬場１－３５－３ ＢＩＧＢＯＸ６階,2,shop_id=3015,タイトーステーションＢＩＧＢＯＸ高田馬場 東京都新宿区高田馬場１－３５－３ ＢＩＧＢＯＸ６階
新宿スポーツランド本館,東京都新宿区新宿３－２２－１２ ,4,shop_id=6429,新宿スポーツランド本館 東京都新宿区新宿３－２２－１２ 
アピナ荻窪店,東京都杉並区上萩1-13-10 ,4,shop_id=11197,アピナ荻窪店 東京都杉並区上萩1-13-10 
ゲームスタジオキューブ高円寺,東京都杉並区高円寺南4-26-12 福丸ビルB1F ,2,shop_id=12260,ゲームスタジオキューブ高円寺 東京都杉並区高円寺南4-26-12 福丸ビルB1F 
ゲームサファリ大山,東京都板橋区大山東町 ６０－１０ やすだ大山駅前２Ｆ,2,shop_id=8703,ゲームサファリ大山 東京都板橋区大山東町 ６０－１０ やすだ大山駅前２Ｆ
ラウンドワンスタジアム板橋,東京都板橋区相生町16-13 ,2,shop_id=11665,ラウンドワンスタジアム板橋 東京都板橋区相生町16-13 
GiGO船堀,東京都江戸川区船堀1-6-11 セガ船堀,2,shop_id=3657,GiGO船堀 東京都江戸川区船堀1-6-11 セガ船堀
GiGO西葛西,東京都江戸川区西葛西5-1-14 第一保志ビル,4,shop_id=6431,GiGO西葛西 東京都江戸川区西葛西5-1-14 第一保志ビル
キャッツアイ西葛西店,東京都江戸川区西葛西4-2-28 サニーモール西葛西3F,2,shop_id=2709,キャッツアイ西葛西店 東京都江戸川区西葛西4-2-28 サニーモール西葛西3F
宝島 瑞江店,東京都江戸川区瑞江2-1-2 ドン・キホーテラパーク瑞江4階,2,shop_id=11584,宝島 瑞江店 東京都江戸川区瑞江2-1-2 ドン・キホーテラパーク瑞江4階
ラウンドワンスタジアム ダイバーシティ東京プラザ店,東京都江東区青海１丁目１番１０号 ダイバーシティ東京６階,2,shop_id=6512,ラウンドワンスタジアム ダイバーシティ東京プラザ店 東京都江東区青海１丁目１番１０号 ダイバーシティ東京６階
ラウンドワン南砂店,東京都江東区南砂六丁目７番１５号 イオン南砂,2,shop_id=6395,ラウンドワン南砂店 東京都江東区南砂六丁目７番１５号 イオン南砂
GiGO渋谷宮益坂,東京都渋谷区渋谷1-14-14 ESTビル,6,shop_id=3857,GiGO渋谷宮益坂 東京都渋谷区渋谷1-14-14 ESTビル
アミューズメントスペースASO:VIBA!,東京都渋谷区恵比寿1-10-5 ,4,shop_id=11788,アミューズメントスペースASO:VIBA! 東京都渋谷区恵比寿1-10-5 
タイトーステーション渋谷店,東京都渋谷区渋谷１－２４－１２ 渋谷東映プラザ１階　タイトーステーション内,2,shop_id=6434,タイトーステーション渋谷店 東京都渋谷区渋谷１－２４－１２ 渋谷東映プラザ１階　タイトーステーション内
GiGO 自由が丘,東京都目黒区自由が丘2-10-9 クラブセガ自由ヶ丘,2,shop_id=3560,GiGO 自由が丘 東京都目黒区自由が丘2-10-9 クラブセガ自由ヶ丘
アミュージアムOSC店,東京都練馬区東大泉2-34-1 T・ジョイ大泉2F,2,shop_id=3453,アミュージアムOSC店 東京都練馬区東大泉2-34-1 T・ジョイ大泉2F
アミュージアム大泉,東京都練馬区東大泉2-10-11 LIVINオズ大泉5F,2,shop_id=3326,アミュージアム大泉 東京都練馬区東大泉2-10-11 LIVINオズ大泉5F
ゲームパーク石神井公園,東京都練馬区石神井町3-17-16 ,2,shop_id=12261,ゲームパーク石神井公園 東京都練馬区石神井町3-17-16 
ミラクルイン中村橋,東京都練馬区貫井1-1-2 YKビル2F ,2,shop_id=12262,ミラクルイン中村橋 東京都練馬区貫井1-1-2 YKビル2F 
アドアーズ新小岩,東京都葛飾区新小岩1-44-4 リバティビルB1-3F,4,shop_id=11617,アドアーズ新小岩 東京都葛飾区新小岩1-44-4 リバティビルB1-3F
ハイテクランドセガ立石,東京都葛飾区立石７－２－１ ハイテクランドセガ立石,2,shop_id=5962,ハイテクランドセガ立石 東京都葛飾区立石７－２－１ ハイテクランドセガ立石
東京レジャーランド亀有店,東京都葛飾区亀有3-21-2 ,4,shop_id=8751,東京レジャーランド亀有店 東京都葛飾区亀有3-21-2 
namco巣鴨店,東京都豊島区巣鴨1-15-1 ミヤタビルB2F,8,shop_id=1558,namco巣鴨店 東京都豊島区巣鴨1-15-1 ミヤタビルB2F
namco池袋店,東京都豊島区東池袋1-22-10 ヒューマックスパビリオン池袋サンシャイン60通り 1F,10,shop_id=11056,namco池袋店 東京都豊島区東池袋1-22-10 ヒューマックスパビリオン池袋サンシャイン60通り 1F
アドアーズ池袋東口,東京都豊島区東池袋1-41-4 池袋とうきゅうビル1・2F,4,shop_id=11615,アドアーズ池袋東口 東京都豊島区東池袋1-41-4 池袋とうきゅうビル1・2F
ゲームサファリ池袋,東京都豊島区東池袋1-42-3 やすだ東池袋店2F,2,shop_id=11711,ゲームサファリ池袋 東京都豊島区東池袋1-42-3 やすだ東池袋店2F
タイトーステーション池袋西口,東京都豊島区西池袋1丁目15番9号 西池ビル,4,shop_id=9638,タイトーステーション池袋西口 東京都豊島区西池袋1丁目15番9号 西池ビル
プラサカプコン池袋店,東京都豊島区東池袋1-30-3 キュープラザ3階 ,2,shop_id=11005,プラサカプコン池袋店 東京都豊島区東池袋1-30-3 キュープラザ3階 
ラウンドワン池袋,東京都豊島区東池袋1-14-1 池袋スクエア内,4,shop_id=11769,ラウンドワン池袋 東京都豊島区東池袋1-14-1 池袋スクエア内
GiGO竹の塚,東京都足立区竹の塚6-8-3 ピーくんプラザ,2,shop_id=8514,GiGO竹の塚 東京都足立区竹の塚6-8-3 ピーくんプラザ
ウェアハウス保木間,東京都足立区保木間1-1-19 ,4,shop_id=11702,ウェアハウス保木間 東京都足立区保木間1-1-19 
ウェアハウス入谷店,東京都足立区入谷7-8-11 1階 ウェアハウス入谷,4,shop_id=11202,ウェアハウス入谷店 東京都足立区入谷7-8-11 1階 ウェアハウス入谷
ハイテクランドキューデン,東京都足立区西新井栄町2-7-2 球殿2F,4,shop_id=11732,ハイテクランドキューデン 東京都足立区西新井栄町2-7-2 球殿2F
アピナ八王子みなみ野店,東京都八王子市みなみ野1-2-1 アクロスモール3階,2,shop_id=11336,アピナ八王子みなみ野店 東京都八王子市みなみ野1-2-1 アクロスモール3階
ゲームプラザセントラル八王子,東京都八王子市東町12-15 第五セントラルビル,4,shop_id=11607,ゲームプラザセントラル八王子 東京都八王子市東町12-15 第五セントラルビル
シルクハット 八王子,東京都八王子市旭町2-5 八王子ツインタワービル3階,4,shop_id=10026,シルクハット 八王子 東京都八王子市旭町2-5 八王子ツインタワービル3階
ドラマ八王子高倉店,東京都八王子市高倉町５５－４ ドラマ八王子高倉,4,shop_id=493,ドラマ八王子高倉店 東京都八王子市高倉町５５－４ ドラマ八王子高倉
タイトーステーション 国分寺店,東京都国分寺市本町3-5-11 ,4,shop_id=10192,タイトーステーション 国分寺店 東京都国分寺市本町3-5-11 
PALO聖蹟桜ヶ丘店,東京都多摩市関戸4-72 聖蹟桜ケ丘オーパ6階,2,shop_id=10391,PALO聖蹟桜ヶ丘店 東京都多摩市関戸4-72 聖蹟桜ケ丘オーパ6階
THE 3RD PLANET 多摩センター店,東京都多摩市落合1-41-1 マグレブビルWEST 1階・2階,4,shop_id=7028,THE 3RD PLANET 多摩センター店 東京都多摩市落合1-41-1 マグレブビルWEST 1階・2階
アミューズメントスペース カプセル,東京都多摩市永山1-3-4 ヒューマックスパビリオン永山 1F B1,2,shop_id=2094,アミューズメントスペース カプセル 東京都多摩市永山1-3-4 ヒューマックスパビリオン永山 1F B1
ウェアハウス一橋学園店,東京都小平市学園東町一丁目4番39号 平山ビル3F,2,shop_id=11119,ウェアハウス一橋学園店 東京都小平市学園東町一丁目4番39号 平山ビル3F
GiGO府中,東京都府中市西原町1-6-2 フレスポ府中,2,shop_id=1267,GiGO府中 東京都府中市西原町1-6-2 フレスポ府中
プラサカプコン府中店,東京都府中市宮町1-41-2 ミッテン府中店7階,2,shop_id=11364,プラサカプコン府中店 東京都府中市宮町1-41-2 ミッテン府中店7階
ラウンドワン府中本町駅前店,東京都府中市本町１‐１３‐３ カネカビル,4,shop_id=5679,ラウンドワン府中本町駅前店 東京都府中市本町１‐１３‐３ カネカビル
モーリーファンタジー東久留米店,東京都東久留米市南沢５－１７ イオン東久留米３階,2,shop_id=7503,モーリーファンタジー東久留米店 東京都東久留米市南沢５－１７ イオン東久留米３階
ラウンドワン武蔵村山,東京都武蔵村山市伊奈平3-1-1 ,2,shop_id=11666,ラウンドワン武蔵村山 東京都武蔵村山市伊奈平3-1-1 
タイトーFステーション吉祥寺JOY,東京都武蔵野市吉祥寺本町1-8-23 河田ビル1F,2,shop_id=11625,タイトーFステーション吉祥寺JOY 東京都武蔵野市吉祥寺本町1-8-23 河田ビル1F
フォルム武蔵境,東京都武蔵野市境南町2-7-20 ダイアパレス第2　1F,2,shop_id=11714,フォルム武蔵境 東京都武蔵野市境南町2-7-20 ダイアパレス第2　1F
プラサカプコン吉祥寺店,東京都武蔵野市吉祥寺本町１－１０－１ いなりやビル１階,2,shop_id=1911,プラサカプコン吉祥寺店 東京都武蔵野市吉祥寺本町１－１０－１ いなりやビル１階
ラウンドワン吉祥寺,東京都武蔵野市吉祥寺本町1-11-22 ,2,shop_id=11637,ラウンドワン吉祥寺 東京都武蔵野市吉祥寺本町1-11-22 
東京レジャーランド吉祥寺店,東京都武蔵野市吉祥寺本町1-3-7 YSビル地下1階4階,4,shop_id=11836,東京レジャーランド吉祥寺店 東京都武蔵野市吉祥寺本町1-3-7 YSビル地下1階4階
GiGO町田,東京都町田市原町田6-13-17 アーバンミサワビルB1F,4,shop_id=11681,GiGO町田 東京都町田市原町田6-13-17 アーバンミサワビルB1F
タイトーステーション町田店,東京都町田市原町田６－２１－２３ 松山ビル１Ｆ,4,shop_id=3879,タイトーステーション町田店 東京都町田市原町田６－２１－２３ 松山ビル１Ｆ
ラウンドワン町田,東京都町田市森野1-13-14 ,4,shop_id=11631,ラウンドワン町田 東京都町田市森野1-13-14 
GiGO福生,東京都福生市福生1076-1 セガワールド福生,2,shop_id=8668,GiGO福生 東京都福生市福生1076-1 セガワールド福生
GiGO 立川,東京都立川市柴崎町3-2-1 サザンビル1階,4,shop_id=5507,GiGO 立川 東京都立川市柴崎町3-2-1 サザンビル1階
タイトーステーション 立川北口店,東京都立川市曙町2-4-5 ,6,shop_id=10089,タイトーステーション 立川北口店 東京都立川市曙町2-4-5 
アドアーズ仙川,東京都調布市仙川町2-21-12 VICビル7 1-3F,2,shop_id=11618,アドアーズ仙川 東京都調布市仙川町2-21-12 VICビル7 1-3F
アミューズランドモナコ調布駅前,東京都調布市布田4-2-22 ,2,shop_id=11734,アミューズランドモナコ調布駅前 東京都調布市布田4-2-22 
キャロム青梅店,東京都青梅市千ヶ瀬町4-326-1 ,4,shop_id=11782,キャロム青梅店 東京都青梅市千ヶ瀬町4-326-1 
ドラマ瑞穂店,東京都西多摩郡瑞穂町大字武蔵382-1 ドラマ瑞穂,4,shop_id=5942,ドラマ瑞穂店 東京都西多摩郡瑞穂町大字武蔵382-1 ドラマ瑞穂
ユーズランド日の出店,東京都西多摩郡日の出町平井三吉野桜木５５７番地 イオンモール日の出３階,4,shop_id=2897,ユーズランド日の出店 東京都西多摩郡日の出町平井三吉野桜木５５７番地 イオンモール日の出３階
タイトーFステーションイオン伊勢原店,神奈川県伊勢原市白根630-1 イオン伊勢原3F,2,shop_id=2584,タイトーFステーションイオン伊勢原店 神奈川県伊勢原市白根630-1 イオン伊勢原3F
GiGO本厚木,神奈川県厚木市中町4-15-9 パームトップス,2,shop_id=3628,GiGO本厚木 神奈川県厚木市中町4-15-9 パームトップス
シルクハット本厚木,神奈川県厚木市中町3-4-22 第二会田ビル2F,2,shop_id=11715,シルクハット本厚木 神奈川県厚木市中町3-4-22 第二会田ビル2F
ハローズガーデン厚木店,神奈川県厚木市中町1-5-10 厚木ガーデンシティビル5階,2,shop_id=9621,ハローズガーデン厚木店 神奈川県厚木市中町1-5-10 厚木ガーデンシティビル5階
神奈川レジャーランド厚木店,神奈川県厚木市戸室5-31-1 ,4,shop_id=15,神奈川レジャーランド厚木店 神奈川県厚木市戸室5-31-1 
タイトーステーション小田原店,神奈川県小田原市栄町１－３－１２ ,2,shop_id=6783,タイトーステーション小田原店 神奈川県小田原市栄町１－３－１２ 
小田原メトロポリス,神奈川県小田原市前川２１９－４ 小田原メトロポリス,2,shop_id=11147,小田原メトロポリス 神奈川県小田原市前川２１９－４ 小田原メトロポリス
ﾀｲﾄｰｽﾃｰｼｮﾝ小田原ｼﾃｨｰﾓｰﾙｸﾚｯｾ店,神奈川県小田原市前川１２０ 小田原シティーモールクレッセ２Ｆ,2,shop_id=3023,ﾀｲﾄｰｽﾃｰｼｮﾝ小田原ｼﾃｨｰﾓｰﾙｸﾚｯｾ店 神奈川県小田原市前川１２０ 小田原シティーモールクレッセ２Ｆ
namcoラゾーナ川崎店,神奈川県川崎市幸区堀川町７２－１ ラゾーナ川崎４階,6,shop_id=1368,namcoラゾーナ川崎店 神奈川県川崎市幸区堀川町７２－１ ラゾーナ川崎４階
シルクハット 川崎ダイス,神奈川県川崎市川崎区駅前本町8番地 ダイスビル地下2階,6,shop_id=3618,シルクハット 川崎ダイス 神奈川県川崎市川崎区駅前本町8番地 ダイスビル地下2階
シルクハット 川崎モアーズ,神奈川県川崎市川崎区駅前本町7番地 岡田屋モアーズ1・2階,6,shop_id=8788,シルクハット 川崎モアーズ 神奈川県川崎市川崎区駅前本町7番地 岡田屋モアーズ1・2階
タイト―Fステーション川崎ルフロン店,神奈川県川崎市川崎区日進町1-11 川崎ルフロン10F,4,shop_id=11070,タイト―Fステーション川崎ルフロン店 神奈川県川崎市川崎区日進町1-11 川崎ルフロン10F
タイトーFステーション向ヶ丘遊園,神奈川県川崎市多摩区登戸2718-1 ,2,shop_id=11815,タイトーFステーション向ヶ丘遊園 神奈川県川崎市多摩区登戸2718-1 
モーリーファンタジー川崎店,神奈川県川崎市幸区小倉5-19-23 クロスガーデン川崎,2,shop_id=12325,モーリーファンタジー川崎店 神奈川県川崎市幸区小倉5-19-23 クロスガーデン川崎
ラウンドワンスタジアム川崎大師,神奈川県川崎市川崎区殿町1-5-1 ,4,shop_id=11668,ラウンドワンスタジアム川崎大師 神奈川県川崎市川崎区殿町1-5-1 
ラウンドワン高津,神奈川県川崎市高津区二子4-8-1 ,4,shop_id=11660,ラウンドワン高津 神奈川県川崎市高津区二子4-8-1 
ラウンドワンららぽーと湘南平塚,神奈川県平塚市天沼10-1 ららぽーと湘南平塚3F,2,shop_id=9676,ラウンドワンららぽーと湘南平塚 神奈川県平塚市天沼10-1 ららぽーと湘南平塚3F
アミューズメントパークネバーランド2座間店,神奈川県座間市ひばりが丘4-11-48 アミューズメントパークネバーランド2,8,shop_id=398,アミューズメントパークネバーランド2座間店 神奈川県座間市ひばりが丘4-11-48 アミューズメントパークネバーランド2
GiGO新杉田,神奈川県横浜市磯子区杉田1丁目1‐1 らびすた新杉田2F,4,shop_id=3752,GiGO新杉田 神奈川県横浜市磯子区杉田1丁目1‐1 らびすた新杉田2F
GiGO綱島,神奈川県横浜市港北区綱島西2-6-29 城田ビル3階,4,shop_id=3939,GiGO綱島 神奈川県横浜市港北区綱島西2-6-29 城田ビル3階
namco都筑店,神奈川県横浜市都筑区川和町８４６－１ プラボ都筑,8,shop_id=1548,namco都筑店 神奈川県横浜市都筑区川和町８４６－１ プラボ都筑
アカフーアミューズメント ジアス上大岡店,神奈川県横浜市港南区上大岡西2-1-28 赤い風船パーク本館2階,4,shop_id=6918,アカフーアミューズメント ジアス上大岡店 神奈川県横浜市港南区上大岡西2-1-28 赤い風船パーク本館2階
サープラ横浜あそびタウン,神奈川県横浜市都筑区中川中央1-25―1 ノースポート・モール6階,4,shop_id=359,サープラ横浜あそびタウン 神奈川県横浜市都筑区中川中央1-25―1 ノースポート・モール6階
シルクハット伊勢佐木町,神奈川県横浜市中区伊勢佐木町3-96 日活会館3F,4,shop_id=11716,シルクハット伊勢佐木町 神奈川県横浜市中区伊勢佐木町3-96 日活会館3F
タイトーステーション戸塚西口店,神奈川県横浜市戸塚区戸塚町４０２３番地 ,4,shop_id=6612,タイトーステーション戸塚西口店 神奈川県横浜市戸塚区戸塚町４０２３番地 
タイトーステーション横浜西口五番街店,神奈川県横浜市西区南幸１－１２－９ タイトーステーション横浜西口五番街,6,shop_id=6441,タイトーステーション横浜西口五番街店 神奈川県横浜市西区南幸１－１２－９ タイトーステーション横浜西口五番街
ドラマ港北インター店,神奈川県横浜市都筑区東方町321-6 ,4,shop_id=11843,ドラマ港北インター店 神奈川県横浜市都筑区東方町321-6 
プラサカプコン磯子店,神奈川県横浜市磯子区磯子１－１－１ マリコム磯子ショッピングセンター２階,2,shop_id=281,プラサカプコン磯子店 神奈川県横浜市磯子区磯子１－１－１ マリコム磯子ショッピングセンター２階
ラウンドワン横浜駅西口,神奈川県横浜市西区南幸2-8-16 ,6,shop_id=11628,ラウンドワン横浜駅西口 神奈川県横浜市西区南幸2-8-16 
ゲームパラダイスゼロワン,神奈川県横須賀市若松町1-6 ヨコビル3F,4,shop_id=11709,ゲームパラダイスゼロワン 神奈川県横須賀市若松町1-6 ヨコビル3F
シルクハット横須賀中央,神奈川県横須賀市若松町1-5 横須賀プライム2階,4,shop_id=11289,シルクハット横須賀中央 神奈川県横須賀市若松町1-5 横須賀プライム2階
プラサカプコン横須賀店,神奈川県横須賀市若松町２－３０ モアーズシティ４階ゲームコーナー,2,shop_id=1909,プラサカプコン横須賀店 神奈川県横須賀市若松町２－３０ モアーズシティ４階ゲームコーナー
GiGO海老名,神奈川県海老名市中央1-4-31 海老名プラザビル1F,2,shop_id=11682,GiGO海老名 神奈川県海老名市中央1-4-31 海老名プラザビル1F
タイトーステーション海老名ビナウォーク店,神奈川県海老名市中央1ー18-1 ビナウォーク6番館2F,4,shop_id=3581,タイトーステーション海老名ビナウォーク店 神奈川県海老名市中央1ー18-1 ビナウォーク6番館2F
GiGO相模大野,神奈川県相模原市相模大野3-13-2 フレスコビル2F,2,shop_id=7521,GiGO相模大野 神奈川県相模原市相模大野3-13-2 フレスコビル2F
アドアーズ橋本店,神奈川県相模原市緑区橋本3-3-1 SING橋本2階,2,shop_id=2091,アドアーズ橋本店 神奈川県相模原市緑区橋本3-3-1 SING橋本2階
アピナ橋本店,神奈川県相模原市緑区西橋本５－１－１ アピナ橋本１階,2,shop_id=8417,アピナ橋本店 神奈川県相模原市緑区西橋本５－１－１ アピナ橋本１階
エブリデイFUNﾊｳｽこころっこアリオ橋本店,神奈川県相模原市緑区大山町１－２２ アリオ橋本２階（２３５区画）　エブリデイＦＵＮハウス,2,shop_id=2905,エブリデイFUNﾊｳｽこころっこアリオ橋本店 神奈川県相模原市緑区大山町１－２２ アリオ橋本２階（２３５区画）　エブリデイＦＵＮハウス
ムトス相模原店,神奈川県相模原市中央区中央2-1-5ムトス内 ,4,shop_id=10753,ムトス相模原店 神奈川県相模原市中央区中央2-1-5ムトス内 
GiGO センター南,神奈川県神奈川県横浜市都筑区茅ケ崎中央3-25 ,4,shop_id=12227,GiGO センター南 神奈川県神奈川県横浜市都筑区茅ケ崎中央3-25 
アドアーズ藤沢北口,神奈川県藤沢市藤沢460-1 3・4F,2,shop_id=11621,アドアーズ藤沢北口 神奈川県藤沢市藤沢460-1 3・4F
ゲームインファンファン藤沢新館,神奈川県藤沢市鵠沼石上1-3-8 ,2,shop_id=11720,ゲームインファンファン藤沢新館 神奈川県藤沢市鵠沼石上1-3-8 
タイトーステーション藤沢店,神奈川県藤沢市南藤沢21-1 ,4,shop_id=9609,タイトーステーション藤沢店 神奈川県藤沢市南藤沢21-1 
ドラマ藤沢店,神奈川県藤沢市本藤沢５－６－８ ドラマ藤沢,4,shop_id=521,ドラマ藤沢店 神奈川県藤沢市本藤沢５－６－８ ドラマ藤沢
楽市楽座湘南藤沢店,神奈川県藤沢市辻堂新町４－３－５ ＭｒＭＡＸ湘南藤沢ショッピングセンター２階,2,shop_id=5709,楽市楽座湘南藤沢店 神奈川県藤沢市辻堂新町４－３－５ ＭｒＭＡＸ湘南藤沢ショッピングセンター２階
シルクハット 大船,神奈川県鎌倉市大船1-24 大船駅前ビル1階、2階、3階,2,shop_id=8499,シルクハット 大船 神奈川県鎌倉市大船1-24 大船駅前ビル1階、2階、3階
アピナ上越インター店,新潟県上越市下門前１６６１ アピナ上越インター,4,shop_id=9036,アピナ上越インター店 新潟県上越市下門前１６６１ アピナ上越インター
タイトーFステーション上越店,新潟県上越市富岡3524 J-MAXシアター内1F,4,shop_id=8945,タイトーFステーション上越店 新潟県上越市富岡3524 J-MAXシアター内1F
上越レジャーランボウル,新潟県上越市下門前薬島827-2 ,2,shop_id=5905,上越レジャーランボウル 新潟県上越市下門前薬島827-2 
Hapipi Land十日町店,新潟県十日町市丑735-1 ,2,shop_id=10144,Hapipi Land十日町店 新潟県十日町市丑735-1 
namco新潟店,新潟県新潟市中央区南笹口1-1-1 ドン・キホーテ新潟駅南2階,6,shop_id=5573,namco新潟店 新潟県新潟市中央区南笹口1-1-1 ドン・キホーテ新潟駅南2階
カプコサーカス新潟東店,新潟県新潟市東区大形本町３－１－２ イオン新潟東,6,shop_id=11362,カプコサーカス新潟東店 新潟県新潟市東区大形本町３－１－２ イオン新潟東
タイトーFステーションイオン新潟西店,新潟県新潟市西区小新南２－１－１０ イオン新潟西３Ｆ,4,shop_id=6411,タイトーFステーションイオン新潟西店 新潟県新潟市西区小新南２－１－１０ イオン新潟西３Ｆ
メジャーロード白根店,新潟県新潟市南区上下諏訪木論地948-2 メジャーロード白根,4,shop_id=6091,メジャーロード白根店 新潟県新潟市南区上下諏訪木論地948-2 メジャーロード白根
メジャーロード黒埼店,新潟県新潟市西区山田3303 メジャーロード黒埼,4,shop_id=6089,メジャーロード黒埼店 新潟県新潟市西区山田3303 メジャーロード黒埼
モーリーファンタジー・f 新潟南店,新潟県新潟市江南区下早通柳田１丁目１番１号 イオンモール新潟南２階,2,shop_id=4734,モーリーファンタジー・f 新潟南店 新潟県新潟市江南区下早通柳田１丁目１番１号 イオンモール新潟南２階
ラウンドワンスタジアム新潟店,新潟県新潟市中央区美咲町２－１－３８ ラウンドワンスタジアム新潟,2,shop_id=5674,ラウンドワンスタジアム新潟店 新潟県新潟市中央区美咲町２－１－３８ ラウンドワンスタジアム新潟
タイトーFステーション燕三条店,新潟県燕市井土巻３－１５０ イオン県央１階,4,shop_id=6815,タイトーFステーション燕三条店 新潟県燕市井土巻３－１５０ イオン県央１階
VIVAZONE糸魚川店,新潟県糸魚川市寺島3-2-40 ヴィラオレッタ糸魚川2Fゲームセンター,2,shop_id=5863,VIVAZONE糸魚川店 新潟県糸魚川市寺島3-2-40 ヴィラオレッタ糸魚川2Fゲームセンター
メジャーロード24,新潟県見附市今町4丁目20番地568番地1 メジャーロード24,4,shop_id=5662,メジャーロード24 新潟県見附市今町4丁目20番地568番地1 メジャーロード24
アピナ長岡店,新潟県長岡市堺東町２２ アピナ長岡,4,shop_id=1494,アピナ長岡店 新潟県長岡市堺東町２２ アピナ長岡
ゲームセンターテクノポリス,新潟県長岡市要町1-8-50 ,2,shop_id=11134,ゲームセンターテクノポリス 新潟県長岡市要町1-8-50 
アピナ富山南店,富山県富山市堀川町355-3 マイプラザ,4,shop_id=6680,アピナ富山南店 富山県富山市堀川町355-3 マイプラザ
アピナ富山新庄店,富山県富山市荒川３－２－１２ アピナ富山新庄,2,shop_id=496,アピナ富山新庄店 富山県富山市荒川３－２－１２ アピナ富山新庄
アピナ富山豊田店,富山県富山市豊田町２－１２－６６ アピナ富山豊田,2,shop_id=11353,アピナ富山豊田店 富山県富山市豊田町２－１２－６６ アピナ富山豊田
タイトーステーションファボーレ婦中店,富山県富山市婦中町下轡田１６５－１ フューチャーシティファボーレ２階,2,shop_id=3586,タイトーステーションファボーレ婦中店 富山県富山市婦中町下轡田１６５－１ フューチャーシティファボーレ２階
トヤマレジャーランド呉羽店,富山県富山市高木2054 ,4,shop_id=1987,トヤマレジャーランド呉羽店 富山県富山市高木2054 
富山レジャーランド射水店,富山県射水市小島3724-1 大阪屋ショップアプリオ2階,2,shop_id=11816,富山レジャーランド射水店 富山県射水市小島3724-1 大阪屋ショップアプリオ2階
モーリーファンタジーとなみ店,富山県砺波市中神一丁目174番地 イオンモールとなみ2階,2,shop_id=10252,モーリーファンタジーとなみ店 富山県砺波市中神一丁目174番地 イオンモールとなみ2階
ゲームスポット207,富山県高岡市鐘紡町１６５５－３ ゲームスポット２０７,2,shop_id=8880,ゲームスポット207 富山県高岡市鐘紡町１６５５－３ ゲームスポット２０７
サービスエリアイン高岡,富山県高岡市下石瀬857-1 ,2,shop_id=11723,サービスエリアイン高岡 富山県高岡市下石瀬857-1 
ユーズランド高岡店,富山県高岡市下伏間江３８３ イオン高岡南２階,4,shop_id=5666,ユーズランド高岡店 富山県高岡市下伏間江３８３ イオン高岡南２階
ゲームセンターベティ,石川県七尾市舟尾町ウ-38 ,2,shop_id=11791,ゲームセンターベティ 石川県七尾市舟尾町ウ-38 
バイパスレジャーランド加賀店,石川県加賀市箱宮町ヲ1-1 ,2,shop_id=430,バイパスレジャーランド加賀店 石川県加賀市箱宮町ヲ1-1 
MIRAINOイオンモール白山店,石川県白山市横江町土地区画整理事業施工地区内1街区 イオンモール白山3階3014区画,2,shop_id=11382,MIRAINOイオンモール白山店 石川県白山市横江町土地区画整理事業施工地区内1街区 イオンモール白山3階3014区画
アピナ野々市店,石川県野々市市白山町４－１ イオンタウン野々市,2,shop_id=9690,アピナ野々市店 石川県野々市市白山町４－１ イオンタウン野々市
GiGOイオンタウン金沢示野,石川県金沢市示野中町87街区2号 イオンタウン金沢示野,2,shop_id=7313,GiGOイオンタウン金沢示野 石川県金沢市示野中町87街区2号 イオンタウン金沢示野
ゲーム・パラダイス,石川県金沢市堀川新町5-1 アミューズメントスクエア3F,2,shop_id=11678,ゲーム・パラダイス 石川県金沢市堀川新町5-1 アミューズメントスクエア3F
タイトーステーション金沢,石川県金沢市片町2-1-7 宇都宮片町ビル1F,2,shop_id=11595,タイトーステーション金沢 石川県金沢市片町2-1-7 宇都宮片町ビル1F
バイパスレジャーランド藤江新館,石川県金沢市藤江南2ー105 ,8,shop_id=484,バイパスレジャーランド藤江新館 石川県金沢市藤江南2ー105 
バイパスレジャーランド藤江本館,石川県金沢市藤江南2-41 ,4,shop_id=12252,バイパスレジャーランド藤江本館 石川県金沢市藤江南2-41 
ラウンドワンスタジアム金沢店,石川県金沢市横川６－１２０－１ ,2,shop_id=6112,ラウンドワンスタジアム金沢店 石川県金沢市横川６－１２０－１ 
ジョイランド敦賀店,福井県敦賀市木崎40-12 ,2,shop_id=5904,ジョイランド敦賀店 福井県敦賀市木崎40-12 
GiGO福井,福井県福井市丸山1-410 ,2,shop_id=12327,GiGO福井 福井県福井市丸山1-410 
レッツワクワク エルパ店,福井県福井市大和田町第32-24-1 エルパ,2,shop_id=3850,レッツワクワク エルパ店 福井県福井市大和田町第32-24-1 エルパ
福井レジャーランドワイプラザ店,福井県福井市新保町北1ー303 ヤスサキワイプラザB棟2階,4,shop_id=2060,福井レジャーランドワイプラザ店 福井県福井市新保町北1ー303 ヤスサキワイプラザB棟2階
福井レジャーランド板垣店,福井県福井市下馬3-101 ,4,shop_id=10106,福井レジャーランド板垣店 福井県福井市下馬3-101 
GiGO武生,福井県越前市新町3字13-4 GiGO武生,2,shop_id=1796,GiGO武生 福井県越前市新町3字13-4 GiGO武生
プレイタウン・パル富士吉田店,山梨県富士吉田市新西原4丁目12-15 ,2,shop_id=12287,プレイタウン・パル富士吉田店 山梨県富士吉田市新西原4丁目12-15 
ゲームパニック甲府店,山梨県甲府市国母5-20-24 ゲームパニック甲府,2,shop_id=9915,ゲームパニック甲府店 山梨県甲府市国母5-20-24 ゲームパニック甲府
ﾀｲﾄｰFｽﾃｰｼｮﾝﾗｻﾞｳｫｰｸ甲斐双葉店,山梨県甲斐市志田字柿木６１６－１ ラザウォーク甲斐双葉アミューズメント棟１Ｆ,6,shop_id=2489,ﾀｲﾄｰFｽﾃｰｼｮﾝﾗｻﾞｳｫｰｸ甲斐双葉店 山梨県甲斐市志田字柿木６１６－１ ラザウォーク甲斐双葉アミューズメント棟１Ｆ
ラウンドワン山梨・石和,山梨県笛吹市石和町広瀬737-1 ,2,shop_id=11653,ラウンドワン山梨・石和 山梨県笛吹市石和町広瀬737-1 
プラサカプコン甲府店,山梨県中巨摩郡昭和町西条字北河原3717 プラサカプコン甲府,4,shop_id=6037,プラサカプコン甲府店 山梨県中巨摩郡昭和町西条字北河原3717 プラサカプコン甲府
GiGO上田,長野県上田市大字上田1847-1 ,2,shop_id=3281,GiGO上田 長野県上田市大字上田1847-1 
アピナ上田,長野県上田市秋和３５９－１ アピナ上田,4,shop_id=8883,アピナ上田 長野県上田市秋和３５９－１ アピナ上田
アピナ伊那店,長野県伊那市西町５０９３ アピナ伊那,2,shop_id=2298,アピナ伊那店 長野県伊那市西町５０９３ アピナ伊那
アピナ佐久インター店,長野県佐久市岩村田北１－１３－１ アピナ佐久インター,4,shop_id=3883,アピナ佐久インター店 長野県佐久市岩村田北１－１３－１ アピナ佐久インター
アピナ塩尻店,長野県塩尻市広丘野村１７９４－１ アピナ塩尻,4,shop_id=1226,アピナ塩尻店 長野県塩尻市広丘野村１７９４－１ アピナ塩尻
セガワールド豊科,長野県安曇野市豊科南穂高１１１５ セガワールド豊科,2,shop_id=3661,セガワールド豊科 長野県安曇野市豊科南穂高１１１５ セガワールド豊科
GiGO岡谷,長野県岡谷市塚間町2-1-21 セガ岡谷,2,shop_id=218,GiGO岡谷 長野県岡谷市塚間町2-1-21 セガ岡谷
GiGO松本,長野県松本市渚1-7-1  なぎさライフサイト内,4,shop_id=22,GiGO松本 長野県松本市渚1-7-1  なぎさライフサイト内
アピナ松本店,長野県松本市双葉１９－１０ アピナ松本,4,shop_id=9032,アピナ松本店 長野県松本市双葉１９－１０ アピナ松本
PALO諏訪店,長野県諏訪市沖田町5丁目18 諏訪ステーションパーク,4,shop_id=9545,PALO諏訪店 長野県諏訪市沖田町5丁目18 諏訪ステーションパーク
アピナ長野大橋店,長野県長野市若里７－９－１２ アピナ長野大橋,2,shop_id=8504,アピナ長野大橋店 長野県長野市若里７－９－１２ アピナ長野大橋
アピナ長野川中島店,長野県長野市川中島町御厨967-1 アピナ川中島,4,shop_id=3933,アピナ長野川中島店 長野県長野市川中島町御厨967-1 アピナ川中島
アピナ長野村山店,長野県長野市村山５０２－１ アピナ長野村山,2,shop_id=1447,アピナ長野村山店 長野県長野市村山５０２－１ アピナ長野村山
ザ・サードプラネット 長野大通り店,長野県長野市権堂町１５０６番地３ 長電権堂第２ビル１階,2,shop_id=11320,ザ・サードプラネット 長野大通り店 長野県長野市権堂町１５０６番地３ 長電権堂第２ビル１階
ラウンドワンスタジアム長野店,長野県長野市東和田８２７番６ ,2,shop_id=5675,ラウンドワンスタジアム長野店 長野県長野市東和田８２７番６ 
アピナ飯田店,長野県飯田市座光寺３７２７－１ アピナ飯田,2,shop_id=5794,アピナ飯田店 長野県飯田市座光寺３７２７－１ アピナ飯田
オリエンタルバッティングセンター可児,岐阜県可児市?今渡?695-1 ,2,shop_id=12190,オリエンタルバッティングセンター可児 岐阜県可児市?今渡?695-1 
アピナ各務原店,岐阜県各務原市蘇原花園町2-9-1 ,4,shop_id=11196,アピナ各務原店 岐阜県各務原市蘇原花園町2-9-1 
ゲームピコ鵜沼店,岐阜県各務原市鵜沼西町 3丁目309イオンタウン各務原鵜沼内,4,shop_id=12356,ゲームピコ鵜沼店 岐阜県各務原市鵜沼西町 3丁目309イオンタウン各務原鵜沼内
MIRAINOイオンモール土岐店,岐阜県土岐市土岐津町土岐口 1372番1イオンモール土岐2F,2,shop_id=11992,MIRAINOイオンモール土岐店 岐阜県土岐市土岐津町土岐口 1372番1イオンモール土岐2F
ゲームハウスアリババ,岐阜県大垣市池尻町940-1 ,4,shop_id=9830,ゲームハウスアリババ 岐阜県大垣市池尻町940-1 
大垣メトロポリス,岐阜県大垣市三塚町西沼５２３－１ イオンタウン大垣,2,shop_id=2312,大垣メトロポリス 岐阜県大垣市三塚町西沼５２３－１ イオンタウン大垣
ACグランド茜部店,岐阜県岐阜市茜部大川１－７７ ,4,shop_id=9084,ACグランド茜部店 岐阜県岐阜市茜部大川１－７７ 
ゲームファンタジアン 精華店,岐阜県岐阜市鏡島精華2-2-1 ,2,shop_id=11770,ゲームファンタジアン 精華店 岐阜県岐阜市鏡島精華2-2-1 
モーリーファンタジー・f 岐阜店,岐阜県岐阜市正木中1-2-1 イオン岐阜北館 イオン3F,2,shop_id=9556,モーリーファンタジー・f 岐阜店 岐阜県岐阜市正木中1-2-1 イオン岐阜北館 イオン3F
アピナ本巣店,岐阜県本巣市政田字下西浦 1986 イオンタウン本巣内,2,shop_id=11331,アピナ本巣店 岐阜県本巣市政田字下西浦 1986 イオンタウン本巣内
ラウンドワンモレラ岐阜店,岐阜県本巣市三橋１１００ モレラ岐阜,2,shop_id=5676,ラウンドワンモレラ岐阜店 岐阜県本巣市三橋１１００ モレラ岐阜
岐阜レジャーランド穂積店,岐阜県瑞穂市稲里630番地 ,4,shop_id=984,岐阜レジャーランド穂積店 岐阜県瑞穂市稲里630番地 
セガワールド高山,岐阜県高山市上岡本町７丁目７ ,2,shop_id=12350,セガワールド高山 岐阜県高山市上岡本町７丁目７ 
ジョイランド三島,静岡県三島市梅名３０８－６ ,2,shop_id=2523,ジョイランド三島 静岡県三島市梅名３０８－６ 
タイトーＦステーションイオン富士宮店,静岡県富士宮市浅間町１番８号 イオン富士宮３階,2,shop_id=6420,タイトーＦステーションイオン富士宮店 静岡県富士宮市浅間町１番８号 イオン富士宮３階
モーリーファンタジー富士宮店,静岡県富士宮市浅間町1-8 イオン富士宮2階,2,shop_id=9550,モーリーファンタジー富士宮店 静岡県富士宮市浅間町1-8 イオン富士宮2階
ザ・サードプラネット富士店,静岡県富士市永田町２－９９ ザ・サードプラネット富士,2,shop_id=555,ザ・サードプラネット富士店 静岡県富士市永田町２－９９ ザ・サードプラネット富士
モーリーファンタジー・f 富士南店,静岡県富士市鮫島１１８－１０ イオンタウン富士南２階,2,shop_id=2768,モーリーファンタジー・f 富士南店 静岡県富士市鮫島１１８－１０ イオンタウン富士南２階
ラウンドワン富士,静岡県富士市八代町4番15号 ,4,shop_id=10746,ラウンドワン富士 静岡県富士市八代町4番15号 
THE 3RD PLANET島田店,静岡県島田市中溝町2531 THE3RDPLANET島田,2,shop_id=1139,THE 3RD PLANET島田店 静岡県島田市中溝町2531 THE3RDPLANET島田
アップル島田,静岡県島田市宝来町8-5 アップル島田,2,shop_id=8256,アップル島田 静岡県島田市宝来町8-5 アップル島田
GiGO掛川,静岡県掛川市細田248 GiGO掛川,4,shop_id=8357,GiGO掛川 静岡県掛川市細田248 GiGO掛川
アピナ大須賀店,静岡県掛川市西大渕3359 ロックタウン,2,shop_id=11200,アピナ大須賀店 静岡県掛川市西大渕3359 ロックタウン
ザ・サードプラネットＢｉＶｉ沼津店,静岡県沼津市大手町１－１－５ ＢｉＶｉ沼津,4,shop_id=3000,ザ・サードプラネットＢｉＶｉ沼津店 静岡県沼津市大手町１－１－５ ＢｉＶｉ沼津
ジョイランドアミューズ諏訪店,静岡県沼津市大諏訪叶２０－２ ジョイランドアミューズ諏訪,2,shop_id=3899,ジョイランドアミューズ諏訪店 静岡県沼津市大諏訪叶２０－２ ジョイランドアミューズ諏訪
アピナ浜松店,静岡県浜松市中区葵西2-27-10 イオンタウン内,2,shop_id=11337,アピナ浜松店 静岡県浜松市中区葵西2-27-10 イオンタウン内
ザ・サードプラネット OZ浜松店,静岡県浜松市東区宮竹町３２２－１ ＯＺ浜松,4,shop_id=7305,ザ・サードプラネット OZ浜松店 静岡県浜松市東区宮竹町３２２－１ ＯＺ浜松
タイトーFステーションイオンモール浜松市野店,静岡県浜松市東区天王町１９８１－３ イオンモール浜松市野２Ｆ,2,shop_id=8731,タイトーFステーションイオンモール浜松市野店 静岡県浜松市東区天王町１９８１－３ イオンモール浜松市野２Ｆ
プラサカプコン志都呂店,静岡県浜松市西区志都呂町2丁目37-1 イオンモール浜松志都呂3階,2,shop_id=1925,プラサカプコン志都呂店 静岡県浜松市西区志都呂町2丁目37-1 イオンモール浜松志都呂3階
ポート24浜松店,静岡県浜松市西区坪井町４１８３ ポート２４浜松,4,shop_id=8441,ポート24浜松店 静岡県浜松市西区坪井町４１８３ ポート２４浜松
ラウンドワンスタジアム浜松,静岡県浜松市東区天王町字諏訪1981-17 ,4,shop_id=11633,ラウンドワンスタジアム浜松 静岡県浜松市東区天王町字諏訪1981-17 
楽市楽座サンストリート浜北店,静岡県浜松市浜北区平口２８６１ サンストリート浜北Ｍ－２０７,2,shop_id=1153,楽市楽座サンストリート浜北店 静岡県浜松市浜北区平口２８６１ サンストリート浜北Ｍ－２０７
アップルグランリバー大井川店,静岡県焼津市下江留1327番地 アップルグランリバー大井川,2,shop_id=3840,アップルグランリバー大井川店 静岡県焼津市下江留1327番地 アップルグランリバー大井川
アピナ焼津店,静岡県焼津市道原585 シートピアYAZ焼津,4,shop_id=11199,アピナ焼津店 静岡県焼津市道原585 シートピアYAZ焼津
ザ・サードプラネット焼津,静岡県焼津市八楠３－１８－５ ザ・サードプラネット焼津,4,shop_id=1182,ザ・サードプラネット焼津 静岡県焼津市八楠３－１８－５ ザ・サードプラネット焼津
アピナ磐田店,静岡県磐田市西貝塚横須賀道北3690イオンタウン磐田内 ,2,shop_id=9413,アピナ磐田店 静岡県磐田市西貝塚横須賀道北3690イオンタウン磐田内 
GiGO袋井,静岡県袋井市川井1142-1 GiGO袋井,2,shop_id=8717,GiGO袋井 静岡県袋井市川井1142-1 GiGO袋井
AMUSEMENT PARK(静岡店),静岡県静岡市葵区柚木191 MARKIS静岡3階,2,shop_id=7550,AMUSEMENT PARK(静岡店) 静岡県静岡市葵区柚木191 MARKIS静岡3階
アップル新北街道店,静岡県静岡市葵区沓谷5-13-4 ,4,shop_id=11781,アップル新北街道店 静岡県静岡市葵区沓谷5-13-4 
スーパーウェーブ静岡店,静岡県静岡市清水区鳥坂860 フレスポ静岡2F西,4,shop_id=11817,スーパーウェーブ静岡店 静岡県静岡市清水区鳥坂860 フレスポ静岡2F西
タイトーFステーション静岡店,静岡県静岡市葵区呉服町二丁目５番地４ ふしみや第２ビル,2,shop_id=8967,タイトーFステーション静岡店 静岡県静岡市葵区呉服町二丁目５番地４ ふしみや第２ビル
ラウンドワン静岡・駿河,静岡県静岡市駿河区向手越一丁目10番1号 ,2,shop_id=10636,ラウンドワン静岡・駿河 静岡県静岡市駿河区向手越一丁目10番1号 
GiGO サントムーン柿田川,静岡県駿東郡清水町玉川 61-2 サントムーン柿田川2F,2,shop_id=1450,GiGO サントムーン柿田川 静岡県駿東郡清水町玉川 61-2 サントムーン柿田川2F
GiGO尾西,愛知県一宮市篭屋3-9-7 アソビックスびさい1階,2,shop_id=3764,GiGO尾西 愛知県一宮市篭屋3-9-7 アソビックスびさい1階
GiGOイオンタウン刈谷,愛知県刈谷市東境町京和1 イオンタウン刈谷,2,shop_id=2881,GiGOイオンタウン刈谷 愛知県刈谷市東境町京和1 イオンタウン刈谷
M'sPARK刈谷,愛知県刈谷市稲場町3-206 ,2,shop_id=11705,M'sPARK刈谷 愛知県刈谷市稲場町3-206 
アミューズメントプラザマルシン,愛知県刈谷市池田町4-609 ,2,shop_id=11686,アミューズメントプラザマルシン 愛知県刈谷市池田町4-609 
ラウンドワンスタジアム名古屋西春,愛知県北名古屋市宇福寺神明15 ,2,shop_id=11664,ラウンドワンスタジアム名古屋西春 愛知県北名古屋市宇福寺神明15 
楽市街道名古屋店,愛知県北名古屋市中之郷字神明４５－１ 楽市街道名古屋,2,shop_id=11009,楽市街道名古屋店 愛知県北名古屋市中之郷字神明４５－１ 楽市街道名古屋
ラウンドワンスタジアム半田店,愛知県半田市瑞穂町6丁目7番地の8 ,4,shop_id=9976,ラウンドワンスタジアム半田店 愛知県半田市瑞穂町6丁目7番地の8 
半田メトロポリス,愛知県半田市旭町3-11-1 半田コロナワールド,4,shop_id=2096,半田メトロポリス 愛知県半田市旭町3-11-1 半田コロナワールド
GiGOマーケットスクエアささしま,愛知県名古屋市中村区平池町4丁目60番地14号 ,2,shop_id=11683,GiGOマーケットスクエアささしま 愛知県名古屋市中村区平池町4丁目60番地14号 
GiGO金山,愛知県名古屋市熱田区金山1-19-2 ,2,shop_id=11680,GiGO金山 愛知県名古屋市熱田区金山1-19-2 
VAMP中川,愛知県名古屋市中川区新家１丁目２００７ ,6,shop_id=11609,VAMP中川 愛知県名古屋市中川区新家１丁目２００７ 
ゲーム・キング・ジョイ,愛知県名古屋市中区栄3-3-32 ,4,shop_id=11724,ゲーム・キング・ジョイ 愛知県名古屋市中区栄3-3-32 
コムテックスクウェア,愛知県名古屋市中区金山1-16-8 ,2,shop_id=11729,コムテックスクウェア 愛知県名古屋市中区金山1-16-8 
コムテックタワー,愛知県名古屋市中村区名駅4-10-20 ,4,shop_id=11728,コムテックタワー 愛知県名古屋市中村区名駅4-10-20 
タイトーステーションフェドラ大須店,愛知県名古屋市中区大須3丁目30番地31号 萬松寺駐車場ビル1階,8,shop_id=3100,タイトーステーションフェドラ大須店 愛知県名古屋市中区大須3丁目30番地31号 萬松寺駐車場ビル1階
タイトーステーション大須店,愛知県名古屋市中区大須3-20-7 タイトーステーション大須,4,shop_id=8054,タイトーステーション大須店 愛知県名古屋市中区大須3-20-7 タイトーステーション大須
ファンタジープラザ名古屋店,愛知県名古屋市北区玄馬町２３４－１ ドン・キホーテ名古屋本店２Ｆ,6,shop_id=9325,ファンタジープラザ名古屋店 愛知県名古屋市北区玄馬町２３４－１ ドン・キホーテ名古屋本店２Ｆ
プラサカプコン徳重店,愛知県名古屋市緑区元徳重1-505 ヒルズウォーク徳重ガーデンズ,2,shop_id=9951,プラサカプコン徳重店 愛知県名古屋市緑区元徳重1-505 ヒルズウォーク徳重ガーデンズ
ポート24八事店,愛知県名古屋市昭和区広路町北石坂102-4 ,2,shop_id=9792,ポート24八事店 愛知県名古屋市昭和区広路町北石坂102-4 
モーリーファンタジー・f 新瑞橋店,愛知県名古屋市南区菊住１丁目７－１０ イオン新瑞橋３階,2,shop_id=2772,モーリーファンタジー・f 新瑞橋店 愛知県名古屋市南区菊住１丁目７－１０ イオン新瑞橋３階
ラウンドワンスタジアム中川1号線,愛知県名古屋市中川区法蔵町2-23 ,4,shop_id=11629,ラウンドワンスタジアム中川1号線 愛知県名古屋市中川区法蔵町2-23 
ラウンドワン千種,愛知県名古屋市千種区新栄3-20-17 タイホウ千種駅南ビル8F,2,shop_id=11655,ラウンドワン千種 愛知県名古屋市千種区新栄3-20-17 タイホウ千種駅南ビル8F
ラウンドワン鳴海,愛知県名古屋市緑区鳴海町字杜若28 ,2,shop_id=11662,ラウンドワン鳴海 愛知県名古屋市緑区鳴海町字杜若28 
名古屋レジャーランド内田橋,愛知県名古屋市南区２－２６－２２ トスカビル ２Ｆ,4,shop_id=8491,名古屋レジャーランド内田橋 愛知県名古屋市南区２－２６－２２ トスカビル ２Ｆ
名古屋レジャーランド大高店,愛知県名古屋市緑区大高町忠治山201番地 ,8,shop_id=1048,名古屋レジャーランド大高店 愛知県名古屋市緑区大高町忠治山201番地 
GiGO安城,愛知県安城市百石町2-35-13 GiGO安城,4,shop_id=8595,GiGO安城 愛知県安城市百石町2-35-13 GiGO安城
安城メトロポリス,愛知県安城市浜富町6-8 安城メトロポリス,2,shop_id=278,安城メトロポリス 愛知県安城市浜富町6-8 安城メトロポリス
小牧メトロポリス,愛知県小牧市間々片山181-1 タイムトラベル館,4,shop_id=2081,小牧メトロポリス 愛知県小牧市間々片山181-1 タイムトラベル館
ADXマミー岡崎,愛知県岡崎市井田新町6-1 ,2,shop_id=11704,ADXマミー岡崎 愛知県岡崎市井田新町6-1 
GiGO岡崎,愛知県岡崎市上地3-50-4 セガ岡崎,4,shop_id=7832,GiGO岡崎 愛知県岡崎市上地3-50-4 セガ岡崎
ゲームファンタジアン岡崎店,愛知県岡崎市錦町２番地４ ＬＯＯＰ岡崎,4,shop_id=8494,ゲームファンタジアン岡崎店 愛知県岡崎市錦町２番地４ ＬＯＯＰ岡崎
ゲームランド岡崎店,愛知県岡崎市戸崎町外山38-5 イオンモール岡崎,4,shop_id=11358,ゲームランド岡崎店 愛知県岡崎市戸崎町外山38-5 イオンモール岡崎
アミューズファクトリー常滑店,愛知県常滑市りんくう町2丁目20番3 イオンモール常滑2階,2,shop_id=9311,アミューズファクトリー常滑店 愛知県常滑市りんくう町2丁目20番3 イオンモール常滑2階
タイトーステーション弥富,愛知県弥富市五明蒲原1371-4 タイトーステーション弥富,2,shop_id=3335,タイトーステーション弥富 愛知県弥富市五明蒲原1371-4 タイトーステーション弥富
GiGO春日井,愛知県春日井市岩野町菅廻間4180 GiGO春日井,4,shop_id=5723,GiGO春日井 愛知県春日井市岩野町菅廻間4180 GiGO春日井
オークランドボウル春日井,愛知県春日井市鳥居松町3-11 1Fゲームコーナー,4,shop_id=11727,オークランドボウル春日井 愛知県春日井市鳥居松町3-11 1Fゲームコーナー
ラウンドワンスタジアムイーアス春日井,愛知県春日井市六軒屋町東丘22 iias春日井　3010区画,2,shop_id=11675,ラウンドワンスタジアムイーアス春日井 愛知県春日井市六軒屋町東丘22 iias春日井　3010区画
アミューズメントプラザワイド,愛知県東海市名和町二番割上16-2 ,2,shop_id=11687,アミューズメントプラザワイド 愛知県東海市名和町二番割上16-2 
アミュージアム津島店,愛知県津島市大字津島字北新開351 ヨシズヤ津島本店 シネマ館2F,2,shop_id=1371,アミュージアム津島店 愛知県津島市大字津島字北新開351 ヨシズヤ津島本店 シネマ館2F
ゲームアルカナ,愛知県稲沢市朝府町2-33 ,4,shop_id=11726,ゲームアルカナ 愛知県稲沢市朝府町2-33 
プラサカプコン稲沢店,愛知県稲沢市長野7丁目1-2 リーフウォーク稲沢2階,2,shop_id=5650,プラサカプコン稲沢店 愛知県稲沢市長野7丁目1-2 リーフウォーク稲沢2階
MIRAINOイオンモール豊川,愛知県豊川市白鳥町兎足1-16 イオンモール豊川3F ,4,shop_id=12318,MIRAINOイオンモール豊川 愛知県豊川市白鳥町兎足1-16 イオンモール豊川3F 
豊川メトロポリス,愛知県豊川市下長山町上アライ１４－１ 豊川コロナワールド,6,shop_id=2517,豊川メトロポリス 愛知県豊川市下長山町上アライ１４－１ 豊川コロナワールド
GiGO豊橋飯村,愛知県豊橋市飯村町西山25-121 GiGO豊橋飯村,4,shop_id=8716,GiGO豊橋飯村 愛知県豊橋市飯村町西山25-121 GiGO豊橋飯村
アピナ豊橋店,愛知県豊橋市藤沢町141 メガ・ドン・キホーテ豊橋店アミューズメント1階,2,shop_id=11566,アピナ豊橋店 愛知県豊橋市藤沢町141 メガ・ドン・キホーテ豊橋店アミューズメント1階
モーリーファンタジー豊橋南店,愛知県豊橋市野依町字落合１－１２ イオン豊橋南２階,2,shop_id=2252,モーリーファンタジー豊橋南店 愛知県豊橋市野依町字落合１－１２ イオン豊橋南２階
ラウンドワンスタジアム豊橋,愛知県豊橋市大岩町字岩田27番地-2 ,4,shop_id=10747,ラウンドワンスタジアム豊橋 愛知県豊橋市大岩町字岩田27番地-2 
GiGO豊田,愛知県豊田市深田町1-65-1 GiGO豊田,4,shop_id=3627,GiGO豊田 愛知県豊田市深田町1-65-1 GiGO豊田
MsPARK豊田店,愛知県豊田市寿町３－１０ ,4,shop_id=5752,MsPARK豊田店 愛知県豊田市寿町３－１０ 
ゲームファンタジアン長久手,愛知県長久手市武蔵塚705 ,4,shop_id=9822,ゲームファンタジアン長久手 愛知県長久手市武蔵塚705 
ユーズランド東浦店,愛知県知多郡東浦町大字緒川字旭13-2 イオンモール東浦2階,4,shop_id=5541,ユーズランド東浦店 愛知県知多郡東浦町大字緒川字旭13-2 イオンモール東浦2階
ポート24幸田店,愛知県額田郡幸田町大字相見字沖原1-3 カメリアガーデン幸田,4,shop_id=6798,ポート24幸田店 愛知県額田郡幸田町大字相見字沖原1-3 カメリアガーデン幸田
PALO津南店,三重県三重県津市高茶屋小森町145 イオンモール津南3階,2,shop_id=11591,PALO津南店 三重県三重県津市高茶屋小森町145 イオンモール津南3階
GiGO伊勢,三重県伊勢市中須町666 AGスクエア伊勢,2,shop_id=6288,GiGO伊勢 三重県伊勢市中須町666 AGスクエア伊勢
GiGO生桑,三重県四日市市生桑町字川原崎299-1 GiGO生桑,2,shop_id=5915,GiGO生桑 三重県四日市市生桑町字川原崎299-1 GiGO生桑
アピナ四日市店,三重県四日市市泊小柳町4-34 ,4,shop_id=11339,アピナ四日市店 三重県四日市市泊小柳町4-34 
プレビトナリエ四日市店,三重県四日市市安島1-3-31 トナリエ5階,2,shop_id=13,プレビトナリエ四日市店 三重県四日市市安島1-3-31 トナリエ5階
GiGO桑名,三重県桑名市大字大仲新田字宮前158番地 サンシパーク,2,shop_id=7884,GiGO桑名 三重県桑名市大字大仲新田字宮前158番地 サンシパーク
PALO桑名店,三重県桑名市新西方1丁目22番地 イオン2F,2,shop_id=10077,PALO桑名店 三重県桑名市新西方1丁目22番地 イオン2F
NICOPAイオン津店,三重県津市桜橋3-446 イオン津2階,2,shop_id=5617,NICOPAイオン津店 三重県津市桜橋3-446 イオン津2階
ラウンドワン津・高茶屋,三重県津市高茶屋小森町277-8 ,4,shop_id=11641,ラウンドワン津・高茶屋 三重県津市高茶屋小森町277-8 
アピナ鈴鹿店,三重県鈴鹿市庄野羽山４－２０－１ イオンタウン鈴鹿２Ｆ,4,shop_id=8592,アピナ鈴鹿店 三重県鈴鹿市庄野羽山４－２０－１ イオンタウン鈴鹿２Ｆ
アミパラ鈴鹿店,三重県鈴鹿市西条町東澤４３０－１ アミパラ鈴鹿,2,shop_id=11003,アミパラ鈴鹿店 三重県鈴鹿市西条町東澤４３０－１ アミパラ鈴鹿
ラウンドワンスタジアムみえ・川越IC,三重県三重郡川越町南福崎851-1 ,4,shop_id=11670,ラウンドワンスタジアムみえ・川越IC 三重県三重郡川越町南福崎851-1 
アクション堅田,滋賀県大津市今堅田２丁目４０－１０ アクション堅田,2,shop_id=5771,アクション堅田 滋賀県大津市今堅田２丁目４０－１０ アクション堅田
ラウンドワン浜大津アーカス,滋賀県大津市浜町２－１ 浜大津アーカス,2,shop_id=8837,ラウンドワン浜大津アーカス 滋賀県大津市浜町２－１ 浜大津アーカス
滋賀レジャーランド大津,滋賀県大津市におの浜3-1-43 ,4,shop_id=11325,滋賀レジャーランド大津 滋賀県大津市におの浜3-1-43 
エースレーン守山,滋賀県守山市播磨田町２３１－４ ＡＣＴ守山３番館２Ｆ,2,shop_id=8247,エースレーン守山 滋賀県守山市播磨田町２３１－４ ＡＣＴ守山３番館２Ｆ
namcoビバシティ彦根,滋賀県彦根市竹ヶ鼻町４３－１ ビバシティ彦根２Ｆ,4,shop_id=1666,namcoビバシティ彦根 滋賀県彦根市竹ヶ鼻町４３－１ ビバシティ彦根２Ｆ
ゲームディーノ彦根,滋賀県彦根市西沼波町166 ,4,shop_id=11847,ゲームディーノ彦根 滋賀県彦根市西沼波町166 
GiGO甲西,滋賀県湖南市夏見二ツ橋356-1 GiGO甲西,2,shop_id=8510,GiGO甲西 滋賀県湖南市夏見二ツ橋356-1 GiGO甲西
GiGOエイスクエア草津,滋賀県草津市西渋川1-23-23 エイスクエア2F,2,shop_id=3085,GiGOエイスクエア草津 滋賀県草津市西渋川1-23-23 エイスクエア2F
アミパラ草津店,滋賀県草津市木川町72 ,2,shop_id=10500,アミパラ草津店 滋賀県草津市木川町72 
ゲームランド草津店,滋賀県草津市新浜町３００番地 イオン草津３階,4,shop_id=1944,ゲームランド草津店 滋賀県草津市新浜町３００番地 イオン草津３階
エースレーン近江八幡,滋賀県近江八幡市 出町736 ,2,shop_id=10449,エースレーン近江八幡 滋賀県近江八幡市 出町736 
タイトーFステーション 近江八幡店,滋賀県近江八幡市鷹飼町南3-7 イオン近江八幡,4,shop_id=7272,タイトーFステーション 近江八幡店 滋賀県近江八幡市鷹飼町南3-7 イオン近江八幡
エースレーン愛知川店,滋賀県愛知郡愛荘町長野200 ,2,shop_id=11115,エースレーン愛知川店 滋賀県愛知郡愛荘町長野200 
GiGO MOMOテラス京都伏見,京都府京都市伏見区桃山町山ノ下32 MOMOテラスAM棟2F,2,shop_id=1385,GiGO MOMOテラス京都伏見 京都府京都市伏見区桃山町山ノ下32 MOMOテラスAM棟2F
namcoイオンモールKYOTO店,京都府京都市南区西九条鳥居口町1 イオンモールKYOTO Sakura館 4F,6,shop_id=5611,namcoイオンモールKYOTO店 京都府京都市南区西九条鳥居口町1 イオンモールKYOTO Sakura館 4F
サープラ京都あそびタウン,京都府京都市中京区西ノ京栂尾町107番地 BiVi二条内2階,4,shop_id=120,サープラ京都あそびタウン 京都府京都市中京区西ノ京栂尾町107番地 BiVi二条内2階
ネオ・アミューズメントスペースa-cho,京都府京都市中京区寺町通四条上る東大文字町３０２－３０３ Ａ－ｂｒｅａｋビル２・３Ｆ,2,shop_id=5960,ネオ・アミューズメントスペースa-cho 京都府京都市中京区寺町通四条上る東大文字町３０２－３０３ Ａ－ｂｒｅａｋビル２・３Ｆ
プラサカプコン京都店,京都府京都市右京区西院追分町２５－１ イオン京都五条３階,2,shop_id=11360,プラサカプコン京都店 京都府京都市右京区西院追分町２５－１ イオン京都五条３階
ラウンドワンスタジアム京都伏見店,京都府京都市伏見区下鳥羽平塚町23 ,4,shop_id=5672,ラウンドワンスタジアム京都伏見店 京都府京都市伏見区下鳥羽平塚町23 
ラウンドワン京都河原町,京都府京都市中京区河原町通三条下る山崎町250 ,6,shop_id=11630,ラウンドワン京都河原町 京都府京都市中京区河原町通三条下る山崎町250 
モーリーファンタジー高の原店,京都府木津川市相楽台１－１－１ イオン高の原４階,2,shop_id=2232,モーリーファンタジー高の原店 京都府木津川市相楽台１－１－１ イオン高の原４階
あそVIVA,京都府福知山市堀小字下高田2346 ,2,shop_id=5773,あそVIVA 京都府福知山市堀小字下高田2346 
アミパラ久御山店,京都府久世郡久御山町森大内337 イオンタウン久御山,2,shop_id=10996,アミパラ久御山店 京都府久世郡久御山町森大内337 イオンタウン久御山
ゲームフェイス八尾店,大阪府八尾市天王寺屋２－６８ 八尾ボールアロー,2,shop_id=3677,ゲームフェイス八尾店 大阪府八尾市天王寺屋２－６８ 八尾ボールアロー
フタバボウル関大前店,大阪府吹田市千里山東１－７－１８ ,4,shop_id=6033,フタバボウル関大前店 大阪府吹田市千里山東１－７－１８ 
GiGO和泉,大阪府和泉市肥子町2-4-41 GiGO和泉,2,shop_id=8055,GiGO和泉 大阪府和泉市肥子町2-4-41 GiGO和泉
アミパラ光明池店,大阪府和泉市室堂町824-36 コムボックス光明池2階,2,shop_id=11570,アミパラ光明池店 大阪府和泉市室堂町824-36 コムボックス光明池2階
ラウンドワンららぽーと和泉店,大阪府和泉市あゆみ野４－４－７ ４階 ららぽーと和泉,2,shop_id=8851,ラウンドワンららぽーと和泉店 大阪府和泉市あゆみ野４－４－７ ４階 ららぽーと和泉
ゲームパニック堺,大阪府堺市堺区築港八幡町1番地1堺浜 シーサイドステージ内堺浜エンタメ館,2,shop_id=3247,ゲームパニック堺 大阪府堺市堺区築港八幡町1番地1堺浜 シーサイドステージ内堺浜エンタメ館
ソユーゲームフィールド堺鉄砲町店,大阪府堺市堺区鉄砲町1番地 イオンモール堺鉄砲町3階,2,shop_id=9382,ソユーゲームフィールド堺鉄砲町店 大阪府堺市堺区鉄砲町1番地 イオンモール堺鉄砲町3階
ラウンドワンスタジアム堺中央環状店,大阪府堺市東区石原町２町２４１番 ラウンドワンスタジアム堺中央環状,2,shop_id=6114,ラウンドワンスタジアム堺中央環状店 大阪府堺市東区石原町２町２４１番 ラウンドワンスタジアム堺中央環状
ラウンドワンスタジアム堺駅前,大阪府堺市堺区戎島町4-44-3 ,2,shop_id=11656,ラウンドワンスタジアム堺駅前 大阪府堺市堺区戎島町4-44-3 
アミパラ大東店,大阪府大東市南新田2丁目3-5 ,2,shop_id=10729,アミパラ大東店 大阪府大東市南新田2丁目3-5 
G-palaあべの,大阪府大阪市阿倍野区阿倍野筋3-10-1 あべのベルタ2F,4,shop_id=11706,G-palaあべの 大阪府大阪市阿倍野区阿倍野筋3-10-1 あべのベルタ2F
GiGO 難波アビオン,大阪府大阪市浪速区難波中2-3-15 MMOビル1F・2F,6,shop_id=11739,GiGO 難波アビオン 大阪府大阪市浪速区難波中2-3-15 MMOビル1F・2F
GiGOあべのアポロ 3F,大阪府大阪市阿倍野区阿倍野筋1-5-31 アポロビル3F,6,shop_id=1791,GiGOあべのアポロ 3F 大阪府大阪市阿倍野区阿倍野筋1-5-31 アポロビル3F
GiGO今福,大阪府大阪市城東区今福東1-9-34 GiGO今福,2,shop_id=5588,GiGO今福 大阪府大阪市城東区今福東1-9-34 GiGO今福
GiGO大阪第4ビル,大阪府大阪市北区梅田1-11-4 駅前第4ビル地下1階,4,shop_id=5618,GiGO大阪第4ビル 大阪府大阪市北区梅田1-11-4 駅前第4ビル地下1階
namcoマグスミノエ店,大阪府大阪市住之江区泉1丁目1番82号 マグスミノエ1F,4,shop_id=1651,namcoマグスミノエ店 大阪府大阪市住之江区泉1丁目1番82号 マグスミノエ1F
namco大阪日本橋店,大阪府大阪市浪速区難波中2-1-17 コスモビル,10,shop_id=5518,namco大阪日本橋店 大阪府大阪市浪速区難波中2-1-17 コスモビル
namco梅田,大阪府大阪市北区小松原町3番3号 OSビル2Fナムコシティ内,10,shop_id=1641,namco梅田 大阪府大阪市北区小松原町3番3号 OSビル2Fナムコシティ内
アテナ日本橋,大阪府大阪市浪速区難波中２－１－２２ ,2,shop_id=5784,アテナ日本橋 大阪府大阪市浪速区難波中２－１－２２ 
アミューズファクトリーAXE,大阪府大阪市中央区難波1-1-3 ,2,shop_id=11695,アミューズファクトリーAXE 大阪府大阪市中央区難波1-1-3 
タイトーステーション大阪日本橋店,大阪府大阪市浪速区日本橋４－９－１４ タイトーステーション大阪日本橋,2,shop_id=4004,タイトーステーション大阪日本橋店 大阪府大阪市浪速区日本橋４－９－１４ タイトーステーション大阪日本橋
タイトーステーション難波,大阪府大阪市中央区難波千日前１５－１２ タイトーステーション難波,2,shop_id=3620,タイトーステーション難波 大阪府大阪市中央区難波千日前１５－１２ タイトーステーション難波
モーリーファンタジーLINKS UMEDA店,大阪府大阪市北区大深町4-8 LINKS UMEDA 5F,2,shop_id=10909,モーリーファンタジーLINKS UMEDA店 大阪府大阪市北区大深町4-8 LINKS UMEDA 5F
ラウンドワンスタジアム千日前店,大阪府大阪市中央区難波1丁目3番1号 ラウンドワン千日前,10,shop_id=6697,ラウンドワンスタジアム千日前店 大阪府大阪市中央区難波1丁目3番1号 ラウンドワン千日前
ラウンドワンスタジアム城東放出,大阪府大阪市城東区今福南3-4-38 ,2,shop_id=11646,ラウンドワンスタジアム城東放出 大阪府大阪市城東区今福南3-4-38 
ラウンドワン梅田,大阪府大阪市北区小松原町4-16 ,6,shop_id=11627,ラウンドワン梅田 大阪府大阪市北区小松原町4-16 
天王寺パスカ店,大阪府大阪市阿倍野区阿倍野筋２－４－５１ 天王寺パスカ,2,shop_id=5715,天王寺パスカ店 大阪府大阪市阿倍野区阿倍野筋２－４－５１ 天王寺パスカ
ゲームプラザエム,大阪府守口市本町1丁目3-3 ,2,shop_id=12353,ゲームプラザエム 大阪府守口市本町1丁目3-3 
ラウンドワン守口店,大阪府守口市佐太東町２－６－１４ ジャガーグリーン２階,2,shop_id=5678,ラウンドワン守口店 大阪府守口市佐太東町２－６－１４ ジャガーグリーン２階
YAZ寝屋川店,大阪府寝屋川市石津中町25-26 YAZ寝屋川,4,shop_id=11340,YAZ寝屋川店 大阪府寝屋川市石津中町25-26 YAZ寝屋川
モンキートリック,大阪府寝屋川市香里南之町32-5 YNレジデンス香里2F,4,shop_id=11730,モンキートリック 大阪府寝屋川市香里南之町32-5 YNレジデンス香里2F
ラウンドワン岸和田,大阪府岸和田市八阪町2-11-1 ,2,shop_id=11667,ラウンドワン岸和田 大阪府岸和田市八阪町2-11-1 
星狩物語岸和田,大阪府岸和田市作才町1-3-2 ,2,shop_id=11721,星狩物語岸和田 大阪府岸和田市作才町1-3-2 
GiGO布施,大阪府東大阪市長堂1-1-1 ロンモール布施内,2,shop_id=3086,GiGO布施 大阪府東大阪市長堂1-1-1 ロンモール布施内
あそびのひろば 鴻池店,大阪府東大阪市鴻池町1‐1‐72 ,2,shop_id=10246,あそびのひろば 鴻池店 大阪府東大阪市鴻池町1‐1‐72 
ラウンドワン東大阪,大阪府東大阪市若江南町1-2-12 ,4,shop_id=11647,ラウンドワン東大阪 大阪府東大阪市若江南町1-2-12 
GiGO枚方,大阪府枚方市須山町83-1 サンシャインプラザ枚方,2,shop_id=3895,GiGO枚方 大阪府枚方市須山町83-1 サンシャインプラザ枚方
ラウンドワンスタジアム枚方店,大阪府枚方市高野道１丁目２０番２０号 フォレオひらかた,2,shop_id=8570,ラウンドワンスタジアム枚方店 大阪府枚方市高野道１丁目２０番２０号 フォレオひらかた
タイトーFステーションりんくうシークル店,大阪府泉佐野市りんくう往来3 りんくうPTシークル,2,shop_id=5853,タイトーFステーションりんくうシークル店 大阪府泉佐野市りんくう往来3 りんくうPTシークル
泉大津フタバボウル,大阪府泉大津市松之浜町１丁目２番５３号 泉大津フタバボウル,2,shop_id=1524,泉大津フタバボウル 大阪府泉大津市松之浜町１丁目２番５３号 泉大津フタバボウル
あそVIVA阪急茨木店,大阪府茨木市永代町6-2 スポーツプラザ茨木2階,4,shop_id=11389,あそVIVA阪急茨木店 大阪府茨木市永代町6-2 スポーツプラザ茨木2階
モーリーファンタジー・f茨木店,大阪府茨木市松ヶ本町８－３０－５ イオン茨木４階,2,shop_id=10360,モーリーファンタジー・f茨木店 大阪府茨木市松ヶ本町８－３０－５ イオン茨木４階
プラサカプコン藤井寺店,大阪府藤井寺市岡2-10-11 イオン藤井寺ショッピングセンター2F,2,shop_id=11006,プラサカプコン藤井寺店 大阪府藤井寺市岡2-10-11 イオン藤井寺ショッピングセンター2F
GiGO新三国アルゴ7,大阪府豊中市神州町1-15 GiGO新三国アルゴ7,2,shop_id=7872,GiGO新三国アルゴ7 大阪府豊中市神州町1-15 GiGO新三国アルゴ7
ラウンドワン豊中,大阪府豊中市名神口1-1-1 ,2,shop_id=11644,ラウンドワン豊中 大阪府豊中市名神口1-1-1 
ラウンドワンスタジアム高槻店,大阪府高槻市辻子３丁目６番４号 ラウンドワンスタジアム高槻,4,shop_id=5673,ラウンドワンスタジアム高槻店 大阪府高槻市辻子３丁目６番４号 ラウンドワンスタジアム高槻
NICOPA伊丹昆陽店,兵庫県伊丹市池尻4-1-1 イオンモール伊丹昆陽4階,2,shop_id=3714,NICOPA伊丹昆陽店 兵庫県伊丹市池尻4-1-1 イオンモール伊丹昆陽4階
アミパラ加古川店,兵庫県加古川市尾上町今福７１－２ アミパラ加古川,4,shop_id=3008,アミパラ加古川店 兵庫県加古川市尾上町今福７１－２ アミパラ加古川
ハローズガーデン加古川店,兵庫県加古川市別府町緑町 2イトーヨーカドー加古川店3階,2,shop_id=11372,ハローズガーデン加古川店 兵庫県加古川市別府町緑町 2イトーヨーカドー加古川店3階
ラウンドワン加古川,兵庫県加古川市尾上町安田325-6 ,4,shop_id=11671,ラウンドワン加古川 兵庫県加古川市尾上町安田325-6 
遊スペーススプラ（メガコート）,兵庫県加古川市尾上町安田３５１－１ メガコート加古川,4,shop_id=3652,遊スペーススプラ（メガコート） 兵庫県加古川市尾上町安田３５１－１ メガコート加古川
モーリーファンタジー・f加西北条店,兵庫県加西市北条町北条308-1 イオン加西北条2階,2,shop_id=10365,モーリーファンタジー・f加西北条店 兵庫県加西市北条町北条308-1 イオン加西北条2階
GiGO姫路駅前,兵庫県姫路市駅前町254 姫路OSビル地下1階,4,shop_id=5506,GiGO姫路駅前 兵庫県姫路市駅前町254 姫路OSビル地下1階
アピナ姫路店,兵庫県姫路市東郷町1454-3 姫路リオス2F ,4,shop_id=10536,アピナ姫路店 兵庫県姫路市東郷町1454-3 姫路リオス2F 
タイトーFステーション姫路,兵庫県姫路市駅前町269‐270 ,4,shop_id=10272,タイトーFステーション姫路 兵庫県姫路市駅前町269‐270 
モーリーファンタジー姫路大津店,兵庫県姫路市大津区大津町２丁目５番 イオンモール姫路大津２階,2,shop_id=3525,モーリーファンタジー姫路大津店 兵庫県姫路市大津区大津町２丁目５番 イオンモール姫路大津２階
ラウンドワン姫路飾磨,兵庫県姫路市飾磨区中島1-254 ,4,shop_id=11645,ラウンドワン姫路飾磨 兵庫県姫路市飾磨区中島1-254 
遊楽舎 姫路花田店,兵庫県姫路市 花田町上原田2-1 ビッグエムワン2F,2,shop_id=6723,遊楽舎 姫路花田店 兵庫県姫路市 花田町上原田2-1 ビッグエムワン2F
GiGOつかしん,兵庫県尼崎市塚口本町4-8-1 つかしん内,2,shop_id=1449,GiGOつかしん 兵庫県尼崎市塚口本町4-8-1 つかしん内
GiGO明石,兵庫県明石市魚住町清水2464-1 ドライブインながさわ,2,shop_id=2592,GiGO明石 兵庫県明石市魚住町清水2464-1 ドライブインながさわ
モーリーファンタジー明石店,兵庫県明石市大久保町ゆりのき通り２－３－１ イオン明石ショッピングセンター３階,2,shop_id=3624,モーリーファンタジー明石店 兵庫県明石市大久保町ゆりのき通り２－３－１ イオン明石ショッピングセンター３階
GiGOフェニックスプラザ摩耶,兵庫県神戸市灘区味泥町6-1 フェニックスプラザ摩耶1F,2,shop_id=8492,GiGOフェニックスプラザ摩耶 兵庫県神戸市灘区味泥町6-1 フェニックスプラザ摩耶1F
アミパラ伊川谷店,兵庫県神戸市西区池上 3丁目2番3号,2,shop_id=12161,アミパラ伊川谷店 兵庫県神戸市西区池上 3丁目2番3号
アミパラ垂水店,兵庫県神戸市垂水区名谷町字室山1400-18 ,2,shop_id=9524,アミパラ垂水店 兵庫県神戸市垂水区名谷町字室山1400-18 
アルゴ,兵庫県神戸市中央区下山手通1-1-8 M:2nd,2,shop_id=11947,アルゴ 兵庫県神戸市中央区下山手通1-1-8 M:2nd
タイトーFステーション三宮,兵庫県神戸市中央区三宮町２－１１－１ 神戸センタープラザ３Ｆ,4,shop_id=9174,タイトーFステーション三宮 兵庫県神戸市中央区三宮町２－１１－１ 神戸センタープラザ３Ｆ
メガパレス遊スペースアローズ,兵庫県神戸市西区丸塚２－９－１８ メガパレス２階,4,shop_id=3655,メガパレス遊スペースアローズ 兵庫県神戸市西区丸塚２－９－１８ メガパレス２階
ラウンドワン三宮駅前,兵庫県神戸市中央区小野柄通6-1-17 ,4,shop_id=11638,ラウンドワン三宮駅前 兵庫県神戸市中央区小野柄通6-1-17 
遊スペースマジカル,兵庫県神戸市中央区琴ノ緒町5丁目2-3 ,4,shop_id=9351,遊スペースマジカル 兵庫県神戸市中央区琴ノ緒町5丁目2-3 
namco豊岡店,兵庫県豊岡市中陰字大工617 3F namco豊岡店,6,shop_id=1647,namco豊岡店 兵庫県豊岡市中陰字大工617 3F namco豊岡店
ゲームアイビス太子店,兵庫県揖保郡太子町太田2149 ゲームアイビス太子店,2,shop_id=12,ゲームアイビス太子店 兵庫県揖保郡太子町太田2149 ゲームアイビス太子店
アミューズメントCUE奈良三条,奈良県奈良市三条町478-1 ,4,shop_id=11606,アミューズメントCUE奈良三条 奈良県奈良市三条町478-1 
ラウンドワンスタジアム 奈良 ミ・ナーラ店,奈良県奈良市二条大路南1‐3-1 ミ・ナーラ5階,2,shop_id=10445,ラウンドワンスタジアム 奈良 ミ・ナーラ店 奈良県奈良市二条大路南1‐3-1 ミ・ナーラ5階
アミパラ橿原店,奈良県橿原市十市町1222-1 ,2,shop_id=9383,アミパラ橿原店 奈良県橿原市十市町1222-1 
アミューズメントCUE奈良大和高田店,奈良県奈良県大和高田市東中2-11-16 ,4,shop_id=11820,アミューズメントCUE奈良大和高田店 奈良県奈良県大和高田市東中2-11-16 
NICOPA和歌山店,和歌山県和歌山市新生町7-20 イズミヤ和歌山2階,2,shop_id=5655,NICOPA和歌山店 和歌山県和歌山市新生町7-20 イズミヤ和歌山2階
ピタゴラス和歌山店,和歌山県和歌山市土入73-1 和歌山グランドボウル,4,shop_id=8171,ピタゴラス和歌山店 和歌山県和歌山市土入73-1 和歌山グランドボウル
ユーズランド和歌山店,和歌山県和歌山市中字楠谷５７３番地 イオン和歌山,4,shop_id=8497,ユーズランド和歌山店 和歌山県和歌山市中字楠谷５７３番地 イオン和歌山
ラウンドワンスタジアム和歌山,和歌山県和歌山市小雑賀739-3 ,2,shop_id=11639,ラウンドワンスタジアム和歌山 和歌山県和歌山市小雑賀739-3 
PALO橋本彩の台店,和歌山県橋本市あやの台1丁目50番地2 オーストリート彩の台,2,shop_id=9554,PALO橋本彩の台店 和歌山県橋本市あやの台1丁目50番地2 オーストリート彩の台
PALO境港店,鳥取県境港市竹内団地81番地3 パロ境港,2,shop_id=10076,PALO境港店 鳥取県境港市竹内団地81番地3 パロ境港
GiGO米子,鳥取県米子市両三柳2778-2 ,2,shop_id=2014,GiGO米子 鳥取県米子市両三柳2778-2 
アミパラがいな,鳥取県米子市日ノ出町1-8-13 ,4,shop_id=11697,アミパラがいな 鳥取県米子市日ノ出町1-8-13 
GiGO鳥取,鳥取県鳥取市安長416 GiGO鳥取,2,shop_id=8185,GiGO鳥取 鳥取県鳥取市安長416 GiGO鳥取
G-pala出雲店,島根県出雲市渡橋町784-1 G-pala出雲,2,shop_id=3272,G-pala出雲店 島根県出雲市渡橋町784-1 G-pala出雲
ゆめサーカス出雲店,島根県出雲市大塚町６５０－１ ゆめタウン出雲東館３階,2,shop_id=11357,ゆめサーカス出雲店 島根県出雲市大塚町６５０－１ ゆめタウン出雲東館３階
GiGO松江,島根県松江市嫁島町12-15 GiGO松江,4,shop_id=1318,GiGO松江 島根県松江市嫁島町12-15 GiGO松江
PALO松江店,島根県松江市東朝日町151 イオン松江3階,2,shop_id=2741,PALO松江店 島根県松江市東朝日町151 イオン松江3階
GiGO倉敷,岡山県倉敷市西中新田字八反割535-2 ,2,shop_id=2382,GiGO倉敷 岡山県倉敷市西中新田字八反割535-2 
ふぇすたらんど倉敷マスカット店,岡山県倉敷市松島羽伏１１６３－２ マルナカ倉敷マスカット３階,2,shop_id=2100,ふぇすたらんど倉敷マスカット店 岡山県倉敷市松島羽伏１１６３－２ マルナカ倉敷マスカット３階
アミパラ倉敷店,岡山県倉敷市西中新田６２４－１ アミパラボウル１階,4,shop_id=5531,アミパラ倉敷店 岡山県倉敷市西中新田６２４－１ アミパラボウル１階
タイトーFステーションマルナカ新倉敷店,岡山県倉敷市玉島爪崎981-1 マルナカ新倉敷,2,shop_id=6450,タイトーFステーションマルナカ新倉敷店 岡山県倉敷市玉島爪崎981-1 マルナカ新倉敷
ユーズランド倉敷店,岡山県倉敷市水江１番地 イオンモール倉敷２階,6,shop_id=3638,ユーズランド倉敷店 岡山県倉敷市水江１番地 イオンモール倉敷２階
GiGO岡山藤崎,岡山県岡山市中区藤崎599-12 ,2,shop_id=5540,GiGO岡山藤崎 岡山県岡山市中区藤崎599-12 
アミパラテクノランド,岡山県岡山市北区大和町１－７－１２ ,2,shop_id=7919,アミパラテクノランド 岡山県岡山市北区大和町１－７－１２ 
アミパラ岡山店,岡山県岡山市北区青江１－１３－８ アミパラ岡山,4,shop_id=2088,アミパラ岡山店 岡山県岡山市北区青江１－１３－８ アミパラ岡山
モーリーファンタジー・f岡山店,岡山県岡山市北区下石井1丁目2番1号 イオンモール岡山4階,2,shop_id=10251,モーリーファンタジー・f岡山店 岡山県岡山市北区下石井1丁目2番1号 イオンモール岡山4階
ラウンドワンスタジアム岡山妹尾店,岡山県岡山市南区妹尾３４１３－１ ,2,shop_id=6572,ラウンドワンスタジアム岡山妹尾店 岡山県岡山市南区妹尾３４１３－１ 
アミパラ津山店,岡山県津山市河辺１０００－１ イオン津山２階,2,shop_id=1161,アミパラ津山店 岡山県津山市河辺１０００－１ イオン津山２階
GiGO広,広島県呉市広中町1-9 フタバ図書広店 2階,2,shop_id=6031,GiGO広 広島県呉市広中町1-9 フタバ図書広店 2階
GiGO尾道,広島県尾道市新浜1-2-13 ,4,shop_id=8096,GiGO尾道 広島県尾道市新浜1-2-13 
GiGO 広島本通,広島県広島市中区本通9-30 ,2,shop_id=11693,GiGO 広島本通 広島県広島市中区本通9-30 
GiGO中筋,広島県広島市安佐南区中筋4-11-7 フタバ図書MEGA内2F レンタルコーナー奥,2,shop_id=11689,GiGO中筋 広島県広島市安佐南区中筋4-11-7 フタバ図書MEGA内2F レンタルコーナー奥
アミパラ広島店,広島県広島市西区西観音町３－１７ アミパラ広島,2,shop_id=11002,アミパラ広島店 広島県広島市西区西観音町３－１７ アミパラ広島
アルティーアルパーク北棟店アルティランド,広島県広島市西区草津南４－７－１ アルティーアルパーク北棟２階,2,shop_id=3676,アルティーアルパーク北棟店アルティランド 広島県広島市西区草津南４－７－１ アルティーアルパーク北棟２階
タイトーFステーションゆめタウンみゆき,広島県広島市南区宇品西6-7-14 ゆめタウンみゆき2階,2,shop_id=6447,タイトーFステーションゆめタウンみゆき 広島県広島市南区宇品西6-7-14 ゆめタウンみゆき2階
タイトーステーション広島本通店,広島県広島市中区本通３－５ タイトーステーション広島本通,2,shop_id=6920,タイトーステーション広島本通店 広島県広島市中区本通３－５ タイトーステーション広島本通
タイトーステーション広島紙屋町店,広島県広島市中区紙屋町２ー２－２１ タイトーステーション広島紙屋町,6,shop_id=6613,タイトーステーション広島紙屋町店 広島県広島市中区紙屋町２ー２－２１ タイトーステーション広島紙屋町
ビバーチャ,広島県広島市中区南竹屋町10-17 ,2,shop_id=12265,ビバーチャ 広島県広島市中区南竹屋町10-17 
ブラックジャックアクア店,広島県広島市安佐南区大町東４－１２－１１ ,2,shop_id=6040,ブラックジャックアクア店 広島県広島市安佐南区大町東４－１２－１１ 
プラサカプコン広島店,広島県広島市佐伯区石内東4-1-1 ジ アウトレット広島1F,2,shop_id=10274,プラサカプコン広島店 広島県広島市佐伯区石内東4-1-1 ジ アウトレット広島1F
モーリーファンタジー・f広島祇園店,広島県広島市安佐南区祇園3丁目2-1 イオンモール広島祇園3階,2,shop_id=2290,モーリーファンタジー・f広島祇園店 広島県広島市安佐南区祇園3丁目2-1 イオンモール広島祇園3階
ラウンドワン広島,広島県広島市中区立町3-11 ,2,shop_id=11642,ラウンドワン広島 広島県広島市中区立町3-11 
スペースV１　廿日市,広島県廿日市市本町４－２３ ,2,shop_id=5911,スペースV１　廿日市 広島県廿日市市本町４－２３ 
アミパラここじゃ,広島県東広島市西条町下見6-10-19 ,2,shop_id=11696,アミパラここじゃ 広島県東広島市西条町下見6-10-19 
タイトーFステーションゆめタウン東広島店,広島県東広島市西条土与丸１－５－７ ゆめタウン東広島４階,2,shop_id=4722,タイトーFステーションゆめタウン東広島店 広島県東広島市西条土与丸１－５－７ ゆめタウン東広島４階
ブラックジャック東広島店,広島県東広島市西条町御薗宇６１２０ 賀茂ボール,2,shop_id=6041,ブラックジャック東広島店 広島県東広島市西条町御薗宇６１２０ 賀茂ボール
GiGO福山,広島県福山市瀬戸町山北300 ,4,shop_id=1324,GiGO福山 広島県福山市瀬戸町山北300 
あみぱらんど福山店,広島県福山市三吉町南２－８－２４ あみぱらんど福山,2,shop_id=10999,あみぱらんど福山店 広島県福山市三吉町南２－８－２４ あみぱらんど福山
アミパラ神辺店,広島県福山市神辺町新道上１－２－１ アミパラ神辺,4,shop_id=5530,アミパラ神辺店 広島県福山市神辺町新道上１－２－１ アミパラ神辺
アミューズメントパークMGジアス店,広島県福山市柳津町1丁目7-60 ,2,shop_id=11256,アミューズメントパークMGジアス店 広島県福山市柳津町1丁目7-60 
ラウンドワン福山店,広島県福山市明神町１－１４－２０１－９－２８ ,4,shop_id=6119,ラウンドワン福山店 広島県福山市明神町１－１４－２０１－９－２８ 
福山メトロポリス,広島県福山市一文字町24-1 福山コロナワールド,2,shop_id=1232,福山メトロポリス 広島県福山市一文字町24-1 福山コロナワールド
GiGO海田,広島県安芸郡海田町南大正町3-35 ,2,shop_id=3829,GiGO海田 広島県安芸郡海田町南大正町3-35 
アミュージアム周南店,山口県下松市中央町21-3 ゆめタウン下松3階,2,shop_id=3458,アミュージアム周南店 山口県下松市中央町21-3 ゆめタウン下松3階
ゆめシティゆめパーク,山口県下関市伊倉新町３丁目１－１ ゆめシティ,2,shop_id=6398,ゆめシティゆめパーク 山口県下関市伊倉新町３丁目１－１ ゆめシティ
アミパラ下関店,山口県下関市長府才川１丁目４２－４８ アミパラ下関,2,shop_id=5526,アミパラ下関店 山口県下関市長府才川１丁目４２－４８ アミパラ下関
アミパラ周南久米店,山口県周南市久米中央五丁目6番1号 ,2,shop_id=9959,アミパラ周南久米店 山口県周南市久米中央五丁目6番1号 
カードボックス周南,山口県周南市久米3219 ,4,shop_id=9202,カードボックス周南 山口県周南市久米3219 
GAME ALEX,山口県宇部市西字部南3-5-53 ,2,shop_id=11819,GAME ALEX 山口県宇部市西字部南3-5-53 
 THE 3RD PLANET 山口店,山口県山口市湯田温泉6-8-3 ザ・サードプラネット山口,4,shop_id=11327, THE 3RD PLANET 山口店 山口県山口市湯田温泉6-8-3 ザ・サードプラネット山口
GiGOイオンタウン小郡,山口県山口市小郡前田町3-6 ,2,shop_id=1035,GiGOイオンタウン小郡 山口県山口市小郡前田町3-6 
タイトーFステーション 山口メルクス店,山口県山口市大字黒川82-1 ハイパーモールメルクス山口,4,shop_id=6419,タイトーFステーション 山口メルクス店 山口県山口市大字黒川82-1 ハイパーモールメルクス山口
PALO防府店,山口県防府市中央町1-3 イオン防府3階,2,shop_id=10366,PALO防府店 山口県防府市中央町1-3 イオン防府3階
SOYUFamilyGameField防府店,山口県防府市鐘紡町7-1 イオンタウン防府1階,2,shop_id=5521,SOYUFamilyGameField防府店 山口県防府市鐘紡町7-1 イオンタウン防府1階
PALO小松島店,徳島県小松島市小松島町領田20 小松島ショッピングプラザルピア1階,2,shop_id=9544,PALO小松島店 徳島県小松島市小松島町領田20 小松島ショッピングプラザルピア1階
アミューズメントパフェパレパレ田宮,徳島県徳島市南田宮２－２－４６ アミューズメントパフェパレパレ田宮,2,shop_id=5539,アミューズメントパフェパレパレ田宮 徳島県徳島市南田宮２－２－４６ アミューズメントパフェパレパレ田宮
ラウンドワン徳島･万代店,徳島県徳島市万代町４－１９－１ ,4,shop_id=6118,ラウンドワン徳島･万代店 徳島県徳島市万代町４－１９－１ 
GiGO丸亀,香川県丸亀市蓬莱町56―1 パブリックプラザ丸亀,2,shop_id=3519,GiGO丸亀 香川県丸亀市蓬莱町56―1 パブリックプラザ丸亀
アミパラ丸亀店,香川県丸亀市飯野町西分川緑甲５８４－１ ハローズ棟内,2,shop_id=5798,アミパラ丸亀店 香川県丸亀市飯野町西分川緑甲５８４－１ ハローズ棟内
マックスプラザ善通寺,香川県善通寺市中村町1798-2 マックスプラザ善通寺,4,shop_id=267,マックスプラザ善通寺 香川県善通寺市中村町1798-2 マックスプラザ善通寺
GiGO高松,香川県高松市勅使町535 GiGO高松,2,shop_id=6988,GiGO高松 香川県高松市勅使町535 GiGO高松
アミパラ高松店,香川県高松市伏石町 2168-2,2,shop_id=12271,アミパラ高松店 香川県高松市伏石町 2168-2
アミュージアム高松,香川県高松市伏石町2144-9 ,2,shop_id=9365,アミュージアム高松 香川県高松市伏石町2144-9 
ラウンドワンスタジアム高松,香川県高松市松島町2-7-43 ,4,shop_id=11651,ラウンドワンスタジアム高松 香川県高松市松島町2-7-43 
モーリーファンタジー・f 綾川店,香川県綾歌郡綾川町萱原８２２－１ イオンモール綾川３階,2,shop_id=2725,モーリーファンタジー・f 綾川店 香川県綾歌郡綾川町萱原８２２－１ イオンモール綾川３階
namcoフジグラン今治店,愛媛県今治市東門町 5丁目13番1号 フジグラン今治2階,4,shop_id=729,namcoフジグラン今治店 愛媛県今治市東門町 5丁目13番1号 フジグラン今治2階
ふぇすたらんど今治店,愛媛県今治市馬越町4-8-1 イオン今治店3F,2,shop_id=9689,ふぇすたらんど今治店 愛媛県今治市馬越町4-8-1 イオン今治店3F
アミューズメントパークMG 伊予三島店,愛媛県四国中央市中之庄町75-1 ,2,shop_id=11138,アミューズメントパークMG 伊予三島店 愛媛県四国中央市中之庄町75-1 
GiGO新居浜,愛媛県新居浜市徳常町6-8 ,2,shop_id=11691,GiGO新居浜 愛媛県新居浜市徳常町6-8 
プラサカプコン新居浜店,愛媛県新居浜市前田町８－８ イオン新居浜２階,4,shop_id=11356,プラサカプコン新居浜店 愛媛県新居浜市前田町８－８ イオン新居浜２階
GiGO松山,愛媛県松山市枝松5-7-32 ,4,shop_id=7697,GiGO松山 愛媛県松山市枝松5-7-32 
アミパラ松山店,愛媛県松山市生石町６５５－１ アミパラ松山,2,shop_id=5529,アミパラ松山店 愛媛県松山市生石町６５５－１ アミパラ松山
アミューズメントパークMG キスケ店,愛媛県松山市宮田町4 キスケBOX内1F,2,shop_id=9952,アミューズメントパークMG キスケ店 愛媛県松山市宮田町4 キスケBOX内1F
アミューズメントパークMG朝生田店,愛媛県松山市朝生田町４－４－３２ 第１自動車教習所ビル１階,2,shop_id=2491,アミューズメントパークMG朝生田店 愛媛県松山市朝生田町４－４－３２ 第１自動車教習所ビル１階
タイトーステーション衣山店,愛媛県松山市衣山１丁目１８８ パルティフジ衣山,2,shop_id=6409,タイトーステーション衣山店 愛媛県松山市衣山１丁目１８８ パルティフジ衣山
プレイドーム松山,愛媛県松山市余戸南4丁目 9-40 ,2,shop_id=11771,プレイドーム松山 愛媛県松山市余戸南4丁目 9-40 
アミューズメントパークMG東予周布店,愛媛県西条市周布７１５－１ フジ東予別棟,2,shop_id=9113,アミューズメントパークMG東予周布店 愛媛県西条市周布７１５－１ フジ東予別棟
ソユーフォレストハンター松前店,愛媛県伊予郡松前町筒井850 エミフルMASAKI1階,2,shop_id=1416,ソユーフォレストハンター松前店 愛媛県伊予郡松前町筒井850 エミフルMASAKI1階
アミパラ高知店,高知県南国市篠原194-1 ,2,shop_id=11000,アミパラ高知店 高知県南国市篠原194-1 
ウェアハウス四万十店,高知県四万十市右山五月町8-13 ,2,shop_id=11204,ウェアハウス四万十店 高知県四万十市右山五月町8-13 
タイトーFステーション野市店,高知県香南市野市町西野2007-1 フジグラン野市,2,shop_id=8698,タイトーFステーション野市店 高知県香南市野市町西野2007-1 フジグラン野市
アミュージアム高知店,高知県高知市介良字長丁乙317-1 ,2,shop_id=526,アミュージアム高知店 高知県高知市介良字長丁乙317-1 
プラサカプコン高知店,高知県高知市秦南町1丁目4番8号 イオンモール高知東館3階,2,shop_id=1921,プラサカプコン高知店 高知県高知市秦南町1丁目4番8号 イオンモール高知東館3階
ラウンドワン高知,高知県高知市南宝永町4-12 ,4,shop_id=11634,ラウンドワン高知 高知県高知市南宝永町4-12 
GiGO福岡天神,福岡県中央区2-7-6 DADAビル1-3F,2,shop_id=11688,GiGO福岡天神 福岡県中央区2-7-6 DADAビル1-3F
GiGO中間,福岡県中間市上蓮花寺3-1-1 ,4,shop_id=1224,GiGO中間 福岡県中間市上蓮花寺3-1-1 
楽市街道くるめ店,福岡県久留米市新合川２－７－１０ 楽市街道くるめ１階,2,shop_id=5698,楽市街道くるめ店 福岡県久留米市新合川２－７－１０ 楽市街道くるめ１階
遊道楽新合川店,福岡県久留米市新合川１－６－７ ,4,shop_id=6240,遊道楽新合川店 福岡県久留米市新合川１－６－７ 
マンガ倉庫八女,福岡県八女市吉田123 ,2,shop_id=10503,マンガ倉庫八女 福岡県八女市吉田123 
G-pala小倉店,福岡県北九州市小倉南区上葛原1-14-1 ,4,shop_id=8978,G-pala小倉店 福岡県北九州市小倉南区上葛原1-14-1 
G-stage小倉,福岡県北九州市小倉北区浅野2-14-5 あるあるCity2F ,2,shop_id=12289,G-stage小倉 福岡県北九州市小倉北区浅野2-14-5 あるあるCity2F 
ラウンドワンスタジアム小倉,福岡県北九州市小倉北区西港町15-65 ,4,shop_id=10743,ラウンドワンスタジアム小倉 福岡県北九州市小倉北区西港町15-65 
楽市楽座砂津店,福岡県北九州市小倉北区砂津３丁目１－１ チャチャタウン小倉Ｂ棟３階,2,shop_id=3715,楽市楽座砂津店 福岡県北九州市小倉北区砂津３丁目１－１ チャチャタウン小倉Ｂ棟３階
ラウンドワン大野城,福岡県大野城市御笠川1-18-16 ,4,shop_id=11652,ラウンドワン大野城 福岡県大野城市御笠川1-18-16 
プラサカプコン直方店,福岡県直方市湯野原２－１－１ イオン直方２階,4,shop_id=1076,プラサカプコン直方店 福岡県直方市湯野原２－１－１ イオン直方２階
G-pala博多店,福岡県福岡市博多区東光寺町2丁目6-40 ,2,shop_id=9970,G-pala博多店 福岡県福岡市博多区東光寺町2丁目6-40 
G-stage七隈,福岡県福岡市城南区七隈8-4-8 ,2,shop_id=12288,G-stage七隈 福岡県福岡市城南区七隈8-4-8 
GiGOミーナ天神,福岡県福岡市中央区天神 4丁目3番8号ミーナ天神7階70,2,shop_id=12346,GiGOミーナ天神 福岡県福岡市中央区天神 4丁目3番8号ミーナ天神7階70
namcoららぽーと福岡,福岡県福岡市博多区 那珂 6-23-1 ららぽーと福岡内4F ,8,shop_id=11822,namcoららぽーと福岡 福岡県福岡市博多区 那珂 6-23-1 ららぽーと福岡内4F 
namco博多バスターミナル店,福岡県福岡市博多区博多駅中央街２－１ 博多バスターミナル７階,10,shop_id=1714,namco博多バスターミナル店 福岡県福岡市博多区博多駅中央街２－１ 博多バスターミナル７階
タイトーステーション福岡天神店,福岡県福岡市中央区天神２ー６ー３５ サザンクロスビル,4,shop_id=3794,タイトーステーション福岡天神店 福岡県福岡市中央区天神２ー６ー３５ サザンクロスビル
ラウンドワンスタジアム博多半道橋店,福岡県福岡市博多区半道橋２丁目２番８号 ラウンドワンスタジアム博多半道橋,2,shop_id=6921,ラウンドワンスタジアム博多半道橋店 福岡県福岡市博多区半道橋２丁目２番８号 ラウンドワンスタジアム博多半道橋
ラウンドワン福岡天神,福岡県福岡市中央区天神2-6-12 ,4,shop_id=11635,ラウンドワン福岡天神 福岡県福岡市中央区天神2-6-12 
楽市楽座福重店,福岡県福岡市西区石丸４－２６３－１ 楽市楽座福重,2,shop_id=8234,楽市楽座福重店 福岡県福岡市西区石丸４－２６３－１ 楽市楽座福重
楽市街道箱崎店２Ｆ,福岡県福岡市東区箱崎５丁目１番８号 楽市街道箱崎,2,shop_id=5699,楽市街道箱崎店２Ｆ 福岡県福岡市東区箱崎５丁目１番８号 楽市街道箱崎
楽市楽座行橋店,福岡県行橋市西泉６－１－１ コスタ行橋,2,shop_id=6203,楽市楽座行橋店 福岡県行橋市西泉６－１－１ コスタ行橋
Ｇ－ｓｔａｇｅ飯塚店,福岡県飯塚市枝国６８０－２ Ｇ－ｓｔａｇｅ飯塚,2,shop_id=11171,Ｇ－ｓｔａｇｅ飯塚店 福岡県飯塚市枝国６８０－２ Ｇ－ｓｔａｇｅ飯塚
サンゲームス新宮店,福岡県糟屋郡新宮町美咲3-1-40 新宮ドーム,2,shop_id=9054,サンゲームス新宮店 福岡県糟屋郡新宮町美咲3-1-40 新宮ドーム
最後の5ドル,福岡県糟屋郡粕屋町大字仲原2706 ,6,shop_id=6775,最後の5ドル 福岡県糟屋郡粕屋町大字仲原2706 
楽市楽座２１０トリアス店,福岡県糟屋郡久山町山田９９０ 楽市楽座２１０トリアス,2,shop_id=3667,楽市楽座２１０トリアス店 福岡県糟屋郡久山町山田９９０ 楽市楽座２１０トリアス
ソニックワールド伊万里店,佐賀県伊万里市二里町八谷搦１８９番地３ ソニックワールド伊万里,2,shop_id=11173,ソニックワールド伊万里店 佐賀県伊万里市二里町八谷搦１８９番地３ ソニックワールド伊万里
namcoモラージュ佐賀店,佐賀県佐賀市巨勢町大字牛島730 モラージュ佐賀 南館1F,6,shop_id=10533,namcoモラージュ佐賀店 佐賀県佐賀市巨勢町大字牛島730 モラージュ佐賀 南館1F
タイトーFステーション モラージュ佐賀店,佐賀県佐賀市巨勢町牛島730 モラージュ佐賀2F,4,shop_id=11855,タイトーFステーション モラージュ佐賀店 佐賀県佐賀市巨勢町牛島730 モラージュ佐賀2F
ラウンドワンスタジアム佐賀店,佐賀県佐賀市兵庫町大字藤木１１１０ ,2,shop_id=6113,ラウンドワンスタジアム佐賀店 佐賀県佐賀市兵庫町大字藤木１１１０ 
楽市楽座３０３佐賀大和店,佐賀県佐賀市大和町尼寺２９６５ イオン佐賀大和,2,shop_id=6197,楽市楽座３０３佐賀大和店 佐賀県佐賀市大和町尼寺２９６５ イオン佐賀大和
遊道楽嘉瀬店,佐賀県佐賀市嘉瀬町大字中原２４８８－１ 遊道楽嘉瀬,4,shop_id=6239,遊道楽嘉瀬店 佐賀県佐賀市嘉瀬町大字中原２４８８－１ 遊道楽嘉瀬
GiGO武雄,佐賀県武雄市武雄町富岡12517-1 アクロスプラザ武雄,2,shop_id=6557,GiGO武雄 佐賀県武雄市武雄町富岡12517-1 アクロスプラザ武雄
アミパラ佐世保店,長崎県佐世保市大塔町１８－１５ アミパラ佐世保,4,shop_id=6529,アミパラ佐世保店 長崎県佐世保市大塔町１８－１５ アミパラ佐世保
サンゲームス佐世保店,長崎県佐世保市田原町38-1 ,2,shop_id=11288,サンゲームス佐世保店 長崎県佐世保市田原町38-1 
モーリーファンタジー大塔店,長崎県佐世保市大塔町１４－２ イオン大塔３階,2,shop_id=3050,モーリーファンタジー大塔店 長崎県佐世保市大塔町１４－２ イオン大塔３階
ソニックワールド大村店,長崎県大村市古賀島町３８３－１ ソニックワールド大村,2,shop_id=11172,ソニックワールド大村店 長崎県大村市古賀島町３８３－１ ソニックワールド大村
GiGO諫早,長崎県諫早市小川町90-1 ,4,shop_id=6475,GiGO諫早 長崎県諫早市小川町90-1 
G-stage浜町,長崎県長崎市浜町2-26 ,2,shop_id=11195,G-stage浜町 長崎県長崎市浜町2-26 
G-pala時津店,長崎県西彼杵郡時津町野田郷59 ,2,shop_id=3856,G-pala時津店 長崎県西彼杵郡時津町野田郷59 
遊道楽時津,長崎県西彼杵郡時津町元村郷863-10 ,2,shop_id=11612,遊道楽時津 長崎県西彼杵郡時津町元村郷863-10 
FESTA人吉店,熊本県人吉市宝来町1307番地1 HITOYOSHI-REX,2,shop_id=2018,FESTA人吉店 熊本県人吉市宝来町1307番地1 HITOYOSHI-REX
ゴーゴーバンビーノ,熊本県人吉市下林町122番1 ,2,shop_id=11135,ゴーゴーバンビーノ 熊本県人吉市下林町122番1 
マンガ倉庫 八代店,熊本県八代市沖町3989-1 ,2,shop_id=11246,マンガ倉庫 八代店 熊本県八代市沖町3989-1 
パスカワールド宇土店,熊本県宇土市善道寺町綾織95 宇土シティモール,2,shop_id=11765,パスカワールド宇土店 熊本県宇土市善道寺町綾織95 宇土シティモール
ＦＥＳＴＡ山鹿店,熊本県山鹿市方保田鳥越３４６８－１ ＦＥＳＴＡ山鹿,2,shop_id=3383,ＦＥＳＴＡ山鹿店 熊本県山鹿市方保田鳥越３４６８－１ ＦＥＳＴＡ山鹿
THE 3RD PLANET 下通り店,熊本県熊本市中央区手取本町4-12 ザ・ファインビルB1,2,shop_id=5820,THE 3RD PLANET 下通り店 熊本県熊本市中央区手取本町4-12 ザ・ファインビルB1
namcoワンダーシティ南熊本店,熊本県熊本市中央区九品寺6丁目9番1 ワンダーシティ南熊本,8,shop_id=1886,namcoワンダーシティ南熊本店 熊本県熊本市中央区九品寺6丁目9番1 ワンダーシティ南熊本
サンゲームス熊本インタープラザ,熊本県熊本市東区御領8-4-82 ,2,shop_id=10507,サンゲームス熊本インタープラザ 熊本県熊本市東区御領8-4-82 
スポラ九品寺,熊本県熊本市中央区九品寺5-10-15 ,2,shop_id=11613,スポラ九品寺 熊本県熊本市中央区九品寺5-10-15 
ラウンドワン熊本店,熊本県熊本市春日７－２５－１５ ,2,shop_id=6116,ラウンドワン熊本店 熊本県熊本市春日７－２５－１５ 
ザ・サードプラネット荒尾店,熊本県荒尾市原万田700-1 ,2,shop_id=11555,ザ・サードプラネット荒尾店 熊本県荒尾市原万田700-1 
パスカワールドグリーンランド店,熊本県荒尾市本井手1574-54 パスカワールドグリーンランド,4,shop_id=11766,パスカワールドグリーンランド店 熊本県荒尾市本井手1574-54 パスカワールドグリーンランド
モーリーファンタジー熊本店,熊本県上益城郡嘉島町上島字長池2232 イオン熊本2階,2,shop_id=10256,モーリーファンタジー熊本店 熊本県上益城郡嘉島町上島字長池2232 イオン熊本2階
スポラ菊陽,熊本県菊池郡菊陽町 津久礼駄飼代 2617-2 ,4,shop_id=11614,スポラ菊陽 熊本県菊池郡菊陽町 津久礼駄飼代 2617-2 
GiGO中津,大分県中津市沖代町1-2-16 ,2,shop_id=5592,GiGO中津 大分県中津市沖代町1-2-16 
ユーズランド三光店,大分県中津市三光佐知１０３２ イオンモール三光２階,4,shop_id=5564,ユーズランド三光店 大分県中津市三光佐知１０３２ イオンモール三光２階
FESTA佐伯店,大分県佐伯市鶴岡西町2丁目163番地 コスモタウン佐伯内,2,shop_id=1115,FESTA佐伯店 大分県佐伯市鶴岡西町2丁目163番地 コスモタウン佐伯内
ゆめタウン別府店ＢＩＧＷＡＶＥ,大分県別府市楠町３８２－６ ゆめタウン別府,2,shop_id=1197,ゆめタウン別府店ＢＩＧＷＡＶＥ 大分県別府市楠町３８２－６ ゆめタウン別府
GiGO高城,大分県大分市牧1-161-8 セガワールド高城,2,shop_id=1155,GiGO高城 大分県大分市牧1-161-8 セガワールド高城
ゲームラボ　サイドセブン,大分県大分市上宗方1-649-1 ,2,shop_id=11735,ゲームラボ　サイドセブン 大分県大分市上宗方1-649-1 
タイトーFステーション セントポルタ大分店,大分県大分市中央町2‐1-1 ,2,shop_id=3619,タイトーFステーション セントポルタ大分店 大分県大分市中央町2‐1-1 
タイトーステーションアミュプラザおおいた,大分県大分市要町１－１４ アミュプラザおおいた４階,2,shop_id=9072,タイトーステーションアミュプラザおおいた 大分県大分市要町１－１４ アミュプラザおおいた４階
プラサカプコン大分店,大分県大分市公園通り西２－１ イオンパークプレイス大分２階,4,shop_id=127,プラサカプコン大分店 大分県大分市公園通り西２－１ イオンパークプレイス大分２階
ラウンドワンスタジアム大分,大分県大分市萩原2-13-17 ,2,shop_id=11657,ラウンドワンスタジアム大分 大分県大分市萩原2-13-17 
ＦＥＳＴＡフリーモールわさだ店,大分県大分市木上鉾手２１０２ ＦＥＳＴＡフリーモールわさだ,2,shop_id=2103,ＦＥＳＴＡフリーモールわさだ店 大分県大分市木上鉾手２１０２ ＦＥＳＴＡフリーモールわさだ
ラウンドワンスタジアム宮崎店,宮崎県宮崎市中村東3丁目4-60 ,4,shop_id=9977,ラウンドワンスタジアム宮崎店 宮崎県宮崎市中村東3丁目4-60 
楽市楽座イオンモール宮崎店,宮崎県宮崎市新別府町江口８６２－１ イオン宮崎２階区画№２３１,2,shop_id=3716,楽市楽座イオンモール宮崎店 宮崎県宮崎市新別府町江口８６２－１ イオン宮崎２階区画№２３１
GiGO延岡,宮崎県延岡市平原町5-1492-8 GiGO延岡,2,shop_id=5586,GiGO延岡 宮崎県延岡市平原町5-1492-8 GiGO延岡
モーリーファンタジー延岡店,宮崎県延岡市旭町２－２－１ イオン延岡２階,2,shop_id=3055,モーリーファンタジー延岡店 宮崎県延岡市旭町２－２－１ イオン延岡２階
namco日向店,宮崎県日向市大字日知屋14798-1 ハイパーモールメルクス日向店内,4,shop_id=1746,namco日向店 宮崎県日向市大字日知屋14798-1 ハイパーモールメルクス日向店内
サンゲームス都城北,宮崎県都城市上川東4丁目5997-4 ,2,shop_id=1083,サンゲームス都城北 宮崎県都城市上川東4丁目5997-4 
マンガ倉庫都城,宮崎県都城市吉尾町840 ,2,shop_id=10502,マンガ倉庫都城 宮崎県都城市吉尾町840 
タイトーFステーション ニシムタ出水店,鹿児島県出水市六月田町347 ,4,shop_id=10896,タイトーFステーション ニシムタ出水店 鹿児島県出水市六月田町347 
AmusementcityG-STA,鹿児島県薩摩川内市向田本町49 ,2,shop_id=11736,AmusementcityG-STA 鹿児島県薩摩川内市向田本町49 
サンゲームス天文館店,鹿児島県鹿児島市千日町5-6 ,2,shop_id=10218,サンゲームス天文館店 鹿児島県鹿児島市千日町5-6 
ザ・サードプラネットフレスポＪＰ鹿児島店,鹿児島県鹿児島市与次郎１－１１－１ フレスポジャングルパーク２階,2,shop_id=799,ザ・サードプラネットフレスポＪＰ鹿児島店 鹿児島県鹿児島市与次郎１－１１－１ フレスポジャングルパーク２階
マンガ倉庫鹿児島,鹿児島県鹿児島市小松原1-6-7 ,4,shop_id=8281,マンガ倉庫鹿児島 鹿児島県鹿児島市小松原1-6-7 
モーリーファンタジー鹿児島店,鹿児島県鹿児島市東開町7 イオンモール鹿児島3階,2,shop_id=9725,モーリーファンタジー鹿児島店 鹿児島県鹿児島市東開町7 イオンモール鹿児島3階
ラウンドワンスタジアム鹿児島宇宿,鹿児島県鹿児島市宇宿2-2-2 ,4,shop_id=11648,ラウンドワンスタジアム鹿児島宇宿 鹿児島県鹿児島市宇宿2-2-2 
マンガ倉庫鹿屋店,鹿児島県鹿屋市 寿 8-714-2 ,2,shop_id=11250,マンガ倉庫鹿屋店 鹿児島県鹿屋市 寿 8-714-2 
ラウンドワンスタジアム沖縄・宜野湾店,沖縄県宜野湾市真志喜３－２８－８ ,4,shop_id=6111,ラウンドワンスタジアム沖縄・宜野湾店 沖縄県宜野湾市真志喜３－２８－８ 
マンガ倉庫 浦添店,沖縄県浦添市城間2689-1 ,4,shop_id=11248,マンガ倉庫 浦添店 沖縄県浦添市城間2689-1 
モーリーファンタジー那覇店,沖縄県那覇市金城５－１０－２ イオン那覇３階,2,shop_id=2114,モーリーファンタジー那覇店 沖縄県那覇市金城５－１０－２ イオン那覇３階
ゲームランドジョイジャングル美浜店,沖縄県中頭郡北谷町美浜１５－６８ ドラゴンパレス２階,2,shop_id=9159,ゲームランドジョイジャングル美浜店 沖縄県中頭郡北谷町美浜１５－６８ ドラゴンパレス２階
ラウンドワン沖縄・南風原,沖縄県島尻郡南風原町兼城552 ,2,shop_id=11636,ラウンドワン沖縄・南風原 沖縄県島尻郡南風原町兼城552 
