mise,basyo			『三国志大戦』スペシャルグッズキャンペーン第3弾 実施店舗一覧2021年1月8日(金)～3月21日(日)
アドアーズ札幌北４２条,北海道札幌市東区北42条東7-1-1　嶋ビル2階
ＢＩＧＢＡＮＧ北見店,北海道北見市中央三輪7丁目446-1
ＢＩＧＢＡＮＧ函館,北海道函館市梁川町9-3テキサスビル3Ｆ
ＢＩＧＢＡＮＧ室蘭,北海道室蘭市中島本町2-8-1
ＢＩＧＢＡＮＧ滝川,北海道滝川市東町1-8-14
ＢＩＧＢＡＮＧ釧路,北海道釧路郡釧路町木場2-1
マキシム・ヒーロー,北海道札幌市北区北六条西6丁目1-2
ディノスパーク札幌手稲,北海道札幌市手稲区前田1条11丁目 西友手稲店 3階
ディノスパーク帯広,北海道帯広市白樺16条西2丁目 ﾄﾞﾘｰﾑﾀｳﾝ白樺 1階
ディノスパーク苫小牧,北海道苫小牧市柳町3丁目1番20号 ｲｵﾝﾓｰﾙ苫小牧 2階
ディノスパーク北見店,北海道北見市西三輪5丁目1番地16号
タイトーステーション 札幌狸小路２丁目店,北海道札幌市中央区南3条西2丁目-14
遊ランド西御料店,北海道旭川市西御料5条2丁目
アミューズメントスペース遊ランド春光店,北海道旭川市春光1条7丁目2-25
遊ランド富良野店,北海道富良野市弥生町5番50号
キャッツアイ新札幌店,北海道札幌市厚別区厚別東五条1-1-10
キャッツアイ清田店,北海道札幌市清田区清田1条1-20-1
キャッツアイ新川店,北海道札幌市北区新川二条7丁目1-7
キャッツアイ東苗穂店,北海道札幌市東区東苗穂6条2丁目1-25
キャッツアイ恵庭店,北海道恵庭市住吉町2丁目9-1
キャッツアイ篠路店,北海道札幌市北区篠路1条4丁目6-30
キャッツアイ宮の沢,北海道札幌市手稲区西宮の沢5条2丁目11-15
ラウンドワン函館店,北海道函館市西桔梗町848-11
ラウンドワン旭川店,北海道旭川市永山三条1-4-7
ラウンドワン札幌北２１条店,北海道札幌市東区北二十一条東1-1-21
ラウンドワン札幌白石本通店,北海道札幌市白石区本通16丁目北1-50
ラウンドワン札幌すすきの店,北海道札幌市中央区南五条西3-6-1
namco札幌エスタ店,北海道札幌市中央区北5条西2-1-1札幌エスタ9F
ユーズランド下田店,青森県上北郡おいらせ町中野平40-1イオンモール下田1Ｆ
ソユースペースファンタジーインフィニ,青森県弘前市城東北3-10-1さくら野百貨店弘前店4Ｆ
ゲームフェスタミタマ店,青森県弘前市駅前町5-5
ラウンドワン青森店,青森県青森市浜田3-1-1
セガ弘前,青森県弘前市末広1-3-3
セガ八戸,青森県八戸市城下4-25-14
ＢＩＮＧＯ一関,岩手県一関市山目字中野92-1
サンシャイン,岩手県盛岡市大通2ー7ー21ジュリアンビル1階
タイトーステーション 盛岡マッハランド店,岩手県盛岡市上堂1-2-38マッハランド内
Ｇ３ポロスイオンタウン北上店,岩手県北上市里分四地割20番地1
ラウンドワン盛岡店,岩手県盛岡市盛岡駅西通2-10-35
セガ水沢,岩手県奥州市水沢佐倉河字鐙田4-1
ビーカム松森店,宮城県仙台市泉区松森字斎兵衛58-1
ＧＡＭＥＢＡＮＫ仙台泉店,宮城県仙台市泉区大沢2-5-4
プレイランドエフワンＲ,宮城県仙台市青葉区中央2-6-6タベイビルＢ1Ｆ
ＳＯＹＵ　ＧＡＭＥ　ＦＩＥＬＤ古川店,宮城県大崎市古川沢田字筒場浦15番地イオンタウン古川内
タイトーステーション 仙台名掛丁店,宮城県仙台市青葉区中央1-7-13
タイトーステーション 仙台クリスロード店,宮城県仙台市青葉区中央2-3-25
スーパーノバ仙台利府,宮城県宮城郡利府町加瀬字新前谷地55-1
スーパーノバイオン仙台中山,宮城県仙台市泉区南中山1-35-57別館3Ｆ
ゲームコーナー東部,宮城県仙台市若林区六丁の目中町26-60 斎喜東部ビル2F
仙台レジャーランド一番町店,宮城県仙台市青葉区一番町4-3-27ガリレア一番町ビル1Ｆ〜3Ｆ
ラウンドワン仙台苦竹店,宮城県仙台市宮城野区苦竹1-7-10
セガワールド佐沼,宮城県登米市迫町佐沼字中江2-5-8
セガワールド石巻,宮城県石巻市大街道東4-1-45
セガ仙台,宮城県仙台市青葉区中央2-5-5三経60ビル
セガ名取セッツウイングス,宮城県名取市飯野坂字土城堀57-1
セガ仙台コロナワールド,宮城県仙台市宮城野区福室字田中前一番53-1
プラサカプコン大曲店,秋田県大仙市和合字坪立177イオン大曲ＳＣ2Ｆ
ラウンドワン秋田店,秋田県秋田市卸町1-1-2
セガ秋田,秋田県秋田市茨島1-1-16
ビーカム成沢店,山形県山形市成沢西5-3-27
ゲームゾーントレジャー吉原店,山形県山形市前明石1352-5ゲームプラザＢＥ・ＩＮ2内1F
トレジャー新庄店,山形県新庄市金沢沖1068
スーパーノバ天童,山形県天童市南町1-5-26
アピナ鶴岡店,山形県鶴岡市文下字広野1-1
セガ庄内,山形県東田川郡三川町大字猪子字大堰端326-6
セガ米沢,山形県米沢市大字花沢字タナコ原177
セガワールド北山形,山形県山形市北町1-3-20
ＳＯＹＵ　Ｅ-ＳＴＵＤＩＯ須賀川店,福島県須賀川市古河105イオンタウン須賀川Ｂ棟内
タイトーアミューズメントシティ郡山,福島県郡山市南2-38　フレスポ郡山内
タイトーＦ郡山オリエントパーク店,福島県郡山市安積町荒井字大久保35-1
スーパーノバ福島,福島県福島市黒岩字中島7-2
スーパーノバ会津インター,福島県会津若松市町北町上荒久田字宮下142
G3ポロス原町店,福島県南相馬市原町区北原本屋敷188
ラウンドワン福島店,福島県福島市太田町14-18
ラウンドワン郡山店,福島県郡山市向河原町4-55
セガ日和田,福島県郡山市日和田町字西中島7-1
セガワールド福島,福島県福島市本内字中井1-2
セガ小名浜,福島県いわき市小名浜林城字塚前18-1
セガ勿来,福島県いわき市勿来町四沢字鍵田13
セガワールド白河,福島県白河市新高山1-1 メガステージ白河内
ユーズランド水戸内原店,茨城県水戸市内原2-1イオンモール水戸内原2Ｆ
ピンクパンサー結城店,茨城県結城市結城10520-1
ピンクパンサー下妻店,茨城県下妻市小島884-10
ピンクパンサー水戸赤塚店,茨城県水戸市河和田1-1
ピンクパンサーつくばみらい店,茨城県つくばみらい市陽光台1-14-1
ピンクパンサー日立店,茨城県日立市東多賀町5-10-10
ピンクパンサー水戸けやき台店,茨城県水戸市酒門町3276-1
ピンクパンサー友部店,茨城県笠間市住吉1364-1
ピンクパンサー那珂店,茨城県那珂市菅谷1593-8
ピンクパンサー土浦店,茨城県土浦市木田余4585-3
ＡＭジャムジャム神栖店,茨城県神栖市神栖1ー8-1
ＡＭジャムジャムひたちなか本店,茨城県ひたちなか市田中後40-2
アミューズビバ,茨城県ひたちなか市東大島2-11-11
ゲームパニックつくば,茨城県土浦市中村東1-1-1サンタスワールド内
アピナ下館店,茨城県筑西市玉戸1012-3
ＧＡＭＥ ＰＡＤＤＯＣＫ＋１,茨城県古河市小堤1916-1
セガワールド日立,茨城県日立市田尻町3-26-1
セガ龍ケ崎,茨城県龍ケ崎市藤ケ丘4-2-8
セガ霞ヶ浦,茨城県稲敷市西代1473-1
セガ水戸,茨城県水戸市宮町1-7-44 コムボックス310
セガ石岡,茨城県石岡市東大橋中峯1976-1
セガ水戸南,茨城県水戸市千波町2017-1　1F
シーサイドリゾートアミューズメントパーク,栃木県宇都宮市睦町7-3
タイトーＦステーション小山店,栃木県小山市喜沢1475ハーヴェストウォーク内スポーツシネマ棟
ゲーム＆ビリヤード　遊ｉｎｇ,栃木県宇都宮市石井町下平出境2707-4
ドラマ足利店,栃木県足利市朝倉町244-1
スタジオプリモ宇都宮店,栃木県宇都宮市曲師町2-8宇都宮フェスタ1F
アピナ小山店,栃木県小山市駅南町4-27-18
INTER PARK+1宇都宮,栃木県宇都宮市インターパーク6-5-1
大田原スポーツランド,栃木県那須塩原市一区町104-60
ラウンドワン宇都宮店,栃木県宇都宮市江曽島町2072-1
ラウンドワン栃木・樋ノ口店,栃木県栃木市樋ノ口町55-1
ナムコプラボ宇都宮店,栃木県宇都宮市簗瀬町1606-1　Ｐ＆Ｄビル
セガ西那須野,栃木県那須塩原市南郷屋2-106-27
セガ小山,栃木県小山市東城南1-1-18
セガ今市,栃木県日光市芹沼1448-1
セガワールド宇都宮,栃木県宇都宮市東宿郷5-1-7
ユーズランド太田店,群馬県太田市石原町81番地イオンモール太田2Ｆ
ユーズランド高崎店,群馬県高崎市棟高町1400番地イオンモール高崎2Ｆ
THE 3RD PLANET 高崎店,群馬県高崎市下和田町5-3-8 メディアメガ高崎内
ゲームシティボストン,群馬県前橋市大友町3-7-3
アピナ太田店,群馬県太田市内ケ島町907-1
群馬レジャーランド伊勢崎店,群馬県伊勢崎市連取町3066-1
群馬レジャーランド高崎駅東口店,群馬県高崎市江木町333-1高崎ＥＸビル
群馬レジャーランド太田店,群馬県太田市西矢島町162-2
群馬レジャーランド藤岡店,群馬県藤岡市中2002-1
群馬レジャーランド渋川店,群馬県渋川市八木原1364
関東スポーツセンター,群馬県館林市近藤840
インターワールド伊勢崎店,群馬県伊勢崎市宮子町3425-4
ゲームパークＭ１,群馬県前橋市国領町2-13-6
ラウンドワン前橋店,群馬県前橋市天川大島町1101-1
セガワールド沼田,群馬県沼田市下久屋町1100-1
セガワールド太田,群馬県太田市西矢島町575-1
セガワールド館林,群馬県館林市小桑原町949-1
セガスマーク伊勢崎,群馬県伊勢崎市西小保方町368 スマーク伊勢崎3F 302区画
アミューズメントフィールドバイヨン,埼玉県ふじみ野市うれし野2-16-1LCモールうれし野2Ｆ
ユーズランド越谷店,埼玉県越谷市レイクタウン4-2-2イオンレイクタウンKAZE3F
ユーズランド春日部店,埼玉県春日部市下柳420-1イオンモール春日部2Ｆ
ＨＯＵＳＴＯＮ西川口店,埼玉県川口市西川口1-6-3西川口ビル1F
キャロム坂戸店,埼玉県坂戸市関間2-151-1
キャロム所沢店,埼玉県所沢市下安松969-1
キャロム栗橋店,埼玉県久喜市高柳田中1741-3
ベネクス越谷店,埼玉県越谷市南荻島2770-1
タイトーステーション 和光店,埼玉県和光市丸山台1-4-5
タイトーステーション 所沢店,埼玉県所沢市日吉町3-7
タイトーステーション 大宮店,埼玉県さいたま市大宮区大門町1-1
ベネクス浦和店,埼玉県さいたま市南区辻7-2-8
ベネクス川越店,埼玉県川越市大仙波340-1
ギガステーション戸田店,埼玉県戸田市大字美女木943-7
シルクハット　川口,埼玉県川口市栄町3-1-16イート川口ビル4Ｆ
ゲームパニック三郷,埼玉県三郷市ピアラシティ1-1-200
Ｓｐｉｃａ大宮南銀店,埼玉県さいたま市大宮区仲町1-57
ゲームシティ川口店,埼玉県川口市栄町1-10-5
アピナ川越店,埼玉県川越市泉町1-1　ウニクス南古谷シネマ棟1Ｆ
アピナ上尾店,埼玉県上尾市緑丘3-3-11-2　Ｐ・Ａ・Ｐ・Ａ上尾ＳＣ別棟
アピナ大宮店,埼玉県さいたま市大宮区仲町1-19
アミューズランドモナコ川越店,埼玉県川越市新富町2-4-1
埼玉レジャーランド春日部店,埼玉県春日部市大字増富字谷際163-1
埼玉レジャーランド川越店,埼玉県川越市新富町1-17-4
ビッグボウル杉戸,埼玉県北葛飾郡杉戸町大字杉戸2338
キャッツアイ狭山店,埼玉県狭山市入間川3141
インターワールド戸田店,埼玉県戸田市笹目3-21-9
モンテカルロ,埼玉県深谷市西島3-1-2
ウェアハウス岩槻店,埼玉県さいたま市岩槻区加倉3-3-63
ウェアハウス草加店別館,埼玉県草加市稲荷2-36-33
ウェアハウス三橋店,埼玉県さいたま市西区三橋6-955-1
ラウンドワン大宮店,埼玉県さいたま市大宮区宮町4-90-7
ラウンドワン朝霞店,埼玉県朝霞市膝折町2-16-10
ラウンドワン上尾店,埼玉県上尾市大字平塚917-1
ラウンドワンさいたま・栗橋店,埼玉県久喜市小右衛門192-1
ラウンドワン入間店,埼玉県入間市小谷田3-7-25
ラウンドワン草加店,埼玉県草加市谷塚上町204番1
ラウンドワンさいたま・上里店,埼玉県児玉郡上里町大字金久保394-1
ラウンドワンららぽーと新三郷店,埼玉県三郷市新三郷ららシティ3-1-1ららぽーと新三郷2F20000番
ラウンドワンさいたま・鴻巣店,埼玉県鴻巣市箕田3163-7
ｎａｍｃｏ熊谷店,埼玉県熊谷市銀座2-97CARPA1階
セガワールド籠原,埼玉県熊谷市美土里町 1-169
セガ川口,埼玉県川口市東領家 2-2-10
セガ所沢,埼玉県所沢市日吉町 8-1
セガ入間,埼玉県入間市東藤沢 2-18
セガ花園,埼玉県深谷市荒川359
アドアーズ船橋,千葉県船橋市本町1-31-26セブン船橋Ｂ1Ｆ〜3Ｆ
チャリオット五井店,千葉県市原市五井中央西2-1-2
チャリオット辰巳店,千葉県市原市市原500-1
パレパレ稲毛長沼店,千葉県千葉市稲毛区長沼原町731-17フレスポ稲毛Ａ2棟4
アミューズメントパレスワンダーヴュー成田,千葉県成田市飯仲11-18
アミュージアム茂原店,千葉県茂原市高師1619-1
イスカンダル木更津店,千葉県木更津市潮見4-1-2
イスカンダル五井金杉店,千葉県市原市五井金杉1-47
ゲームランド津田沼店,千葉県習志野市津田沼1-23-1イオンモール津田沼2Ｆ
タイトーステーション 柏店,千葉県柏市柏2-3-1フーサワビル
タイトーステーション 船橋店,千葉県船橋市本町1-6-1
ゲームプラザセントラル浦安店,千葉県浦安市北栄1-16-15
シルクハット　津田沼,千葉県習志野市津田沼1-2-1十三ビル地下1階
タイトーFステーション柏中央,千葉県柏市十余二249-5
佐原ミナミボウル,千葉県香取市佐原イ-4200
ラッキー中央店・フェリシダ,千葉県千葉市中央区富士見2-8-1
ラッキーバッティングドーム八千代店,千葉県八千代市大和田新田1088
ラッキー西千葉店,千葉県千葉市稲毛区弥生町1-15
ラッキー佐倉店,千葉県佐倉市井野1475
千葉レジャーランド稲毛店,千葉県千葉市稲毛区小仲台2-5-7海宝ビル2F
タイトーＦステーション市川妙典店,千葉県市川市妙典4-1-1　イオン市川妙典店2番街2F
スーパービバホーム新習志野店２階,千葉県習志野市茜浜1-1-2　スーパービバホーム2Ｆ
アミューズメントエース津田沼,千葉県船橋市前原西2-15-1ファシービル
YAZワールド野田七光台店,千葉県野田市七光台4-2
アピナ印西店,千葉県印西市原1-2ビッグホップガーデンモール印西2Ｆ
千葉レジャーランド成東店,千葉県山武市姫島111-1
千葉レジャーランド野田店,千葉県野田市吉春776-1
スポーツウェーブ鉄腕24,千葉県千葉市中央区浜野町1025-59
スポーツウェーブ鉄腕24稲毛長沼店,千葉県千葉市稲毛区長沼原町697番地
ＤＡＩＫＥＩＥＮ,千葉県市川市大町359
ゲームソニックビーム松戸,千葉県松戸市松戸1172-1
アミューズメントエース市川,千葉県市川市市川1-9-11サン市川ハイツ1階
本八幡ゲームUNO,千葉県市川市八幡2丁目16ー6八幡ハタビルB1F
キャッツアイ八千代店,千葉県八千代市吉橋1851　ｉｓｍ緑ヶ丘内
柏ガリバー,千葉県柏市柏1-1-11丸井ビルＢ1Ｆ
ウェアハウス南流山店,千葉県流山市南流山4-16-6
ラウンドワン八千代村上店,千葉県八千代市村上南1丁目5番地54
ラウンドワン市原店,千葉県市原市八幡北町3-5-1
ラウンドワン習志野店,千葉県習志野市芝園1-4-5
ラウンドワン市川鬼高店,千葉県市川市鬼高4-1-3
ラウンドワンアリオ柏店,千葉県柏市大島田1丁目6番地1セブンパークアリオ柏　1070
ｎａｍｃｏ松戸店,千葉県松戸市松戸1230-1ピアザ松戸1Ｆ
セガ千葉,千葉県千葉市中央区富士見 2-4-1
セガワールド成田,千葉県成田市東町 157-5
セガ旭,千葉県旭市二3150-1
セガ幕張,千葉県千葉市美浜区ひび野1-8 メッセ･アミューズ･モール1F
セガアリーナ蘇我,千葉県千葉市中央区川崎町51-1 ハーバーシティ蘇我 フェスティバルウォーク アミューズメント棟1F
クラブセガ稲毛オーツーパーク,千葉県千葉市稲毛区園生町380-1
ハイテクセガ柏,千葉県柏市柏 1-1-11 丸井デパート内B1F
セガ我孫子,千葉県我孫子市柴崎字天王台 47-1
セガ松戸,千葉県松戸市日暮1-1-1 八柱駅第2ビル2F
アドアーズ中野,東京都中野区中野5-52-15　ブロードウェイ185
アドアーズ町田,東京都町田市原町田6-21-25　大正堂第2ビル1〜4Ｆ
アドアーズ仙川,東京都調布市仙川町2-21-12　ＶＩＣビル7
アドアーズ門前仲町,東京都江東区富岡1-5-5和田屋ビル1-3階
アドアーズ池袋東口,東京都豊島区東池袋1-41-4池袋とうきゅうビル1〜2階
アドアーズ立川,東京都立川市柴崎町3-4-3TE柴崎ビルB1〜3F
アドアーズ新小岩,東京都葛飾区新小岩1-44-4　ＶＯＲＴ新小岩ビル
アドアーズ上野アメ横,東京都台東区上野4-9-14上野Ｋ．ＫビルＢ1〜4階
タイトーＦステーション西葛西,東京都江戸川区西葛西6-6-10
ドットコム葛西,東京都江戸川区中葛西3-35-5
ユーズランド日の出店,東京都西多摩郡日の出町大字平井237-3イオンモール日の出3Ｆ
ゲームプラザGAO歌舞伎町店,東京都新宿区歌舞伎町1-6-8アミューズ歌舞伎町ビル1F
アムネット五反田店,東京都品川区西五反田1-27-5
アミュージアムＯＳＣ店,東京都練馬区東大泉2-34-1オズスタジオシティ2Ｆ
アミュージアム昭島店,東京都昭島市田中町573-1-2
プラサカプコン吉祥寺店,東京都武蔵野市吉祥寺本町1-10-1いなりやビルB1F
キャロム青梅店,東京都青梅市千ケ瀬町4-326-1
ザ・サードプラネット多摩センター店,東京都多摩市落合1-41-1マグレブウェスト1階・2階
タイトー新宿南口ゲームワールド店,東京都新宿区新宿3-35-8
タイトーステーション 渋谷店,東京都渋谷区渋谷1-24-12渋谷東映プラザ
タイトーＢＩＧＢＯＸ高田馬場店,東京都新宿区高田馬場1-35-3　ＢＩＧＢＯＸ6Ｆ
タイトーステーション 池袋ロサ店,東京都豊島区西池袋1-37-12ロサ会館1階
タイトーステーション綾瀬店,東京都足立区綾瀬4-9-29ホーキョボナービル
タイトーステーション国分寺店,東京都国分寺市本町3-5-11
Ｈｅｙ,東京都千代田区外神田1-10-5廣瀬本社ビル1階〜4階
プレイロットジョイ,東京都武蔵野市吉祥寺本町1-8-23
タイトーステーション 町田店,東京都町田市原町田6-21-23　松山ビル1階
○×△□（ラくトス）,東京都葛飾区新小岩1-44-6
タイトーステーション 池袋西口店,東京都豊島区西池袋1-15-9第一西池ビル
タイトーステーション立川北口店,東京都立川市曙町2-4-5クリサス立川2・3Ｆ
ドラマ八王子高倉店,東京都八王子市高倉町55-4
ドラマ瑞穂店,東京都西多摩郡瑞穂町武蔵382-1
フォルム武蔵境,東京都武蔵野市境南町2-7-20ダイヤパレス第2　1階
ゲームプラザセントラル八王子店,東京都八王子市東町12-15第5セントラル
シルクハット　蒲田西口,東京都大田区西蒲田7-2-3　第二醍醐ビル地下1階〜2階
シルクハット　大森,東京都大田区山王2-2-15
シルクハット　八王子,東京都八王子市旭町2-5　八王子ツインタワービル3階
ゲームサファリ大山,東京都板橋区大山東町60-10やすだ大山駅前店2F
タイトーＦステーションオリナス錦糸町店,東京都墨田区太平4-1-2オリナスモール地下1F
ゲームシティ板橋店,東京都板橋区小茂根1-32-9
アピナ八王子みなみ野店,東京都八王子市みなみ野1-2-1アクロスモール3Ｆ
アピナ荻窪店,東京都杉並区上荻1-13-10ハクサンビル
アミューズランドモナコ調布駅前店,東京都調布市布田4-2-22
東京レジャーランド秋葉原店,東京都千代田区外神田1-9-5
東京レジャーランド秋葉原2号店,東京都千代田区外神田4-3-3ミナミビル6F・7F
東京レジャーランド亀有店,東京都葛飾区亀有3-21-2
ミラクルイン中村橋,東京都練馬区貫井1-1-2ＹＫビル2Ｆ
アミューズメントスペースASO：VIBA！,東京都渋谷区恵比寿1-10-5三恵エビスビル2F
ラウンドワン南砂店,東京都江東区南砂6-7-15トピレックプラザ4Ｆ
ラウンドワン町田店,東京都町田市森野1-13-14
ラウンドワン板橋店,東京都板橋区相生町16-13
ラウンドワン武蔵村山店,東京都武蔵村山市伊奈平3-1-1
ラウンドワン池袋店,東京都豊島区東池袋1-14-1
ラウンドワン吉祥寺店,東京都武蔵野市吉祥寺本町1-11-22
ｎａｍｃｏ巣鴨店,東京都豊島区巣鴨1-15-1宮田ビルB2F
ｎａｍｃｏ中野店,東京都中野区中野5-52-15中野ブロードウェイ別館
ｎａｍｃｏ王子サンスクエア店,東京都北区王子1-4-1サンスクエア2階
セガ池袋ＧｉＧＯ,東京都豊島区東池袋1-21-1
ハイテクランドセガ渋谷,東京都渋谷区渋谷1-14-14 EST 1F
セガ神楽坂,東京都新宿区神楽坂2-11 第2カグラヒルズ1F
セガ秋葉原３号館,東京都千代田区外神田1-11-11 外神田1丁目ビルディング
セガ秋葉原４号館,東京都千代田区外神田1-15-9 5F
クラブセガ立川,東京都立川市柴崎町3-2-1 サザンビル1F
セガワールド府中,東京都府中市西原町1-6-2 フレスポ府中2F
セガワールド東大和,東京都東大和市桜ヶ丘1-1330-19 BIGBOX東大和1F
セガワールド福生,東京都福生市大字福生1076-1
セガ船堀,東京都江戸川区船堀1-6-11
ハイテクランドセガ立石,東京都葛飾区立石7-2-1
ハイテクセガ葛西,東京都江戸川区西葛西5-1-14 第一保志ビル
セガ竹の塚,東京都足立区竹の塚6丁目8番6号　ピーくんPlaza-B
セガ赤羽,東京都北区赤羽1-7-9 赤羽第一葉山ビルB1
新宿スポーツランド本館,東京都新宿区新宿3-22-12 サンパーク本館1F
クラブセガ新宿西口,東京都新宿区西新宿1-12-5
セガワールド大森,東京都大田区山王2-1-5 大森駅ララビル2Ｆ
クラブセガ自由ヶ丘,東京都目黒区自由ヶ丘2-10-9
ハイテクランドセガ池上,東京都大田区池上6-2-3 松山ビル2Ｆ
セガ町田,東京都町田市原町田6-13-17　アーバンミサワビルB1F
セガ赤羽駅前,東京都北区赤羽1-2-4
アドアーズ藤沢北口,神奈川県藤沢市藤沢460-1　3〜4Ｆ
タイトーFステーション向ヶ丘遊園店,神奈川県川崎市多摩区登戸2718-1
アミューズメントパークジアス上大岡,神奈川県横浜市港南区上大岡西2-1-28
プラサカプコン横須賀店,神奈川県横須賀市若松町2-30モアーズシティ4F
テクモピア向ヶ丘遊園店,神奈川県川崎市多摩区登戸2755ミノワホームズ1F
ゲームコスモ金沢文庫店,神奈川県横浜市金沢区谷津町344
小田原メトロポリス,神奈川県小田原市前川字相坪219-4
タイトーステーション溝の口,神奈川県川崎市高津区溝口1-11-8ＯＫＫＡ634ビル3階
タイトーステーション 戸塚西口店,神奈川県横浜市戸塚区戸塚町4023
タイトーステーション 小田原店,神奈川県小田原市栄町1-3-12
タイトーステーション海老名ビナウォーク店,神奈川県海老名市中央1-18-1　ビナウォーク6番館2Ｆ
タイトーステーション 横浜西口五番街店,神奈川県横浜市西区南幸1-12ー9
タイトーステーション 藤沢店,神奈川県藤沢市南藤沢21-1
ベネクス平塚店,神奈川県平塚市四之宮6-10-27
ベネクス大和店,神奈川県大和市下鶴間2752-2
ベネクス川崎,神奈川県川崎市川崎区鋼管通り4-8-3
ドラマ藤沢店,神奈川県藤沢市本藤沢5-6-8
ドラマ港北インター店,神奈川県横浜市都筑区東方町321-6
ゲームインファンファン藤沢店,神奈川県藤沢市鵠沼石上1-3-8
プレイアイシー東海大学前店,神奈川県秦野市南矢名1-15-1
シルクハット本厚木,神奈川県厚木市中町2-4-13　本厚木駅前ビル
シルクハット川崎モアーズ,神奈川県川崎市川崎区駅前本町7番地　岡田屋モアーズ1・2階
シルクハット　伊勢佐木町,神奈川県横浜市中区伊勢佐木町3—96日活会館3階
シルクハット　横須賀中央,神奈川県横須賀市若松町1-5プライムビル2階
シルクハット　川崎ダイス,神奈川県川崎市川崎区駅前本町8番地ダイスビル地下2階
シルクハット　大船,神奈川県鎌倉市大船1-24　大船駅前ビル1〜3Ｆ
アミューズメントランドYAZ平塚店,神奈川県平塚市田村1-4-26
アピナ橋本店,神奈川県相模原市緑区西橋本5-1-1ラ・フロール駐車場棟1階
神奈川レジャーランド厚木店,神奈川県厚木市戸室5-31-1
ムトス相模原店,神奈川県相模原市中央区中央2-1-5
ネバーランド港北店,神奈川県横浜市都筑区中川中央1-36-16
ネバーランド2座間店,神奈川県座間市ひばりが丘4-11-48
ミリアンパーク　ネクサス,神奈川県厚木市田村町9-25
イミグランデ大和店,神奈川県大和市鶴間2-12-27
イミグランデ日吉店,神奈川県横浜市港北区日吉2-2-4
イミグランデ溝口店,神奈川県川崎市高津区溝口1-14-7　第二カスタムビル
ラウンドワン高津店,神奈川県川崎市高津区二子4-8-1
ラウンドワン横浜綱島店,神奈川県横浜市港北区樽町2-6-40Ｔ-PLATZ内
ラウンドワン横浜駅西口店,神奈川県横浜市西区南幸2-8-16
ラウンドワン川崎大師店,神奈川県川崎市川崎区殿町1-5-1
ラウンドワンららぽーと湘南平塚店,神奈川県平塚市天沼10-13階 33280番
ｎａｍｃｏ都筑店,神奈川県横浜市都筑区川和町846-1
セガ海老名,神奈川県海老名市中央1-4-31 海老名プラザビル1F
パームトップス,神奈川県厚木市中町4-15-9
クラブセガ相模大野,神奈川県相模原市南区相模大野3-13-2　フレスコビル2F
クラブセガ綱島,神奈川県横浜市港北区綱島西2-6-29 城田ビル3F
クラブセガ新杉田,神奈川県横浜市磯子区杉田1-1-1 らびすた新杉田2F
セガセンター南,神奈川県横浜市都筑区茅ケ崎中央3-25
ゲームセンターテクノポリス,新潟県長岡市要町1-8-50
カプコサーカス新潟東店,新潟県新潟市東区大形本町3-1-2　ジャスコシティ新潟東
スターフィールド,新潟県長岡市新組町2003番地1
タイトーＦステーション上越店,新潟県上越市富岡3524 J-MAXシアター内1F
アピナ上越インター店,新潟県上越市下門前1661
アピナ長岡店,新潟県長岡市堺東町22
上越レジャーランボウル,新潟県上越市下門前薬島827-2
メジャーロード24,新潟県見附市今町4-20-568-1
メジャーロード黒埼,新潟県新潟市西区山田3303番地（3302番地）
メジャーロード白根,新潟県新潟市南区上下諏訪木論地948-2
ラウンドワン新潟店,新潟県新潟市中央区美咲町2-1-38
ｎａｍｃｏ新潟店,新潟県新潟市中央区南笹口1-1-1　ひもろぎビル2Ｆ
ユーズランド高岡店,富山県高岡市下伏間江383イオンモール高岡2Ｆ
アピナ富山新庄店,富山県富山市荒川3-2-12
アピナ富山豊田店,富山県富山市豊田町2丁目12-66
アピナ富山南店,富山県富山市堀川町355-3　マイプラザ内
トヤマレジャーランド呉羽店,富山県富山市高木字貝塚2054
サービスエリアIN高岡,富山県高岡市下石瀬857-1
プレイランドイン黒部,富山県黒部市沓掛645
ゲームスポット２07,富山県高岡市鐘紡町1655-3
ゲームスポットアップル,富山県魚津市吉島2-407-1
バイパスレジャーランド宇ノ気店,石川県かほく市森子85
バイパスレジャーランド藤江本館,石川県金沢市藤江南2-41
バイパスレジャーランド藤江新館,石川県金沢市藤江南2-105
バイパスレジャーランド加賀店,石川県加賀市箱宮町ヲ1-1
ラウンドワン金沢店,石川県金沢市横川6-120-1
セガイオンタウン金沢示野,石川県金沢市戸板西2-1
フクイレジャーランドワイプラザ店,福井県福井市新保北1-303　ヤスサキワイプラザＢ棟2Ｆ
福井レジャーランド板垣店,福井県福井市下馬3-102
ジョイランド大和田店,福井県福井市大和田町2-1002
セガワールド武生,福井県越前市新町3-13-4
セガ福井,福井県福井市丸山1-410
プラサカプコン甲府店,山梨県中巨摩郡昭和町西条字北河原3717
ゲームパニック甲府,山梨県甲府市国母5-20-24
ラウンドワン山梨・石和店,山梨県笛吹市石和町広瀬737-1
アピナ長野村山店,長野県長野市村山502-1
アピナ長野大橋店,長野県長野市若里7-9-12
アピナ穂高店,長野県安曇野市穂高2450
アピナ伊那店,長野県伊那市大字西町5093
アピナ松本店,長野県松本市双葉19-10
アピナ塩尻店,長野県塩尻市広丘野村1794-1
アピナ飯田店,長野県飯田市座光寺3728-1
アピナ長野川中島店,長野県長野市川中島町御厨967-1
アピナ佐久インター店,長野県佐久市岩村田北1-13-1
アピナ上田店,長野県上田市秋和359-1
ラウンドワン長野店,長野県長野市大字東和田827番地6
セガ上田,長野県上田市上田1847-1
セガワールド豊科,長野県安曇野市豊科南穂高1115
セガ松本,長野県松本市渚1-7-1 なぎさライフサイト内
セガ岡谷,長野県岡谷市塚間町2-1-21
ＢｅｅＧＡＭＥＳ,長野県長野市高田字久保1174　ヤングファラオ内ボウリング場ゲーム
ゲームハウスアリババ,岐阜県大垣市池尻町940-1
ゲームゾーン各務原店,岐阜県各務原市鵜沼各務原町5-286 ペタルビル1Ｆ
Ａ．Ｃ．グランド,岐阜県岐阜市茜部大川1-77
大垣メトロポリス,岐阜県大垣市三塚町西沼523-1
岐阜レジャーランド穂積店,岐阜県瑞穂市稲里630番地
ＧＡＭＥタカラ島　可児店,岐阜県可児市広見字古川2519ー12　
ゲームファンタジアン柳津店,岐阜県岐阜市柳津町上佐波西3-68
ゲームファンタジアン精華店,岐阜県岐阜市鏡島精華2-2-1
オアシス,岐阜県羽島郡岐南町八剣7-15
ラウンドワンモレラ岐阜店,岐阜県本巣市三橋1100
セガ多治見,岐阜県多治見市住吉町1-1-1
セガワールド高山,岐阜県高山市上岡本町7-7
セガマーゴ関,岐阜県関市倉知516
タイトーＦステーション静岡,静岡県静岡市葵区呉服町2-5-4　ふしみや第2ビル
ゲームオフ富士宮,静岡県富士宮市三園平1360
THE 3RD PLANET OZ浜松店,静岡県浜松市東区宮竹町322-1
ＴＨＥ　３ＲＤ　ＰＬＡＮＥＴ　富士,静岡県富士市永田町2-99
THE 3RD PLANET 島田店,静岡県島田市中溝町2531
THE 3RD PLANET 静岡インター店,静岡県静岡市駿河区中野新田383-3
THE 3RD PLANET BiVi沼津店,静岡県沼津市大手町1-1-5
ジョイランドアミューズ諏訪店,静岡県沼津市大諏訪20-2
アップル新北街道店,静岡県静岡市葵区沓谷5-13-4
アップルグランリバー大井川店,静岡県焼津市下江留1327
アップル島田店,静岡県島田市宝来町8-5
シートピアYAZ焼津店,静岡県焼津市道原585
シートピアＹＡＺ大須賀店,静岡県掛川市西大渕3359
ＹＡＺワールド浜松葵店,静岡県浜松市中区葵西2-27-10
ポート２４浜松店,静岡県浜松市西区坪井町4183-1
ゲームインプリンス,静岡県静岡市清水区天神1-2-6
ラウンドワン富士店,静岡県富士市八代町4-15
ラウンドワン浜松店,静岡県浜松市東区天王町諏訪1981-17
ラウンドワン静岡・駿河店,静岡県静岡市駿河区手越75
セガサントムーン柿田川,静岡県駿東郡清水町玉川61-2 サントムーン柿田川2F
セガ掛川,静岡県掛川市細田248
セガ袋井,静岡県袋井市川井1142-1
オークランドボウル春日井,愛知県春日井市鳥居松町3-11　1階ゲームコーナー
ユーズランド東浦店,愛知県知多郡東浦町緒川旭13-2イオンモール東浦2Ｆ
ゲームゾーンR一宮店,愛知県一宮市更屋敷門60
ゲームファンタジーランドダイナソア,愛知県大府市東新町3-87
ゲームファンタジーランドモアイ,愛知県名古屋市緑区桃山3-1610-1
ゲームファンタジーランドナイル,愛知県東海市名和町三番割上40-2
半田メトロポリス,愛知県半田市旭町3-11-1
中川メトロポリス,愛知県名古屋市中川区江松3丁目110番地
豊川メトロポリス,愛知県豊川市下長山町上アライ14-1
小牧メトロポリス,愛知県小牧市間々片山181
M's PARK豊田店,愛知県豊田市寿町3-21、22
M's PARK刈谷店,愛知県刈谷市稲場町3-206
M's PARK小牧店,愛知県小牧市大字村中字稲荷783
M's PARK三郷店西館,愛知県尾張旭市南原山町赤土207
ＡＤＸマミー岡崎店,愛知県岡崎市井田新町6-1
タイトーステーション 豊橋店,愛知県豊橋市藤沢町141-4アミューズメントビル1Ｆ
タイトーステーション 大須店,愛知県名古屋市中区大須3-20-7
タイトーステーションフェドラ大須店,愛知県名古屋市中区大須3-30-31
名古屋レジャーランド大高店,愛知県名古屋市緑区忠治山201番地
名古屋レジャーランド内田橋店,愛知県名古屋市南区内田橋2-26-22
楽市街道 名古屋店,愛知県北名古屋市中之郷新明45-1
ＶＡＭＰ中川店,愛知県名古屋市中川区新家1-2007
ゲーム キングジョイ,愛知県名古屋市中区栄3-3-32
ＧＲＥＡ,愛知県名古屋市千種区今池5-22-17
ポート２４幸田店,愛知県額田郡幸田町相見沖原1-3
ポート２４八事店,愛知県名古屋市昭和区広路町北石坂102番地4
ゲームファンタジアン岡崎店,愛知県岡崎市錦町2-4
ゲームファンタジアン長久手店,愛知県長久手市武蔵塚705
ゲームコング,愛知県豊田市広路町2-20
ＷＡＶＥ豊川白鳥店,愛知県豊川市白鳥町京次55-1
ファンタジープラザ名古屋,愛知県名古屋市北区玄馬町234-1ﾄﾞﾝｷﾎｰﾃ名古屋本店2階
コムテックタワー,愛知県名古屋市中村区名駅4-10-20
コムテックスクウェア,愛知県名古屋市中区金山1-16-8
コムテックプラザ赤池,愛知県日進市赤池1-2901
ラウンドワン鳴海店,愛知県名古屋市緑区鳴海町杜若28
ラウンドワン中川１号線店,愛知県名古屋市中川区法蔵町2-23
ラウンドワン名古屋西春店,愛知県北名古屋市宇福寺神明15
ラウンドワン半田店,愛知県半田市瑞穂町6-7-8
ラウンドワン豊橋店,愛知県豊橋市大岩町字岩田27-2
セガ金山,愛知県名古屋市熱田区金山1-19-2
セガ春日井,愛知県春日井市岩野町4180
セガ尾西,愛知県一宮市篭屋3-9-7 アソビックスびさい1F
セガマーケットスクエアささしま,愛知県名古屋市中村区平池町4丁目60番地14号
セガ東名ボール,愛知県瀬戸市西原町2-114
セガイオンタウン刈谷,愛知県刈谷市東境町京和1
セガ豊田,愛知県豊田市深田町1-65-1
アミューズメントプラザワイド,愛知県東海市名和町二番割上16-2
セガ安城,愛知県安城市百石町2-35-13
アミューズメントプラザマルシン,愛知県刈谷市池田町4-609
セガイオンタウン名西,愛知県名古屋市西区香呑町6-49-1
セガ飯村,愛知県豊橋市飯村町字西山25-121
セガ岡崎,愛知県岡崎市上地3-50-4
カーニバル・Ｃ・ドーム,愛知県西尾市上町南又七山35-2
アミパラ鈴鹿店,三重県鈴鹿市西条町字東澤430-1
YAZワールド四日市店,三重県四日市市泊小柳町4-34
アピナ鈴鹿店,三重県鈴鹿市庄野羽山4-20-1イオンタウン鈴鹿2階
ゲームチャオ松阪店,三重県松阪市船江町780
ドリームキャンディ,三重県伊賀市小田町711-1
ゲームチャオ名張店,三重県名張市蔵持町原出773-1
ラウンドワンみえ川越インターチェンジ店,三重県三重郡川越町南福崎851-1
ラウンドワン津・高茶屋店,三重県津市高茶屋小森町277-8
セガ生桑,三重県四日市市生桑町字川原崎299-1
セガワールド桑名,三重県桑名市大仲新田宮前158
セガ伊勢,三重県伊勢市中須町666
クラブセガアドバンスモール松阪,三重県松阪市田村町235-1
セガワールド久居,三重県津市久居明神町字風早2534-1
クラブセガ名張,三重県名張市希央台3番町15
アミパラ草津店,滋賀県草津市木川町72
ゲームディーノ彦根店,滋賀県彦根市西沼波町166
滋賀レジャーランド大津店,滋賀県大津市におの浜3-1-43　イオンタウンアヤハプラザ内
エースレーン草津（ACT草津ACTION）,滋賀県草津市野路3丁目1-5
ラウンドワン浜大津アーカス店,滋賀県大津市浜町2-1浜大津アーカス内
セガエイスクエア草津,滋賀県草津市西渋川1-23-23 ​A/SQUARE ​SARA南館2F
セガ甲西,滋賀県湖南市夏見二ツ橋356-1
THE 3RD PLANET BiVi京都二条店,京都府京都市中京区西ノ京栂尾町107
ゲームパニック京都,京都府京都市中京区桜之町415番　京都松竹座ビル
プレイランドキング円町店,京都府京都市中京区西ノ京西円町40
あそＶＩＶＡゲームセンター,京都府福知山市字堀小字下高田2146-1
ラウンドワン京都河原町店,京都府京都市中京区河原町通三条下ル山崎町250
ラウンドワン京都伏見店,京都府京都市伏見区下鳥羽平塚町131
ｎａｍｃｏイオンモールＫＹＯＴＯ店,京都府京都市南区西九条鳥居口町1ｲｵﾝﾓｰﾙKYOTO SAKURA館4階
セガワールド六地蔵,京都府京都市伏見区桃山町山ﾉ下32 京都ショッピングセンタービルAM棟2F
関大前フタバボウル,大阪府吹田市千里山東1-7-18
フタバボウル泉大津店,大阪府泉大津市松之浜町1-2-53
モンキートリック,大阪府寝屋川市香里南之町32-5　YNレジデンス香里2F
アミパラ大東店,大阪府大東市南新田2丁目3番5号
Ｇ-ｐａｌａあべの,大阪府大阪市阿倍野区阿倍野筋3-10-1あべのベルタ2Ｆ
タイトーステーション 大阪日本橋店,大阪府大阪市浪速区日本橋4-9-14
タイトーステーション梅三小路店,大阪府大阪市北区梅田3-2-136梅三小路内
チャレンジャーガムガム,大阪府吹田市岸部南1-24-9
ゲームフェイス八尾店,大阪府八尾市天王寺屋2-68
ゲーム　フェイス　松原店,大阪府松原市大堀1-1-9
星狩物語岸和田店,大阪府岸和田市作才町1-3-2
ゲームディーノ阪急茨木店,大阪府茨木市永代町5 ソシオビルＢ1
ゲームパニック堺,大阪府堺市堺区築港八幡町1番地堺浜ｼｰｻｲﾄﾞｽﾃｰｼﾞ内堺浜ｴﾝﾀﾒ館
ＹＡＺ寝屋川店,大阪府寝屋川市石津中町25-26
ゲームポイントシャトーＥＸ,大阪府大阪市都島区東野田町3-9-3
あそＶＩＶＡ阪急茨木店,大阪府茨木市永代町6-2スポーツプラザ茨木2Ｆ
ヤングプラザＡＢＣ梅田,大阪府大阪市北区堂山町5-4
ラウンドワン豊中店,大阪府豊中市名神口1-1-1
ラウンドワン守口店,大阪府守口市佐太東町2-6-14ジャガーグリーン2Ｆ
ラウンドワン東大阪店,大阪府東大阪市若江南町1-2-12
ラウンドワン東淀川店,大阪府大阪市東淀川区菅原7-14-28
ラウンドワン高槻店,大阪府高槻市辻子3-6-4
ラウンドワン堺中央環状店,大阪府堺市東区石原町2-241
ラウンドワン城東放出店,大阪府大阪市城東区今福南3-4-38
ラウンドワン堺駅前店,大阪府堺市堺区戎島町4-44-3
ラウンドワン枚方店,大阪府枚方市高野道1-20-20
ラウンドワン岸和田店,大阪府岸和田市八阪町2-11-1
ラウンドワン梅田店,大阪府大阪市北区小松原町4-16
ラウンドワン千日前店,大阪府大阪市中央区難波1-3-1
ｎａｍｃｏ梅田店,大阪府大阪市北区小松原町3-3ＯＳビル2Ｆ
ｎａｍｃｏ大阪日本橋店,大阪府大阪市浪速区難波中2-1-17コスモビル1〜3階
セガワールド枚方,大阪府枚方市須山町83-1 サンシャインプラザ枚方内
セガワールド布施,大阪府東大阪市長堂1-1-1 ロンモール布施内
セガ今福,大阪府大阪市城東区今福東1-9-34
セガミスト２,大阪府大阪市北区梅田1-11-4 駅前第4ビルB1F
クラブセガ東梅田,大阪府大阪市北区堂山町9-28　スプラウトビル1Ｆ
ハイテクランドセガ西中島,大阪府大阪市淀川区西中島3-16-8 深井センタービル1･2F
セガ難波アビオン,大阪府大阪市浪速区難波中2-3-15 MMOビル1F･2F
セガワールドアポロ,大阪府大阪市阿倍野区阿倍野筋1-5-31 アポロビル3F
セガ新三国アルゴ7,大阪府豊中市神州町1-15
セガ東大阪,大阪府東大阪市稲田新町3-9-64
セガワールド松原,大阪府堺市東区八下町3-10
クラブセガ藤井寺,大阪府藤井寺市沢田1-20-8
セガワールド和泉,大阪府和泉市肥子町2-4-41
スポーツセンター２１世紀,大阪府堺市南区岩室108-1
ゲームアイビス太子店,兵庫県揖保郡太子町太田2149
トップラン,兵庫県神戸市西区岩岡町古郷1474-1
アミパラ垂水店,兵庫県神戸市垂水区名谷町字室山1400-18
アミパラ加古川店,兵庫県加古川市尾上町今福71-2
遊スペース マジカル,兵庫県神戸市中央区琴ノ緒町5-2-3
遊スペース アローズ,兵庫県神戸市西区丸塚2丁目9-18
遊スペース　スプラ,兵庫県加古川市尾上町安田351-1
Ｇ-ｐａｌａ花北店,兵庫県姫路市増位新町1-6　2Ｆ
ジーパラ姫路,兵庫県姫路市飾磨区加茂203-1
プレイステーションネーブル西宮店,兵庫県西宮市両度町6-10
アピナ姫路店,兵庫県姫路市東郷町1454-3姫路リオス2階
ラウンドワン加古川店,兵庫県加古川市尾上町安田325番6号
ラウンドワン伊丹店,兵庫県伊丹市昆陽7丁目29
ラウンドワン新開地店,兵庫県神戸市兵庫区新開地2-3-4
ラウンドワン三宮駅前店,兵庫県神戸市中央区小野柄通6-1-17
ラウンドワン姫路飾磨店,兵庫県姫路市飾磨区中島1-254
ｎａｍｃｏ豊岡店,兵庫県豊岡市中陰字大工6173階
セガつかしん,兵庫県尼崎市塚口本町4-8-1 つかしん内
三宮サンクス,兵庫県神戸市中央区琴ﾉ緒町5-4-5 高架下404～407
クラブセガ姫路ＯＳ,兵庫県姫路市駅前町254 姫路OSビルB1F
セガフェニックスプラザ摩耶,兵庫県神戸市灘区味泥町6-1
セガ明石,兵庫県明石市魚住町清水2464-1 ドライブインながさわ
アミューズメントＣＵＥ奈良三条店,奈良県奈良市三条町478-1
アミューズメントＣＵＥ奈良大和高田店,奈良県大和高田市東中2-11-16
アミパラ橿原店,奈良県橿原市十市町1222-1ツインゲート橿原1F
キッズサーカス奈良柏木店,奈良県奈良市柏木町456-1
ラウンドワンスタジアム奈良・ミナーラ店,奈良県奈良市二条大路南1-3-1ミ・ナーラ5階
ユーズランド和歌山店,和歌山県和歌山市中字楠谷573イオンモール和歌山2Ｆ
紀ノ川ボウル,和歌山県岩出市西国分656-1
ラウンドワン和歌山店,和歌山県和歌山市小雑賀739-3
アミパラがいな店,鳥取県米子市日ノ出町1-8-13
セガ鳥取,鳥取県鳥取市安長416
セガワールド米子,鳥取県米子市両三柳2778-2
ｙｏｕｍｅ　ＣＩＲＣＵＳ出雲店,島根県出雲市大塚町650-1ゆめタウン出雲店　東館3Ｆ
ジーパラ出雲,島根県出雲市渡橋町784-1
オートパーラーやすぎ,島根県安来市西荒島町33番地
セガ松江,島根県松江市嫁島町12-15
アミパラテクノランド店,岡山県岡山市北区大和町1-7-12
アミパラ倉敷店,岡山県倉敷市西中新田624-1アミパラボウル1F
アミパラ岡山店,岡山県岡山市北区青江1丁目13-8
ファンタジスタ,岡山県倉敷市新倉敷駅前5-194
ラウンドワン岡山妹尾店,岡山県岡山市南区妹尾3413-1
アミューズメントプレイス・ギミック・セガ,岡山県岡山市中区藤崎599-12
セガ倉敷,岡山県倉敷市西中新田535-2
ビバーチャ,広島県広島市中区南竹屋町10-17
アミューズメントパークＭＧジアス,広島県福山市柳津町1-7-60
アミパラキャッスル店,広島県福山市東深津町4-16-25福山キャッスルボウル1F
アミパラここじゃ店,広島県東広島市西条町下見6-10-19
アミパラ広島店,広島県広島市西区西観音町3-17
アミパラ神辺店,広島県福山市神辺町大字新道上字1-2-1
プラサカプコン広島店,広島県広島市佐伯区石内東4丁目1-1ジアウトレット広島
福山メトロポリス,広島県福山市一文字町24-1
タイトーステーション 広島本通店,広島県広島市中区本通3-5せらかぐ本通ビル
タイトーステーション 広島紙屋町店,広島県広島市中区紙屋町2-2-21
ＧＩＧＡ　ＺＯＮＥ,広島県広島市南区松原町2-22
シネパーク広,広島県呉市広中町1-9
フタバ図書アルティランド,広島県広島市西区草津南4-7-1　アルパーク北棟2Ｆ
ブラックジャック東広島店,広島県東広島市西条町御薗宇6120
ブラックジャックアクア店,広島県広島市安佐南区大町東4-12-11
スペースV1廿日市店,広島県廿日市市本町4-23
ゲームパーク,広島県福山市南手城町4-24-20
ラウンドワン広島店,広島県広島市中区立町3-11
ラウンドワン福山店,広島県福山市明神町1-9-28
セガワールドＭＥＧＡ,広島県広島市安佐南区中筋4-11-7 フタバ図書MEGA内2F ﾚﾝﾀﾙｺｰﾅｰ奥
セガ海田,広島県安芸郡海田町南大正町3-35
セガワールド宇品,広島県広島市南区宇品西3-4-32　フタバ図書GIGA宇品店内
セガ尾道,広島県尾道市新浜1-2-13
セガワールド福山,広島県福山市瀬戸町大字山北300
アミパラ下関店,山口県下関市長府才川1-42-48
アミパラ周南久米店,山口県周南市大字久米2834　イオンタウン周南久米
アミュージアム周南店,山口県下松市中央町21-3THEMALL周南3F
フレスパランドカッタの湯,山口県宇部市海南町1675
ギガゾーン岩国,山口県岩国市室の木町1-5-5
ＳＰＥＥＤ,山口県周南市大字久米3219
ネオブラボー,山口県防府市高倉1-3-30
ラウンドワン下関店,山口県下関市東大和町1-3-15
セガ小郡,山口県山口市小郡前田町3-6
アポロゲームセンター沖洲店,徳島県徳島市南沖洲1-93
アミューズメントパフェパレパレ田宮店,徳島県徳島市南田宮2-2-46
ラウンドワン徳島・万代店,徳島県徳島市万代町4-19-1
セガ徳島スエヒロボウル,徳島県徳島市南末広町4-95-2　スエヒロボウル1F
アミパラ丸亀店,香川県丸亀市飯野町西分字川縁甲584-1　ハローズ棟内
アミュージアム高松店,香川県高松市伏石町2144-9
マックスプラザ善通寺,香川県善通寺市中村町1798-2
ラウンドワン高松店,香川県高松市松島町2-7-43
セガ高松,香川県高松市勅使町535
セガ丸亀,香川県丸亀市蓬莱町56-1
タイトーFステーション今治,愛媛県今治市東村1-14-2今治ワールドプラザ内
アミューズメントパークＭＧ伊予三島,愛媛県四国中央市中之庄町75-1　アイランド三島内
プレイドーム松山,愛媛県松山市余戸南4丁目9-40
アミパラ松山店,愛媛県松山市生石町655-1
バンバン衣山店,愛媛県松山市衣山1-248-1
ラウンドワン松山店,愛媛県松山市東長戸1-3-10
ハイテクセガ新居浜,愛媛県新居浜市徳常町6-8
セガ松山,愛媛県松山市枝松5-7-32
アミューズメントパークＭＧ須崎,高知県須崎市神田2500-1マルナカ須崎店内 別棟
アミパラ高知店,高知県南国市篠原194-1
ラウンドワン高知店,高知県高知市南宝永町4-12
ペップ魚町,福岡県北九州市小倉北区魚町2-4-20
アミューズメントＭＧＭ陣原,福岡県北九州市八幡西区陣原1-2-12
タイトーFステーションヨドバシ博多店,福岡県福岡市博多区博多駅中央街6-12ヨドバシカメラ4Ｆ
ユーズボウル久留米,福岡県久留米市東櫛原町字深町1110
小倉メトロポリス,福岡県北九州市小倉北区西港町27-5
サンゲーム大野城店,福岡県大野城市瓦田5-11-28
サンゲームス新宮店,福岡県糟屋郡新宮町美咲3-1-40新宮ドーム1F
Ｇ-ｐａｌａ小倉,福岡県北九州市小倉南区上葛原1-14-1
ジーパラ博多,福岡県福岡市博多区東光寺町2丁目6番40号ｺﾏｰｼｬﾙﾓｰﾙ博多2階
最後の5ドル,福岡県糟屋郡粕屋町大字仲原2706仲原ファミリープラザ2F
タイトーステーション 福岡天神店,福岡県福岡市中央区天神2-6-35サザンクロスビル
Ｇ-ＳＴＡＧＥ飯塚店,福岡県飯塚市枝国680-2
Ｇ-ＳＴＡＧＥ七隈店,福岡県福岡市城南区七隈8-4-8
楽市楽座210久留米店,福岡県久留米市東合川2-2-1 2階
楽市街道箱崎店,福岡県福岡市東区箱崎5丁目1番8号
楽市楽座福重店,福岡県福岡市西区石丸4-263-1
楽市楽座行橋店,福岡県行橋市西泉6-1-1
大牟田Ｊ-ＧＡＭＥ,福岡県大牟田市旭町3-3-7
遊道楽新合川店,福岡県久留米市新合川1丁目6-7
ラウンドワン福岡天神店,福岡県福岡市中央区天神2-6-12
ラウンドワン小倉店,福岡県北九州市小倉北区西港町15-65
ラウンドワン博多半道橋店,福岡県福岡市博多区半道橋2-2-8
ラウンドワン大野城店,福岡県大野城市御笠川1-18-16
セガアリーナ中間,福岡県中間市上蓮花寺3-1-1
セガ福岡天神,福岡県福岡市中央区天神2-7-6 DADAビル1～3F
ハイパーメッセ,福岡県北九州市小倉南区北方4-6-7
サンゲーム鳥栖店,佐賀県鳥栖市元町1353-1
ソニックワールド伊万里店,佐賀県伊万里市二里町八谷搦189-3
ＦＡＳボウリングセンター,佐賀県唐津市栄町2581-1ＦＡＳボウリングセンター
遊道楽嘉瀬店,佐賀県佐賀市嘉瀬町中原2488-1
ラウンドワン佐賀店,佐賀県佐賀市兵庫北4-2-1
セガ武雄,佐賀県武雄市武雄町大字富岡12517-1
アミパラ佐世保店,長崎県佐世保市大塔町18-15
Ｇ-ｐａｌａ時津,長崎県西彼杵郡時津町野田郷59号
ソニックワールド大村店,長崎県大村市古賀島町383-1
G-stage浜町,長崎県長崎市浜町2-26
ハイテクセガもみの木村,長崎県諫早市小川町90-1
パスカワールドグリーンランド店,熊本県荒尾市本井手1574-54
宇土パスカワールド,熊本県宇土市善道寺町綾織95
ＴＨＥ３ＲＤＰＬＡＮＥＴ下通り店,熊本県熊本市中央区手取本町4番12号
サンゲームス熊本インタープラザ,熊本県熊本市東区御領8-4-82
THE 3RD PLANET荒尾店,熊本県荒尾市原万田700-1
スポラ九品寺,熊本県熊本市中央区九品寺5丁目10-15
スポラ菊陽,熊本県菊池郡菊陽町津久礼駄飼代2617-2
リッチモンド,熊本県八代市旭中央通20-3
ラウンドワン熊本店,熊本県熊本市西区春日7-25-15
ｎａｍｃｏワンダーシティ南熊本店,熊本県熊本市中央区九品寺6-9-1
ユーズランド三光店,大分県中津市三光佐知1032イオンモール三光2F
トライセン萩原,大分県大分市萩原4-227-7
トライセン中津店,大分県中津市下池永67-3
Ｇ-ｐａｌａ日田,大分県日田市友田997-1
フリッパーズクラブ新館,大分県大分市片島148-1　1階
ラウンドワン大分店,大分県大分市萩原2-13-17
セガワールド中津,大分県中津市沖代町1-2-16
ハイテクランドセガハーバープレイス,大分県別府市餅ヶ浜町161-2
セガワールド高城,大分県大分市牧1-161-8
サンゲームス都城北店,宮崎県都城市上川東4-5997-4
ビリヤードG’Z,宮崎県都城市牟田町4-2
ラウンドワン宮崎店,宮崎県宮崎市中村東3-4-60
セガ延岡,宮崎県延岡市平原町5-1492-8
タイトーＦステーションニシムタ出水店,鹿児島県出水市六月田町347番地
サンゲームス天文館店,鹿児島県鹿児島市千日町5-6
THE 3RD PLANET 隼人店,鹿児島県霧島市隼人町見次427-1
サンアミューズ鹿屋店,鹿児島県鹿屋市札元2丁目3798-1
ラウンドワン鹿児島宇宿店,鹿児島県鹿児島市宇宿2-2-2
ラウンドワン沖縄・宜野湾店,沖縄県宜野湾市真志喜3-28-8
ラウンドワン沖縄・南風原店,沖縄県島尻郡南風原町字兼城552番地
クラブセガ北谷,沖縄県中頭郡北谷町字美浜9-8
