shop,adress,map
ラウンドワン札幌すすきの店,北海道札幌市中央区南五条西3-6-1,"43.0545356 141.354524"
キャッツアイ篠路店,北海道札幌市北区篠路１条４丁目６ー３０,"43.14066394288107 141.35721091656762"
ジー・バオア・グー,北海道札幌市北区北二十三条西５丁目,"43.089036 141.34292"
マキシム・ヒーロー,北海道札幌市北区北六条西6丁目1-2,"43.067531 141.3462795"
キャッツアイ新川店,北海道札幌市北区新川二条７丁目１ー７,"43.10073661576035 141.31029544418027"
キャッツアイ栄通店,北海道札幌市白石区栄通１９丁目１１−４３,"43.0253475533429 141.43663107853888"
キャッツアイ新札幌店,北海道札幌市厚別区厚別東五条１ー２−１０,"43.045261229019154 141.47579700000006"
キャッツアイ清田店,北海道札幌市清田区清田１条１−２０−１,"43.00298407634302 141.43639692394254"
ベガジオ美しが丘店,北海道札幌市清田区美しが丘１条　７−６−１０,"42.980931931345225 141.46350243743439"
キャッツアイミュンヘン大橋店,北海道札幌市豊平区平岸１条２３丁目８０１−１,"43.013979 141.355013"
キャッツアイ東苗穂店,北海道札幌市東区東苗穂６条２丁目１−２５,"43.09234016092269 141.40699743068853"
アドアーズ札幌北４２条,北海道札幌市東区北４２条東７−１−１　嶋ビル２階,"43.111964293580535 141.3551602123032"
キャッツアイ宮の沢店,北海道札幌市手稲区西宮の沢５条２丁目１１−１５,"43.0963919 141.2576566"
ディノスパーク札幌手稲,北海道札幌市手稲区前田1条11丁目 西友手稲店 3階,"43.120533311687296 141.24542048346711"
ｎａｍｃｏ札幌西町店,北海道札幌市西区西町北１３−１（旧国道五号線沿い）,"43.0824106213251 141.28375322883608"
アミューズメントスペース遊ランド稚内店,北海道稚内市港５丁目８−１５,"45.400698301313675 141.6808192490738"
ディノスパーク帯広,北海道帯広市白樺16条西2丁目 ﾄﾞﾘｰﾑﾀｳﾝ白樺 1階,"42.919418067661404 143.1743324576721"
ディノスパーク帯広稲田,北海道帯広市稲田町南八線西12番地1 ｽｽﾞﾗﾝﾎﾞｳﾙ 1、2階,"42.89020559062066 143.196460217791"
タイトーイオンモール釧路昭和店,北海道釧路市昭和中央４−１８−１　イオンモール釧路昭和２Ｆ,"43.02589893519013 144.35929637406616"
ギャラクシーゲート星が浦,北海道釧路市星が浦大通２−５,"43.01434808002165 144.32014791904908"
アミューズメントスペース遊ランド春光店,北海道旭川市春光1条7丁目2-25,"43.7981968 142.3740362"
遊ランド西御料店,北海道旭川市西御料５条２丁目,"43.7238720471648 142.36886846864775"
ディノスパーク北見店,北海道北見市西三輪5丁目1番地16号,"43.79659750925586 143.84261135337294"
ＢＩＧＢＡＮＧ北見店,北海道北見市中央三輪7丁目４４６−１,"43.79707114010737 143.851401946627"
ＰＡＬＯ苫小牧,北海道苫小牧市糸井１３５−１トライアルG棟トライアル苫小牧店,"42.61384583223041 141.5240502564834"
ディノスパーク苫小牧,北海道苫小牧市柳町3丁目1番20号 ｲｵﾝﾓｰﾙ苫小牧 2階,"42.656318651942605 141.64203722009893"
タイトーステーション 千歳店,北海道千歳市北栄２−１２−５,"42.83339419827501 141.645053871164"
ＢＩＧＢＡＮＧ釧路,北海道釧路郡釧路町木場２−１,"43.008918973170516 144.40800352460633"
キャッツアイ恵庭店,北海道恵庭市住吉町２丁目９−１,"42.875904912029085 141.58350423743445"
ディノスパーク室蘭,北海道室蘭市東町4丁目31番2号 1階,"42.342172559521146 141.02595662516592"
ＢＩＧＢＡＮＧ室蘭,北海道室蘭市中島本町２−８−１,"42.35352635249717 141.01454196745908"
ＢＩＧＢＡＮＧ函館,北海道函館市梁川町９−３テキサスビル３Ｆ,"41.78903779046837 140.74438390245098"
キャッツアイ静内店,北海道日高郡新ひだか町静内木場町２丁目１−４１,"42.3414196 142.3556497"
アミューズメントスペース遊ランド士別,北海道士別市大通東８,"44.173917480090296 142.39432631911848"
ラウンドワン青森店,青森県青森市浜田３−１−１,"40.79869392232356 140.7484106079346"
ゲームフェスタミタマ店,青森県弘前市駅前町5-5,"40.5983610428264 140.4835733398811"
ＧｉＧＯ弘前,青森県弘前市末広１−３−３,"40.6040697 140.4999194"
ＧｉＧＯ八戸,青森県八戸市城下４−２５−１４,"40.519927672733814 141.49829220674587"
ＰＡＬＯ五所川原,青森県五所川原市大字唐笠柳字藤巻６４１番１　アクロスプラザ,"40.80094187284157 140.4614001730164"
タイトーＦステーション盛岡南,岩手県盛岡市津志田町２−１−１７,"39.666612435023204 141.15714151534428"
ＢＩＮＧＯ一関,岩手県一関市山目字中野９２−１,"38.933759975927046 141.11832127116395"
ソユーファミリーゲームフィールド花巻店,岩手県花巻市高木第１６地割６８−６　銀河モール１Ｆ,"39.3864097 141.1359548"
Ｇ３ポロスイオンタウン北上店,岩手県北上市里分四地割２０番地１,"39.29486066655183 141.133982661377"
ＧｉＧＯ水沢,岩手県奥州市水沢区佐倉河字鎧田４−１,"39.15265691424136 141.14937215034558"
タイトーステーション仙台名掛丁店,宮城県仙台市青葉区中央１−７−１３,"38.26194339084924 140.87920762271915"
ＧｉＧＯ仙台,宮城県仙台市青葉区中央２−５−５三経６０ビル,"38.2616214 140.8767359"
ゲームコーナー東部,宮城県仙台市若林区六丁の目中町26-60 斎喜東部ビル2F,"38.25099848897897 140.94393691534424"
ＧＡＭＥＢＡＮＫ仙台泉店,宮城県仙台市泉区大沢２−５−４,"38.3527525 140.877403"
スーパーノバイオン仙台中山,宮城県仙台市泉区南中山１−３５−５７別館３Ｆ,"38.297896075869346 140.8270834629517"
タイトーステーション 仙台ベガロポリス店,宮城県仙台市太白区西多賀５−２４−１ベガロポリス内,"38.2198309 140.8483092"
ＧｉＧＯ仙台コロナワールド,宮城県仙台市宮城野区福室字田中前１番５３−１,"38.26020937916718 140.96935844274867"
ＧｉＧＯ名取,宮城県名取市飯野坂字土城堀５７−１,"38.15656150910931 140.8883653619713"
ＧｉＧＯ石巻,宮城県石巻市大街道東４−１−４５,"38.429407687062785 141.2853677773155"
スーパーノバ仙台利府,宮城県宮城郡利府町加瀬字新前谷地５５−１,"38.3280286 140.9756113"
ＧｉＧＯ佐沼,宮城県登米市迫町佐沼字中江２−５−８,"38.690444877318974 141.18911814232786"
マジカルランド富谷店,宮城県富谷市ひより台２−３７,"38.40100895239358 140.88517300674584"
ＧｉＧＯ秋田,秋田県秋田市茨島１−１−１６,"39.70423417527011 140.10458925767216"
ｎａｍｃｏイオンタウン大館西店,秋田県大館市根下戸新町18-121イオンタウン大館西内,"40.27367784994902 140.53002058650816"
プラサカプコン大曲店,秋田県大仙市和合字坪立１７７イオン大曲ＳＣ２Ｆ,"39.4385014 140.5088973"
ＧｉＧＯ北山形,山形県山形市北町１−３−２０,"38.268249140541215 140.33135098836055"
ビーカム成沢店,山形県山形市成沢西５−３−２７,"38.2085455 140.3177274"
ゲームゾーントレジャー吉原店,山形県山形市前明石１３５２−５ゲームプラザＢＥ・ＩＮ２内１F,"38.22970311862544 140.3039936791506"
アピナ鶴岡店,山形県鶴岡市文下字広野１−１,"38.7581391693968 139.84438268843223"
スーパーノバ天童,山形県天童市南町1-5-26,"38.3429386 140.3741282"
ＧｉＧＯ米沢,山形県米沢市大字花沢字タナコ原１７７,"37.91093651673036 140.1336701841002"
ＧｉＧＯ庄内,山形県東田川郡三川町猪字大堰端３２６番地６,"38.819637573498404 139.83486435709676"
アミューズパーク郡山,福島県郡山市安積町日出山2丁目80,"37.374413087428266 140.38390210555724"
タイトーＦ郡山オリエントパーク店,福島県郡山市安積町荒井字大久保３５−１,"37.3744762 140.3487551"
ｎａｍｃｏイオンタウン郡山店,福島県郡山市松木町２−８８イオンタウン郡山内,"37.38929581959281 140.39067530450745"
ＧｉＧＯ日和田,福島県郡山市日和田町字西中島７−１,"37.44820074117053 140.3804128220902"
スーパーノバ福島,福島県福島市黒岩字中島7-2,"37.7277789 140.4671413"
ＧｉＧＯ福島,福島県福島市本内中井１−２,"37.785228678064314 140.48751231779102"
ラウンドワン福島店,福島県福島市太田町14-18,"37.752549134228815 140.45613065767213"
ＧｉＧＯ勿来,福島県いわき市勿来町四沢字鍵田１３,"36.88907200458248 140.78456335767214"
ＧｉＧＯ小名浜,福島県いわき市小名浜林城字塚前１８−１,"36.985930372489236 140.89713489999997"
ドリームファクトリーいわき店,福島県いわき市中央台飯野4-1,"37.0124699 140.9165912"
スーパーノバ会津インター,福島県会津若松市町北町上荒久田字宮下１４２,"37.518311487164766 139.9221731306884"
ゲームスペースA-3,福島県西白河郡西郷村字豊作西15-16-17,"37.124556 140.182612"
アミューズパーク須賀川,福島県須賀川市大黒町150-1,"37.28562569579799 140.36869359325408"
ＳＯＹＵ　Ｅ−ＳＴＵＤＩＯ須賀川店,福島県須賀川市古河１０５イオンタウン須賀川Ｂ棟内,"37.2984206 140.3852977"
G3ポロス原町店,福島県南相馬市原町区北原本屋敷188,"37.6268239 140.9879456"
Ｐランド・バイパス,福島県二本松市杉田駄子内４７,"37.5716122 140.4186223"
ＧｉＧＯ水戸,茨城県水戸市宮町１−７−４４コムボックス３１０,"36.3694663 140.4745213"
ピンクパンサー水戸赤塚店,茨城県水戸市河和田1-1,"36.38044168474524 140.4137529957702"
ピンクパンサー水戸けやき台店,茨城県水戸市酒門町3276-1,"36.33796237938347 140.4832287269836"
ユーズランド水戸内原店,茨城県水戸市内原２−１イオンモール水戸内原２Ｆ,"36.37396288950651 140.35838955980228"
ＧｉＧＯ水戸南,茨城県水戸市千波町２０１７−１,"36.350324542678344 140.44300017472995"
ＧｉＧＯ日立,茨城県日立市田尻町３−２６−１,"36.62643121998619 140.66985826878658"
Ｋ−１ＢＯＷＬ,茨城県日立市石名坂町２丁目２−１０,"36.513337 140.605125"
ゲームメガ日立店,茨城県日立市東多賀町５−１０−１０,"36.548234 140.6305081"
アミューズビバ,茨城県ひたちなか市東大島２−１１−１１,"36.406375 140.5318511"
ＡＭジャムジャムひたちなか本店,茨城県ひたちなか市田中後４０−２,"36.34750772741275 140.58008936560668"
ＡＭジャムジャムつくば店,茨城県つくば市竹園１—９−２デイズタウンつくば地下１Ｆ,"36.07772936300693 140.11533164180298"
ＧｉＧＯ石岡,茨城県石岡市東大橋中峯１９７６−１,"36.1986319157943 140.30338608650823"
ピンクパンサー下妻店,茨城県下妻市小島884-10,"36.1702653 139.9665309"
ゲームパニックつくば,茨城県土浦市中村東1-1-1サンタスワールド内,"36.0463834 140.1682228"
ピンクパンサー土浦店,茨城県土浦市木田余４５８５−３,"36.1065463 140.2151975"
ＧＡＭＥ ＰＡＤＤＯＣＫ＋１,茨城県古河市小堤１９１６−１,"36.2067383 139.7578725"
タイトーステーション水戸南店,茨城県東茨城郡茨城町長岡３４８０−１０１,"36.3107789 140.4412148"
ＡＭジャムジャム神栖店,茨城県神栖市神栖１ー８−１,"35.8979951 140.6444094"
ゲームメガみらい平店,茨城県つくばみらい市陽光台１−１４−１,"35.995524428765755 140.0406751203766"
ＧｉＧＯ龍ケ崎,茨城県龍ケ崎市藤ケ丘４−２−８,"35.9385388 140.1959422"
アピナ下館店,茨城県筑西市玉戸１０１２−３,"36.295425571270805 139.94568928413082"
ｎａｍｃｏフェドラＰ＆Ｄ佐野店,栃木県佐野市高萩町１３４０,"36.2973133 139.6056474"
シーサイドリゾートアミューズメントパーク,栃木県宇都宮市睦町７−３,"36.5632663 139.8603778"
ＧｉＧＯ宇都宮,栃木県宇都宮市東宿郷５−１−７,"36.5583104 139.9088155"
ｎａｍｃｏ宇都宮店,栃木県宇都宮市簗瀬町１６０６−１　Ｐ＆Ｄビル,"36.5438973 139.8915485"
スコナランド宇都宮店,栃木県宇都宮市馬場通り2-3-12　ＭＥＧＡドンキホーテ地下１階,"36.56072840000001 139.88520025396724"
INTER PARK+1宇都宮,栃木県宇都宮市インターパーク６−５−１,"36.4881173 139.905569"
タイトーＦステーション小山店,栃木県小山市喜沢1475ハーヴェストウォーク内スポーツシネマ棟,"36.33614382544548 139.80737963572085"
ＧｉＧＯ小山,栃木県小山市東城南１−１−１８,"36.2989766 139.8101635"
アピナ小山店,栃木県小山市駅南町４−２７−１８,"36.30040103988819 139.80912381163944"
ＧｉＧＯ日光,栃木県日光市芹沼１４４８−１,"36.74109486411821 139.7101396613075"
サンライズスポーツ,栃木県足利市鹿島町820,"36.350652666870346 139.40565981296686"
ドラマ足利店,栃木県足利市朝倉町244-1,"36.32249071212465 139.45034310000005"
ドリームファクトリーアロハ！鹿沼店,栃木県鹿沼市睦町２８７−１,"36.5708603 139.7523675"
大田原スポーツランド,栃木県那須塩原市一区町１０４−６０,"36.8519301 139.993356"
ＧｉＧＯ西那須野,栃木県那須塩原市南郷屋２−１０６−２７,"36.895119 139.9822381"
群馬レジャーランド高崎駅東口店,群馬県高崎市江木町３３３−１高崎ＥＸビル,"36.329871607750796 139.01285747976226"
インターワールド伊勢崎店,群馬県伊勢崎市宮子町3425-4,"36.331521364766225 139.1625032754631"
群馬レジャーランド伊勢崎店,群馬県伊勢崎市連取町3066-1,"36.31821284280695 139.1723709085984"
オレンジハット伊勢崎茂呂店,群馬県伊勢崎市北千木町1423,"36.3016185 139.2183592"
群馬レジャーランド藤岡店,群馬県藤岡市中2002-1,"36.2743443 139.0718665"
群馬レジャーランド太田店,群馬県太田市西矢島町162-2,"36.2681054242821 139.37592511045068"
ＧｉＧＯ太田,群馬県太田市西矢島町５７５−１,"36.27455388512081 139.37808433921737"
アピナ太田店,群馬県太田市内ケ島町９０７−１,"36.2829707 139.3984248"
関東スポーツセンター,群馬県館林市近藤８４０,"36.24128206589767 139.50009046137689"
ＧｉＧＯ館林,群馬県館林市小桑原町９４９−１,"36.235220968803056 139.52032869916684"
マトリクス前橋,群馬県前橋市小相木町５５８−１,"36.37274385615729 139.05966141052022"
ゲームパークＭ１,群馬県前橋市国領町２−１３−６,"36.4052461 139.0658968"
ＭＭＣ大胡西店,群馬県前橋市堀越町２３４−１,"36.4109197 139.1413564"
ゲームセンターホワイトボックス,群馬県渋川市上白井2216-2,"36.553893669441386 139.03108747708745"
群馬レジャーランド渋川店,群馬県渋川市八木原1364,"36.474194854142326 139.0153797220902"
ＧｉＧＯ沼田,群馬県沼田市下久屋町１１００−１,"36.65677554724194 139.07806910926206"
ＧｉＧＯ川口,埼玉県川口市東領家２−２−１０,"35.7948507698797 139.74752854232793"
シルクハット川口,埼玉県川口市栄町３−１−１６イート川口ビル４Ｆ,"35.8030674709039 139.71744521163941"
ＧｉＧＯ所沢,埼玉県所沢市日吉町８−１,"35.788476 139.471899"
キャロム所沢店,埼玉県所沢市下安松969-1,"35.791518 139.5041488"
スクウェアワンサイスポ店,埼玉県所沢市南永井1116,"35.8236537 139.5314124"
キャロム坂戸店,埼玉県坂戸市関間2-151-1,"35.9526038 139.3985338"
アピナ大宮店,埼玉県さいたま市大宮区仲町１−１９,"35.9052678 139.6264401"
ウェアハウス三橋店,埼玉県さいたま市西区三橋６−９５５−１,"35.91579143123197 139.59584728836057"
ウェアハウス岩槻店,埼玉県さいたま市岩槻区加倉３−３−６３,"35.941179 139.6861123"
ベネクス浦和店,埼玉県さいたま市南区辻7-2-8,"35.834549 139.6681004"
アミューズメントクラブ浦和,埼玉県さいたま市浦和区仲町1-10-7,"35.86026 139.6535399"
ＧｉＧＯ入間,埼玉県入間市東藤沢２−１８,"35.819205367671685 139.41811786627045"
ウェアハウス上尾店,埼玉県上尾市二ツ宮１０４４,"35.9812984 139.5998607"
インターワールド幸手,埼玉県幸手市上高野２１４２‐１,"36.0570018 139.7143543"
ゲームファクトリーマグマ草加店,埼玉県草加市氷川町2125-1,"35.8282375 139.8025135"
ウェアハウス草加店別館,埼玉県草加市稲荷２−３６−３３,"35.82988312095263 139.82058531282803"
ウェアハウス越谷店,埼玉県越谷市南荻島８４１−１,"35.9119605 139.7637724"
ＧｉＧＯ籠原,埼玉県熊谷市美土里町１−１−１６９,"36.17095044617331 139.31825630304104"
ｎａｍｃｏ熊谷店,埼玉県熊谷市銀座2-97CARPA1階,"36.1391162 139.3949055"
タイトーステーション 和光店,埼玉県和光市丸山台１−４−５,"35.7866435 139.6138036"
アドアーズ和光,埼玉県和光市本町３−５ワコーステーション３　１−３Ｆ,"35.7883181 139.6115733"
ビッグボウル杉戸,埼玉県北葛飾郡杉戸町大字杉戸２３３８,"36.040185 139.7208181"
ムー大陸本庄店,埼玉県本庄市本町1019-1,"36.24704609191445 139.19083570342718"
モンテカルロ,埼玉県深谷市西島３−１−２,"36.1919914 139.2805057"
ＧｉＧＯ花園,埼玉県深谷市荒川３５９,"36.1204271 139.2330687"
ギガステーション戸田店,埼玉県戸田市大字美女木943-7,"35.834151131666935 139.65337923068842"
ゲームパニック三郷,埼玉県三郷市ピアラシティ1-1-200,"35.842186 139.8548677"
ラウンドワンさいたま・鴻巣店,埼玉県鴻巣市箕田３１６３−７,"36.0806388 139.4902256"
アミューズメントフィールドバイヨン,埼玉県ふじみ野市うれし野２−１６−１LCモールうれし野２Ｆ,"35.8561384 139.5223952"
柏ガリバー,千葉県柏市柏１−１−１１ファミリかしわ地下,"35.8616855 139.9711177"
ゲームセンターアルファー,千葉県柏市柏１−１−１１丸井ビルＢ１Ｆ,"35.8616855 139.9711177"
ラッキー中央店・フェリシダ,千葉県千葉市中央区富士見2-8-1,"35.6102534 140.1182646"
ＧｉＧＯフェスティバルウォーク蘇我,千葉県千葉市中央区川崎町５１−１ハーバーシティ蘇我ＦＷ　１Ｆ,"35.592599050772186 140.11788251076734"
パレパレ稲毛長沼店,千葉県千葉市稲毛区長沼原町731-17フレスポ稲毛Ａ２棟４,"35.6575891 140.1277036"
スポーツウェーブ鉄腕24稲毛長沼店,千葉県千葉市稲毛区長沼原町697番地,"35.6620233 140.1265534"
千葉レジャーランド稲毛店,千葉県千葉市稲毛区小仲台2-5-7海宝ビル2F,"35.6380249 140.0931904"
ＧｉＧＯ稲毛オーツーパーク,千葉県千葉市稲毛区園生町３８０−１,"35.65053167050292 140.1191122090538"
ＧｉＧＯ幕張,千葉県千葉市美浜区ひび野１−８メッセ・アミューズ・モール１Ｆ,"35.6499867 140.0426445"
千葉レジャーランド野田店,千葉県野田市吉春776-1,"35.971570972918016 139.86530644550783"
アピナ野田七光台店,千葉県野田市七光台４−２,"35.9823488427348 139.8501378659928"
チャリオット五井店,千葉県市原市五井中央西２−１−２,"35.51361109629973 140.0898120710251"
チャリオット辰巳店,千葉県市原市市原500-1,"35.5249124 140.121933"
ゲームプラザセントラル浦安店,千葉県浦安市北栄1-16-15,"35.6651795 139.8933456"
ＧｉＧＯイオンスタイル新浦安,千葉県浦安市入船１−４−１イオンスタイル新浦安４Ｆ,"35.6489954 139.9149219"
ｎａｍｃｏ松戸店,千葉県松戸市松戸１２３０−１ピアザ松戸１Ｆ,"35.7835829 139.9007767"
ＧｉＧＯ八柱,千葉県松戸市日暮１−１−１八柱駅第２ビル２Ｆ,"35.7913772 139.9377874"
タイトーステーション 船橋店,千葉県船橋市本町１−６−１,"35.6998912 139.9859705"
アドアーズ船橋,千葉県船橋市本町１−３１−２６セブン船橋Ｂ１Ｆ〜３Ｆ,"35.70058132214141 139.98449028961863"
アミューズメントエース津田沼,千葉県船橋市前原西２−１５−１ファシービル,"35.6922777 140.0201815"
アミューズメントパレスワンダーヴュー成田,千葉県成田市飯仲11-18,"35.7553935 140.3024003"
ＤＡＩＫＥＩＥＮ,千葉県市川市大町３５９,"35.762464280696484 139.96915520960079"
ＧｉＧＯ我孫子,千葉県我孫子市柴崎字天王谷４７−１,"35.87827025915278 140.03005629147947"
ウェアハウス南流山店,千葉県流山市南流山４−１６−６,"35.8402121 139.9050133"
ラッキー佐倉店,千葉県佐倉市井野1475,"35.7184529 140.1362184"
ラッキーバッティングドーム八千代店,千葉県八千代市大和田新田1088,"35.72452856846103 140.06734110212892"
キャッツアイ八千代店,千葉県八千代市緑が丘西２丁目１３番地３　ｉｓｍ緑ヶ丘内,"35.7335775 140.0724747"
ＧｉＧＯ旭,千葉県旭市二字野場３１５０−１,"35.72356951025296 140.6395598295776"
アピナ印西店,千葉県印西市原１−２ビッグホップガーデンモール印西２Ｆ,"35.8033914 140.1649455"
千葉レジャーランド成東店,千葉県山武市姫島111-1,"35.588439702303326 140.3901992637543"
フリスポ佐原,千葉県香取市佐原イ−４２００,"35.90114563918007 140.493510670639"
ゲームサファリ池袋,東京都豊島区東池袋1-42-3 2F,"35.73233897916717 139.71331461146337"
池袋ゲーセンミカドINランブルプラザ,東京都豊島区東池袋１−４２−１９,"35.732465715742705 139.71354282275388"
タイトーステーション 池袋ロサ店,東京都豊島区西池袋１−３７−１２ロサ会館１階,"35.7325279 139.7093304"
ゲームセンターライズ,東京都豊島区巣鴨2-3-7,"35.7341812 139.738942"
東京レジャーランド秋葉原店,東京都千代田区外神田1-9-5,"35.69874690738787 139.77014704540363"
Ｈｅｙ,東京都千代田区外神田１−１０−５廣瀬本社ビル１階〜４階,"35.699024123715816 139.77106381537897"
ＧｉＧＯ渋谷宮益坂,東京都渋谷区渋谷１−１４−１４ＥＳＴ１階・７階,"35.6600164 139.7025897"
アミューズメントスペースASO：VIBA！,東京都渋谷区恵比寿1-10-5三恵エビスビル2F,"35.6467821 139.7110171"
ＧｉＧＯ新宿西口,東京都新宿区西新宿１−１２−５Ｂ１Ｆ・１Ｆ,"35.689529241569375 139.6973699957008"
新宿スポーツランド本館,東京都新宿区新宿3-22-12,"35.693125966474724 139.70182948343245"
ＧｉＧＯ神楽坂,東京都新宿区神楽坂２−１１第２カグラヒルズ１Ｆ,"35.7010372 139.7420111"
ゲームズＩＭＯＮ,東京都大田区西蒲田８−２４−１２蒲田イモンボウル１Ｆ,"35.559857 139.714157"
ＧｉＧＯ大森,東京都大田区山王２−１−５大森駅ララビル２Ｆ,"35.5900117 139.7284234"
ＧｉＧＯ池上,東京都大田区池上６−２−３松山ビル２Ｆ,"35.5726635 139.7021271"
タイトーステーションＢＩＧＦＵＮ平和島店,東京都大田区平和島１丁目１−１ＢＩＧＦＵＮ平和島,"35.584355180861806 139.74085188783556"
タイトーステーション上野御徒町店,東京都台東区上野４−６−９湯島商事ビル,"35.7088905 139.7743767"
ゲームセンター　ワイワイ,東京都練馬区貫井３−５−６ドンズビル２Ｆ,"35.7355894 139.6279987"
ＧｉＧＯ船堀,東京都江戸川区船堀１ー６ー１１,"35.6848536 139.8638638"
ドットコム葛西,東京都江戸川区中葛西３−３５−５,"35.664342788425145 139.87218898159733"
ゲームプラザセントラル八王子店,東京都八王子市東町12-15第5セントラル,"35.65800063081574 139.33817620982177"
ドラマ八王子高倉店,東京都八王子市高倉町55-4,"35.6650608 139.3664651"
ＧｉＧＯ自由が丘,東京都目黒区自由が丘２ー１０ー９,"35.60844407439564 139.66756573988118"
プリンス,東京都目黒区自由が丘１−１２−１０,"35.6081827 139.6696109"
ＧｉＧＯ赤羽,東京都北区赤羽１−７−９赤羽第一葉山ビルＢ１,"35.77896072353456 139.7222841680882"
ＧｉＧＯ赤羽駅前,東京都北区赤羽１−２−４,"35.7782507 139.7215917"
ｎａｍｃｏ王子サンスクエア店,東京都北区王子１−４−１サンスクエア２階,"35.7529737 139.7389579"
東十条ゲームリボン,東京都北区東十条4-4-23,"35.7658082 139.7275083"
Amusement&Game MAGHREB,東京都多摩市落合１−４１−１マグレブウェスト１階・２階,"35.6245439 139.4256174"
ゲームサファリ大山,東京都板橋区大山東町60-10やすだ大山駅前店2F,"35.74903296863564 139.70223921717934"
ラウンドワン板橋店,東京都板橋区相生町１６−１３,"35.7766273 139.6786153"
ＧｉＧＯ立川,東京都立川市柴崎町３−２−１サザンビル１・２Ｆ,"35.69751038185614 139.41461951653287"
タイトーＦステーションオリナス錦糸町店,東京都墨田区太平4-1-2オリナスモール地下1F,"35.7003101052259 139.81526531157"
東京レジャーランド亀有店,東京都葛飾区亀有3-21-2,"35.7654165 139.8480115"
ラウンドワン南砂店,東京都江東区南砂６−７−１５トピレックプラザ４Ｆ,"35.671843089516535 139.83697814669654"
ＧｉＧＯ府中,東京都府中市西原町１−６−２フレスポ府中１Ｆ・２Ｆ,"35.6824046 139.4603984"
ラウンドワン府中本町駅前,東京都府中市本町１−１３−３カネタビル,"35.6672709 139.4774004"
ＧｉＧＯ福生,東京都福生市福生１０７６−１,"35.74469998521767 139.32428695767214"
ウェアハウス入谷店,東京都足立区入谷７−８−１１,"35.801119170471175 139.76100336319462"
ウェアハウス保木間店,東京都足立区保木間１−１−１９,"35.7891796 139.8033169"
ハイテクランドキューデン,東京都足立区西新井栄町2-7-2,"35.7771892 139.7893912"
ＧｉＧＯ竹の塚,東京都足立区竹の塚６−８−６ピーくんＰｌａｚａ−ｂ,"35.79475055918817 139.79249677605742"
キャロム青梅店,東京都青梅市千ケ瀬町4-326-1,"35.7860653 139.2699665"
ドラマ瑞穂店,東京都西多摩郡瑞穂町武蔵382-1,"35.7633697720396 139.35676716686476"
ｎａｍｃｏ都筑店,神奈川県横浜市都筑区川和町８４６−１,"35.519845074310325 139.55349283068847"
ドラマ港北インター店,神奈川県横浜市都筑区東方町321-6,"35.5192486 139.5847936"
シルクハット伊勢佐木町,神奈川県横浜市中区伊勢佐木町３—９６日活会館３階,"35.44268500395156 139.630083119049"
ＧｉＧＯ横浜中華街,神奈川県横浜市中区山下町８０−１,"35.443812996497954 139.64807611534422"
ＧｉＧＯ綱島,神奈川県横浜市港北区綱島西２−６−２９,"35.53638641319269 139.63287816871718"
ＧｉＧＯ新杉田,神奈川県横浜市磯子区杉田１−１−１らびすた新杉田２Ｆ,"35.38606885149463 139.61888845819703"
ゲームコスモ鶴見店,神奈川県横浜市鶴見区豊岡町１７−４,"35.5092953 139.6755125"
ゲームコスモ金沢文庫店,神奈川県横浜市金沢区谷津町344,"35.3429162 139.6227528"
ゲームインファンファン藤沢店,神奈川県藤沢市鵠沼石上１−３−８,"35.3365873 139.4891721"
ドラマ藤沢店,神奈川県藤沢市本藤沢5-6-8,"35.3580369 139.4681074"
イミグランデ大和店,神奈川県大和市鶴間2-12-27,"35.4914957 139.4548227"
イミグランデ溝口店,神奈川県川崎市高津区溝口１−１４−７　第二カスタムビル,"35.60052143249355 139.61450566871713"
ムトス相模原店,神奈川県相模原市中央区中央２−１−５,"35.5735451 139.3710572"
ＧｉＧＯ相模大野,神奈川県相模原市南区相模大野３−１３−２東和ビル２Ｆ・３Ｆ,"35.5321942 139.4358387"
アピナ橋本店,神奈川県相模原市緑区西橋本５−１−１ラ・フロール駐車場棟１階,"35.59732138725924 139.33731392121808"
ゲームパラダイスゼロワン,神奈川県横須賀市若松町１−６ヨコビル３Ｆ,"35.279547441398556 139.67105606812288"
イミグランデ本厚木店,神奈川県厚木市中町３−２−１,"35.439485 139.3615862"
ＧｉＧＯ本厚木,神奈川県厚木市中町４−１５−９,"35.4390462 139.3619056"
メジャーロード24,新潟県見附市今町4-20-568-1,"37.5435992 138.8917962"
白根ららぽーと,新潟県新潟市南区茨曽根２４３３,"37.71450625704884 139.0025577153017"
カプコサーカス新潟東店,新潟県新潟市東区大形本町３−１−２　ジャスコシティ新潟東,"37.9248691 139.1146199"
メジャーロード黒埼,新潟県新潟市西区山田３３０３番地（３３０２番地）,"37.8682204 139.0173416"
メジャーロード白根,新潟県新潟市南区上下諏訪木論地９４８−２,"37.76059713396011 139.02221394183346"
モーリーファンタジーｆ新潟南,新潟県新潟市江南区下早通柳田１丁目１番１号イオンモール新潟南2F,"37.8760671 139.0812391"
ポピー豊栄,新潟県新潟市北区内島見２５４５−２,"37.94066626766112 139.20060581779103"
アピナ上越インター店,新潟県上越市下門前１６６１,"37.1542725 138.2556584"
アピナ長岡店,新潟県長岡市堺東町２２,"37.4579741 138.8131975"
アミューズメントスポットパルム,新潟県魚沼市井口新田250-1,"37.2337724 138.966897"
トヤマレジャーランド呉羽店,富山県富山市高木字貝塚2054,"36.715424566897184 137.15799518299275"
アピナ富山豊田店,富山県富山市豊田町２丁目１２−６６,"36.72101807991903 137.23550464498294"
アピナ富山新庄店,富山県富山市荒川３−２−１２,"36.6953333 137.2480711"
アピナ富山南店,富山県富山市堀川町３５５−３　マイプラザ内,"36.664937 137.2173196"
サービスエリアIN高岡,富山県高岡市下石瀬857-1,"36.760771232544954 137.04659718549283"
ゲームスポット２０７,富山県高岡市鐘紡町１６５５−３,"36.73244043711583 137.00228740065188"
ゲームスポット３０６,富山県高岡市昭和町２−２６７−５,"36.75532671835193 137.00096892698366"
ゲームスポットアップル,富山県魚津市吉島二丁目４０７−１,"36.8266707 137.4139941"
プレイランドイン黒部,富山県黒部市沓掛645,"36.8889558 137.4644997"
サービスエリアイン入善,富山県下新川郡入善町上野7253-2,"36.9305056 137.4988314"
バイパスレジャーランド藤江新館,石川県金沢市藤江南2-105,"36.58378149154915 136.62068552943038"
バイパスレジャーランド藤江本館,石川県金沢市藤江南2-41,"36.584055 136.6215537"
ラウンドワン金沢店,石川県金沢市横川6-120-1,"36.542063 136.6259888"
バイパスレジャーランド加賀店,石川県加賀市箱宮町ヲ1-1,"36.32519439370059 136.41138663313518"
アピナ野々市バッティングスタジアム,石川県野々市市若松町５−５,"36.536747142499486 136.61106061349187"
ＧｉＧＯ福井,福井県福井市丸山１−４１０,"36.0733530852084 136.24298935550542"
ＧｉＧＯ武生,福井県越前市新町３−１３−４,"35.9051868 136.1534092"
ＪＯＹＬＡＮＤ敦賀店,福井県敦賀市木崎４０号土三田１２番,"35.644745681741696 136.04315835816647"
ゲームパニック甲府,山梨県甲府市国母5-20-24,"35.64204016813666 138.54736129755327"
プラサカプコン甲府店,山梨県中巨摩郡昭和町西条字北河原３７１７,"35.64289593832039 138.5462509330963"
アピナ長野村山店,長野県長野市村山５０２−１,"36.66794458762274 138.26332081155738"
アピナ長野大橋店,長野県長野市若里７−９−１２,"36.6265335 138.2002093"
アピナ塩尻店,長野県塩尻市広丘野村１７９４−１,"36.1415524 137.9538308"
ＧｉＧＯ上田,長野県上田市大字上田１８４７−１,"36.412773338736194 138.26193523028996"
アピナ上田店,長野県上田市秋和３５９−１,"36.41599169266077 138.22351052133183"
ＧｉＧＯ松本,長野県松本市渚１−７−１なぎさライフサイト内,"36.23257036980479 137.95589129684413"
アピナ松本店,長野県松本市双葉１９−１０,"36.2105026 137.9615503"
ＧｉＧＯ岡谷,長野県岡谷市塚間町２−１−２１,"36.06521549690017 138.0530268552459"
アピナ伊那店,長野県伊那市大字西町５０９３,"35.83287022265777 137.94998607395462"
アピナ佐久インター店,長野県佐久市岩村田北１−１３−１,"36.284479719528754 138.48233745696734"
ＧｉＧＯ豊科,長野県安曇野市豊科南穂高１１１５,"36.303112181520255 137.92271440125273"
アピナ飯田店,長野県飯田市座光寺３７２８−１,"35.52997382605196 137.85970124475398"
ゲームファンタジアン精華店,岐阜県岐阜市鏡島精華2-2-1,"35.41145509999998 136.72654916655733"
Ａ．Ｃ．グランド,岐阜県岐阜市茜部大川1-77,"35.3830948 136.7461877"
ゲームファンタジアン柳津店,岐阜県岐阜市柳津町上佐波西3-68,"35.37596905572698 136.71455995540987"
コミ丸アリババ大垣店,岐阜県大垣市池尻町９４０−１,"35.3840722 136.5956108"
ＧｉＧＯ高山,岐阜県高山市上岡本町７−７,"36.1426267 137.2436265"
ＫＳ美濃加茂店,岐阜県美濃加茂市深田町３−１１−２４ １Ｆ,"35.4379225 137.0031961"
ＧｉＧＯマーゴ関,岐阜県関市倉知５１６,"35.47964777305663 136.9006802314757"
岐阜レジャーランド穂積店,岐阜県瑞穂市稲里630番地,"35.384332167682196 136.68466387725402"
ゲームインプリンス,静岡県静岡市清水区天神1-2-6,"35.02415153850128 138.4798095993615"
アップル新北街道店,静岡県静岡市葵区沓谷5-13-4,"34.9982996537866 138.4134497661821"
アピナ浜松店,静岡県浜松市中区葵西２−２７−１０,"34.76741013656855 137.70818477495538"
ポート２４浜松店,静岡県浜松市西区坪井町4183-1,"34.68014668887196 137.6443581071494"
ラウンドワン浜松店,静岡県浜松市東区天王町諏訪１９８１−１７,"34.737903590641 137.764171604721"
THE 3RD PLANET OZ浜松店,静岡県浜松市東区宮竹町322-1,"34.72229124432284 137.7654903661096"
サープラ富士あそびタウン,静岡県富士市永田町２−９４,"35.1624456 138.6692789"
THE 3RD PLANET BiVi沼津店,静岡県沼津市大手町1-1-5,"35.10405236137658 138.86110706888905"
ジョイランドアミューズ諏訪店,静岡県沼津市大諏訪２０−２,"35.10844121558573 138.83220780653141"
ジョイランド原,静岡県沼津市原町中２−１４−８,"35.129755895658704 138.80045542985772"
THE 3RD PLANET 焼津店,静岡県焼津市八楠3-18-5,"34.8785023 138.307772"
アピナ焼津店,静岡県焼津市道原５８５,"34.83356669854098 138.30597994549817"
ジョイランドアミューズみしま,静岡県三島市梅名３０８−６,"35.09041595077819 138.9279397363482"
ＧｉＧＯ袋井,静岡県袋井市川井１１４２−１,"34.7463375 137.911439"
ＧｉＧＯ掛川,静岡県掛川市細田２４８,"34.7738744 137.9853301"
アピナ大須賀店,静岡県掛川市西大渕３３５９,"34.67673122248217 137.96961623809477"
アップル島田店,静岡県島田市宝来町8-5,"34.82660084734365 138.18741059744605"
アップルグランリバー大井川店,静岡県焼津市下江留１３２７,"34.80970103205392 138.27332463838968"
ＧｉＧＯ春日井,愛知県春日井市岩野町４１８０,"35.26954459505359 136.96051463016352"
アーチ北山バッティングセンター,愛知県豊橋市北山町字西ノ原40-20,"34.732532439436035 137.39849534921268"
ＧｉＧＯ豊橋飯村,愛知県豊橋市飯村町字西山２５−１２１,"34.7490943 137.4138729"
ゲームパニック大高,愛知県名古屋市緑区忠治山２０１番地,"35.0485212 136.9497129"
ラウンドワン鳴海店,愛知県名古屋市緑区鳴海町杜若２８,"35.0989113 136.9527377"
名古屋レジャーランド内田橋店,愛知県名古屋市南区内田橋2-26-22,"35.1137608 136.9098442"
ゲーム キングジョイ,愛知県名古屋市中区栄3-3-32,"35.1679815 136.9049511"
タイトーステーションフェドラ大須店,愛知県名古屋市中区大須３−３０−３１,"35.1594771 136.9054347"
コムテックスクウェア,愛知県名古屋市中区金山1-16-8,"35.1439706 136.8999023"
中川メトロポリス,愛知県名古屋市中川区江松3丁目110番地,"35.1242508659658 136.823557038623"
ＶＡＭＰ中川店,愛知県名古屋市中川区新家１−２００７,"35.1559029 136.8061309"
コムテックタワー,愛知県名古屋市中村区名駅４−１０−２０,"35.1694446 136.8859667"
ゲームハウスアトム,愛知県名古屋市千種区大島町1-21,"35.16027776880956 136.95374532792516"
ファンタジープラザ名古屋,愛知県名古屋市北区玄馬町２３４−１ﾄﾞﾝｷﾎｰﾃ名古屋本店２階,"35.2264606 136.9089964"
安城メトロポリス,愛知県安城市浜富町６−８,"34.955195299699035 137.0973455037049"
ＧｉＧＯ安城,愛知県安城市百石町２−３５−１３,"34.9473926 137.0731591"
M's PARK豊田店,愛知県豊田市寿町３−２１、２２,"35.0566411 137.1400157"
ＧｉＧＯ豊田,愛知県豊田市深田町１−６５−１,"35.0678723 137.1238001"
ゲームコング,愛知県豊田市広路町2-20,"35.0772733 137.1609933"
半田メトロポリス,愛知県半田市旭町３−１１−１,"34.87466369205313 136.9216480470825"
ゲームダイコク,愛知県半田市青山町２−２７−１,"34.88044314291534 136.9166108996917"
ＡＤＸマミー岡崎店,愛知県岡崎市井田新町６−１,"34.977030771170874 137.16171953795924"
ＧｉＧＯ岡崎,愛知県岡崎市上地３−５０−４,"34.9113546 137.169312"
ゲームファンタジアン岡崎店,愛知県岡崎市錦町２−４,"34.973372827218675 137.15991586071323"
アミューズメントプラザワイド,愛知県東海市名和町二番割上16-2,"35.065186541666556 136.9118987000694"
豊川メトロポリス,愛知県豊川市下長山町上アライ１４−１,"34.8025832 137.3845019"
ＧｉＧＯ尾西,愛知県一宮市篭屋３−９−７アソビックスびさい１Ｆ,"35.309217775259924 136.7715209539673"
アミューズメントプラザ　マルシン,愛知県刈谷市池田町4-609,"35.006943531876026 137.0091862687866"
M's PARK刈谷店,愛知県刈谷市稲場町３−２０６,"35.0054807 137.0014037"
ＧｉＧＯイオンタウン刈谷,愛知県刈谷市東境町京和１,"35.03880785654121 137.0267692465576"
ＧｉＧＯ東名ボール,愛知県瀬戸市西原町２−１１４,"35.2092202 137.0628682"
ゲーム　アルカナ,愛知県稲沢市朝府町２−３３,"35.2518633 136.7788012"
ダイナソアエイジ,愛知県大府市東新町三丁目８８番地,"35.031007964172225 136.9562744714058"
ポート２４幸田店,愛知県額田郡幸田町相見沖原1-3,"34.8902431 137.1631359"
ゲームファンタジアン長久手店,愛知県長久手市武蔵塚705,"35.17141451495111 137.04546046441806"
楽市街道 名古屋店,愛知県北名古屋市中之郷新明４５−１,"35.239849 136.8488049"
アピナ四日市店,三重県四日市市泊小柳町４−３４,"34.9393248 136.6068238"
ＧｉＧＯ生桑,三重県四日市市生桑町字川原崎２９９−１,"34.986458956564974 136.60162954414557"
ＧｉＧＯ久居,三重県津市久居明神町字風早２５３４−１,"34.68420479495355 136.46684279524538"
ＵＰ・ＤＯスポーツスタジアム津店,三重県津市神戸２０３−１３,"34.71615988817165 136.48669346871725"
ＧｉＧＯ桑名,三重県桑名市大仲新田宮前１５８,"35.08284781412416 136.60677987774045"
アピナ鈴鹿店,三重県鈴鹿市庄野羽山4-20-1イオンタウン鈴鹿2階,"34.872188779517735 136.5270463650471"
アミパラ鈴鹿店,三重県鈴鹿市西条町字東澤430-1,"34.875263768120966 136.57114359870297"
ゲームチャオ松阪店,三重県松阪市船江町７８０,"34.5886531 136.5258425"
ＧｉＧＯアドバンスモール松阪,三重県松阪市田村町２３５−１,"34.55389737480224 136.51466078203123"
ＧｉＧＯ名張,三重県名張市希央台３番地１５,"34.6235067 136.1035133"
ＧｉＧＯ伊勢,三重県伊勢市中須町６６６,"34.4921013 136.6780636"
バンダイバッティグドームみくも,三重県松阪市久米町１１６３−１,"34.6001047 136.5200261"
アソビックスゲームワールド,三重県三重郡朝日町小向181,"35.0306354 136.6728597"
ラウンドワンみえ川越インターチェンジ店,三重県三重郡川越町南福崎８５１−１,"35.02290147217703 136.68352991904908"
ゲームパークＭＥＣＨＡ菰野店,三重県三重郡菰野町大字宿野字神明田357　イオンタウン菰野内,"35.00621392483728 136.5289512423584"
ドリームキャンディ,三重県伊賀市小田町７１１−１,"34.7752694 136.12279390000003"
サン・ボウル,三重県伊賀市小田町南出１５２８,"34.770957873350234 136.1183881232788"
エースレーン堅田,滋賀県大津市今堅田２−４０−１０,"35.1246449 135.9194342"
ＧｉＧＯエイスクエア草津,滋賀県草津市西渋川１−２３−２３エイスクエアＳＡＲＡ南館２階,"35.0242214 135.9597829"
ゲームディーノ彦根店,滋賀県彦根市西沼波町１６６,"35.2586299 136.2654728"
アクション守山１番館,滋賀県守山市播磨田町３０６,"35.069325 135.995293"
ＧｉＧＯ甲西,滋賀県湖南市夏見字二ツ橋３５６−１,"34.994907335835556 136.09721389583126"
アミューズメントパークさくら,滋賀県東近江市八日市浜野町3-1ｼｮｯﾋﾟﾝｸﾞﾌﾟﾗｻﾞｱﾋﾟｱ4F,"35.1147553 136.1970156"
ネオＡＭスペースａ−ｃｈｏ,京都府京都市中京区寺町通四条上る東大文字町３０２−３０３,"35.0044432463279 135.76683624788507"
プレイランドキング円町店,京都府京都市中京区西ノ京西円町40,"35.0187461 135.7310741"
ＧｉＧＯＭＯＭＯテラス京都伏見,京都府京都市伏見区桃山町山ノ下３２京都ＳＣビルＡＭ棟２Ｆ,"34.93735467971991 135.7951228951065"
パルケ上賀茂店,京都府京都市北区上賀茂西河原１−１,"35.0669415 135.7460749"
キョーイチアミューズメントパーク,京都府宇治市小倉町神楽田５５−１京一ボウル１Ｆ,"34.8920845 135.7834111"
プラザアピア峰山,京都府京丹後市峰山町菅376,"35.6117235 135.0636523"
ラウンドワン千日前店,大阪府大阪市中央区難波１−３−１,"34.6675295 135.5027825"
ＡＭファクトリーアクス,大阪府大阪市中央区難波1-1-3,"34.668213974032696 135.5030768903864"
アミューズメントＭＯＪＹＡ,大阪府大阪市浪速区難波中２丁目１−１３,"34.6629657 135.5044976"
ＧｉＧＯ難波アビオン,大阪府大阪市浪速区難波中２−３−１５　ＭＭＯビルＢ１Ｆ〜３Ｆ,"34.66273267087078 135.50331120793453"
ＧｉＧＯ東梅田,大阪府大阪市北区堂山町９−２８,"34.7031007 135.5039563"
ラウンドワン梅田店,大阪府大阪市北区小松原町４−１６,"34.703046035336456 135.5010681809856"
ｍｏｎｔｅ５０,大阪府大阪市北区小松原町４−２７,"34.7031001270068 135.50152903995058"
ＧｉＧＯ大阪第４ビル,大阪府大阪市北区梅田１−１１−４駅前第４ビルＢ１Ｆ,"34.699745869308785 135.49950339828638"
ゲームセンターロイヤル,大阪府大阪市北区梅田１−１ー３Ｂ１−５９−２,"34.69853109835952 135.4996776534424"
Ｇ−ｐａｌａあべの,大阪府大阪市阿倍野区阿倍野筋３−１０−１あべのベルタ２Ｆ,"34.64230804215337 135.51129129297635"
天王寺パスカ,大阪府大阪市阿倍野区阿倍野筋２−４−５１,"34.643949 135.5127323"
ＧｉＧＯあべのアポロ３階,大阪府大阪市阿倍野区阿倍野筋１−５−３１アポロビル３Ｆ,"34.6465681 135.5117823"
ゲームポイントシャトーＥＸ,大阪府大阪市都島区東野田町３−９−３,"34.69796806871778 135.53399885522538"
ＭＥＣＨＡ天保山店,大阪府大阪市港区海岸通１−１−１０天保山マーケットプレイス内,"34.65587268704896 135.4300184566223"
ＧｉＧＯ今福,大阪府大阪市城東区今福東１−９−３４,"34.7009266 135.5574414"
ラウンドワン東淀川店,大阪府大阪市東淀川区菅原７−１４−２８,"34.7427577 135.5250375"
ｎａｍｃｏマグスミノエ店,大阪府大阪市住之江区泉１−１−８２マグスミノエ１Ｆ,"34.609994369342104 135.46828803981168"
ＧｉＧＯ布施,大阪府東大阪市長堂１−１−１ロンモール布施内,"34.66411101292697 135.5627448728775"
ＧｉＧＯ東大阪,大阪府東大阪市稲田新町３−９−６４,"34.69079425884676 135.59131876878655"
トップラン東大阪店,大阪府東大阪市東鴻池町１−６−３０イオンタウン東大阪店２Ｆ,"34.6938172 135.6175909"
ラウンドワン岸和田店,大阪府岸和田市八阪町２−１１−１,"34.4565318 135.3885664"
ゲームパニック堺,大阪府堺市堺区築港八幡町1番地堺浜ｼｰｻｲﾄﾞｽﾃｰｼﾞ内堺浜ｴﾝﾀﾒ館,"34.597827130156965 135.44725586693426"
ゲームプラザパール,大阪府堺市堺区北瓦町1-5-25,"34.575448497445244 135.4822128043338"
スポーツセンター　２１世紀,大阪府堺市南区岩室108-1,"34.50132272672265 135.53827901468048"
ラウンドワン堺中央環状店,大阪府堺市東区石原町２−２４１,"34.5569759 135.5365126"
ラウンドワン高槻店,大阪府高槻市辻子３−６−４,"34.8326157 135.6300541"
ＧｉＧＯ新三国アルゴ７,大阪府豊中市神州町１−１５,"34.7386679 135.4794168"
ＧｉＧＯ枚方,大阪府枚方市須山町８３−１サンシャインプラザ枚方内,"34.8196428 135.6755727"
コスミックプラザABC,大阪府寝屋川市早子町18-14,"34.7632654 135.6209477"
モンキートリック,大阪府寝屋川市香里南之町32-5　YNレジデンス香里2F,"34.78347534235498 135.62886255952458"
ＹＡＺ寝屋川店,大阪府寝屋川市石津中町25-26,"34.7802772 135.6194363"
あそＶＩＶＡ阪急茨木店,大阪府茨木市永代町６−２スポーツプラザ茨木２Ｆ,"34.8179736 135.5763883"
ゲームディーノ阪急茨木店,大阪府茨木市永代町５ ソシオビルＢ１,"34.8175163 135.5756095"
ゲーム・ザ・ゴリラ,大阪府和泉市伏屋町四丁目10番51号,"34.47127918413802 135.46786938343234"
ＧｉＧＯ和泉,大阪府和泉市肥子町２−４−４１,"34.4867343 135.4180002"
遊スペース マジカル,兵庫県神戸市中央区琴ノ緒町５−２−３,"34.6955046 135.1950389"
ＡＭスクエアＡＬＧＯ,兵庫県神戸市中央区下山手通1-1-8,"34.6938519 135.1913032"
遊スペース アローズ,兵庫県神戸市西区丸塚２丁目９−１８,"34.6791423 134.9829518"
トップラン,兵庫県神戸市西区岩岡町古郷1474-1,"34.7176826 134.9289029"
ＧｉＧＯフェニックスプラザ摩耶,兵庫県神戸市灘区味泥町６−１フェニックスプラザ１Ｆ,"34.704051 135.2280184"
アミパラ垂水店,兵庫県神戸市垂水区名谷町字室山１４００−１８,"34.66453039771949 135.06678803281864"
ラウンドワン姫路飾磨店,兵庫県姫路市飾磨区中島１−２５４,"34.7923295 134.6870919"
ＧｉＧＯ姫路駅前,兵庫県姫路市駅前町２５４姫路ＯＳビルＢ１Ｆ,"34.8288891 134.6911463"
Ｇ−ｐａｌａ花北店,兵庫県姫路市増位新町１−６　２Ｆ,"34.8560033 134.7093544"
ＧｉＧＯつかしん,兵庫県尼崎市塚口本町４−８−１つかしん内,"34.7618838 135.4180485"
ｎａｍｃｏ豊岡店,兵庫県豊岡市中陰字大工６１７３階,"35.554977428530215 134.81227572209013"
ＧｉＧＯ明石,兵庫県明石市魚住町清水２４６４−１,"34.72005653424677 134.89683204603273"
ゲームアイビス太子店,兵庫県揖保郡太子町太田2149,"34.83222491769324 134.60000402275386"
遊スペース　スプラ,兵庫県加古川市尾上町安田３５１−１,"34.7456374 134.8356588"
ラウンドワン伊丹店,兵庫県伊丹市昆陽７丁目２９,"34.7790734 135.3934676"
アミューズスペースミール,兵庫県三田市対中町５−２１,"34.8806357 135.2295503"
プレイステーションネーブル西宮店,兵庫県西宮市両度町6-10,"34.7425907 135.354166"
社スポーツレーン,兵庫県加東市社1189-1,"34.9161091 134.961452"
アミューズメントＣＵＥ奈良三条店,奈良県奈良市三条町478-1,"34.6817818 135.8221376"
アミパラ橿原店,奈良県橿原市十市町1222-1ツインゲート橿原１F,"34.529415 135.7968476"
アミューズメントＣＵＥ奈良大和高田店,奈良県大和高田市東中２−１１−１６,"34.499776 135.7355951"
ピタゴラス和歌山,和歌山県和歌山市土入７３−１,"34.2528724 135.1456279"
ＰＡＬＯ橋本彩の台,和歌山県橋本市あやの台１−５０−２オー・ストリート綾の台内,"34.33714380137088 135.6511830650818"
紀ノ川ボウル,和歌山県岩出市西国分656-1,"34.2642134 135.3300763"
タイトーＦステーション南紀,和歌山県新宮市佐野3-11-19ｽｰﾊﾟｰｾﾝﾀｰｵｰｸﾜ南紀店敷地内,"33.67553146238902 135.96970056665646"
ＧｉＧＯ米子,鳥取県米子市両三柳２７７８−２,"35.459874 133.3221969"
ＧｉＧＯ鳥取,鳥取県鳥取市安長４１６,"35.5118559 134.2105547"
ジーパラ出雲,島根県出雲市渡橋町７８４−１,"35.3660626 132.7434242"
ＧｉＧＯ松江,島根県松江市嫁島町１２−１５,"35.4500922 133.0478147"
アミパラテクノランド店,岡山県岡山市北区大和町１−７−１２,"34.6791764 133.9274976"
アミパラ岡山店,岡山県岡山市北区青江１丁目１３−８,"34.6362117 133.9199885"
ＧｉＧＯ岡山藤崎,岡山県岡山市中区藤崎５９９−１２,"34.60886596600631 133.97660431225108"
ユーズランド倉敷店,岡山県倉敷市水江１番地イオンモール倉敷２Ｆ,"34.6032479 133.7454021"
ＧｉＧＯ倉敷,岡山県倉敷市西中新田５３５−２,"34.58390627626665 133.76986515182455"
アミパラ倉敷店,岡山県倉敷市西中新田624-1アミパラボウル1F,"34.583544060326474 133.77132383435855"
ラウンドワン広島店,広島県広島市中区立町３−１１,"34.39370127708191 132.46010387420506"
タイトーステーション広島紙屋町店,広島県広島市中区紙屋町２−２−２１,"34.39405386033357 132.4560507717756"
ビバーチャ,広島県広島市中区南竹屋町１０−１７,"34.37933339440375 132.46127920793458"
タイトーステーション広島本通店,広島県広島市中区本通３−５せらかぐ本通ビル,"34.39279837443898 132.4603899502972"
ブラックジャックアクア店,広島県広島市安佐南区大町東４−１２−１１,"34.4689057 132.4624719"
ＧｉＧＯ中筋,広島県広島市安佐南区中筋４−１１−７,"34.45533754708444 132.47884605398463"
アミパラ広島店,広島県広島市西区西観音町3-17,"34.39343452722494 132.4364020343586"
アミューズメントパークＭＧジアス,広島県福山市柳津町１−７−６０,"34.440636813169476 133.26064295213223"
ＧｉＧＯ福山,広島県福山市瀬戸町大字山北３００,"34.476060386542564 133.31591932376898"
福山メトロポリス,広島県福山市一文字町２４−１,"34.465874 133.4072492"
ＧｉＧＯ海田,広島県安芸郡海田町南大正町３−３５,"34.36763663920561 132.53367414785043"
アミパラここじゃ店,広島県東広島市西条町下見６−１０−１９,"34.40758549269335 132.7155369093357"
ＧｉＧＯ尾道,広島県尾道市新浜１−２−１３,"34.403039752127754 133.18631311595595"
アミューズメントビートル２,広島県三次市南畑敷町６０３−３,"34.8028187 132.880927"
スペースV1廿日市店,広島県廿日市市本町４−２３,"34.35179163525024 132.3340763772635"
レンタルビデオ＆ゲーム　Ｔ＆Ｇ,山口県下関市秋根本町２−１−１１,"34.01136469050875 130.95321550555718"
アミパラ下関店,山口県下関市長府才川１−４２−４８,"34.02541169656086 131.00750228344975"
タイトーＦステーション山口メルクス店,山口県山口市大字黒川８２−１ハイパーモールメルクス内,"34.13591720514725 131.43456022214218"
THE 3RD PLANET 山口店,山口県山口市湯田温泉6-8-3,"34.164697327612615 131.45179939017828"
ＧｉＧＯイオンタウン小郡,山口県山口市小郡前田町３−６イオンタウン小郡内,"34.0869865 131.3986628"
フレスパランドカッタの湯,山口県宇部市海南町1675,"33.95844812893123 131.26152492590336"
ちびっこランドフジ長門店,山口県長門市大字仙崎字網田３２２−１フジ長門店２Ｆ,"34.37685640512301 131.19388722445433"
ＳＰＥＥＤ,山口県周南市大字久米３２１９,"34.03394 131.83464"
アミパラ周南久米店,山口県周南市大字久米２８３４　イオンタウン周南久米,"34.036749 131.842747"
GAME・パフェ萩,山口県萩市大字椿東3000-5,"34.4165984 131.4100396"
アポロゲームセンター沖洲店,徳島県徳島市南沖洲１−９３,"34.067137798469645 134.5828204618324"
ＧｉＧＯスエヒロボウル徳島,徳島県徳島市南末広町４−９５−２,"34.06111240737284 134.5727754188755"
アミューズメントパフェパレパレ田宮店,徳島県徳島市南田宮２−２−４６,"34.0861319 134.5427222"
ＧｉＧＯ高松,香川県高松市勅使町５３５,"34.308457174346614 134.01848547182772"
ラウンドワン高松店,香川県高松市松島町２−７−４３,"34.3389079 134.0670672"
ＧｉＧＯ丸亀,香川県丸亀市蓬莱町５６−１,"34.294854865373956 133.78519849999998"
アミパラ丸亀店,香川県丸亀市飯野町西分字川縁甲５８４−１　ハローズ棟内,"34.28480781129378 133.82103029947507"
マックスプラザ善通寺,香川県善通寺市中村町１７９８−２,"34.24360483098066 133.76401476256558"
アミューズメントパークＭＧ志度,香川県さぬき市志度２４３１番地１　フジ志度店　別棟,"34.315379218343296 134.1704666256561"
アミューズメントパークＭＧキスケ,愛媛県松山市宮田町４　キスケボックス内１階,"33.84135984349505 132.7528734931152"
プレイドーム松山,愛媛県松山市余戸南４丁目９−４０,"33.809394683694734 132.72806174662708"
ＧｉＧＯ松山,愛媛県松山市枝松５−７−３２,"33.828259768436276 132.78650301412085"
アミパラ松山店,愛媛県松山市生石町６５５−１,"33.83367993228401 132.74499599325407"
ｎａｍｃｏフジグラン今治店,愛媛県今治市東門町５−１３−１フジグラン今治店内２Ｆ,"34.061364755911356 133.01479473374684"
ＧｉＧＯ新居浜,愛媛県新居浜市徳常町６−８,"33.96410229794188 133.27814141595593"
アミューズメントパークＭＧ東予,愛媛県西条市周布７１５−１　フジ東予店　別棟,"33.92046 133.07754"
アミューズメントパークＭＧ伊予三島,愛媛県四国中央市中之庄町７５−１　アイランド三島内,"33.97453915409101 133.52877785153782"
アミパラ高知店,高知県南国市篠原１９４−１,"33.5679737 133.6344573"
ｕ！帯屋町店,高知県高知市帯屋町1丁目13番21号,"33.56028210691696 133.53865094778098"
えの木,高知県高知市旭町3丁目100-3,"33.5558198 133.5061151"
ラウンドワン高知店,高知県高知市南宝永町４−１２,"33.5578349 133.5543516"
ウェアハウス四万十店,高知県四万十市右山五月町８−１３アピアさつき２F,"32.9871096 132.9392991"
タイトーＦステーション 野市店,高知県香南市野市町西野２００７−１　フジグラン野市店内,"33.55972821444668 133.6958308661316"
ラウンドワン福岡天神店,福岡県福岡市中央区天神２−６−１２,"33.589463 130.3967853"
タイトーステーション福岡天神店,福岡県福岡市中央区天神２−６−３５サザンクロスビル,"33.5896519 130.3973464"
ｎａｍｃｏ博多バスターミナル店,福岡県福岡市博多区博多駅中央街２−１博多バスターミナル７階,"33.5915216 130.4198918"
ラウンドワン博多半道橋店,福岡県福岡市博多区半道橋２−２−８,"33.584067 130.4383464"
楽市街道箱崎店,福岡県福岡市東区箱崎５丁目１番８号,"33.6242624 130.4196214"
Ｇ−ＳＴＡＧＥ七隈店,福岡県福岡市城南区七隈８−４−８,"33.5512334 130.3643444"
ゲームウィズダム,福岡県飯塚市柏の森162-3,"33.64327043155374 130.7033366822784"
Ｇ−ＳＴＡＧＥ飯塚店,福岡県飯塚市枝国６８０−２,"33.63648676671448 130.67602538531946"
ジャンボパンチ希林,福岡県飯塚市秋松947,"33.6222733 130.6722083"
サープラ新宮あそびタウン,福岡県糟屋郡新宮町美咲３−１−４０新宮ドーム１Ｆ,"33.7061821 130.4405711"
ユーズボウル久留米,福岡県久留米市東櫛原町字深町１１１０,"33.32263504563559 130.516591109787"
国分バッティングセンター,福岡県久留米市国分町１４０８,"33.29940960881137 130.53281974841002"
遊道楽新合川店,福岡県久留米市新合川1丁目6-7,"33.3217812 130.5413096"
Ｇ−ｐａｌａ小倉,福岡県北九州市小倉南区上葛原1−14−1,"33.83965267669321 130.9113354521454"
ハイパーメッセ,福岡県北九州市小倉南区北方4-6-7,"33.8391643 130.8741119"
ＰＥＰ　中津口,福岡県北九州市小倉北区中津口２−２−１６アソボックス３階,"33.8774546 130.8872135"
ペップ魚町,福岡県北九州市小倉北区魚町２−４−２０,"33.883906839062185 130.88031085893022"
ユーズボウル北九州,福岡県北九州市八幡西区則松5-7-25,"33.8606061 130.7248964"
小倉メトロポリス,福岡県北九州市小倉北区西港町２７−５,"33.8966075 130.8582112"
楽市楽座行橋店,福岡県行橋市西泉６−１−１,"33.71700849343529 130.97163169325404"
ラウンドワン大野城店,福岡県大野城市御笠川１−１８−１６,"33.546419 130.4822611"
コインレストラン秋峰,福岡県筑紫野市大字天山428-1,"33.4796385 130.5531775"
ＧｉＧＯ中間,福岡県中間市上蓮花寺３−１−１,"33.8230744 130.7216062"
ゲームセンターみやま,福岡県田川郡香春町大字香春１００３,"33.6630861 130.8335752"
ゲームセンター　スペース1,福岡県小郡市小郡1466-3,"33.39263109713244 130.54196383247142"
マンモスビデオ,福岡県大川市榎津６２−１,"33.2017393 130.3798138"
遊道楽嘉瀬店,佐賀県佐賀市嘉瀬町中原２４８８−１,"33.2422048 130.2565009"
楽市楽座３０３佐賀大和店,佐賀県佐賀市大和町尼寺２９６５番地,"33.301495050974495 130.2811644148194"
ＧｉＧＯ武雄,佐賀県武雄市武雄町富岡１２５１７−１,"33.1993539 130.0346461"
ＦＡＳボウリングセンター,佐賀県唐津市栄町２５８１−１ＦＡＳボウリングセンター,"33.446105 129.9792689"
ソニックワールド伊万里店,佐賀県伊万里市二里町八谷搦１８９−３,"33.27858888680348 129.87222840304105"
アミパラ佐世保店,長崎県佐世保市大塔町１８−１５,"33.1500003 129.7803082"
三冠王バッティングセンター,長崎県佐世保市相浦町２６８９−１,"33.19076009145336 129.65290899154047"
サンゲームス佐世保店,長崎県佐世保市田原町３８−１,"33.20859840167848 129.71688520975647"
ＧｉＧＯ諫早,長崎県諫早市小川町９０−１,"32.83151063756657 130.0552128294304"
Ｇ−ｐａｌａ時津,長崎県西彼杵郡時津町野田郷５９号,"32.82435462734485 129.84781194857942"
遊道楽時津店,長崎県西彼杵郡時津町元村郷８６３−１０,"32.8201499 129.8473443"
ＧｉＧＯサンスパおおむら,長崎県大村市森園町６６３−３,"32.921810296137366 129.9374759030411"
パスカワールドグリーンランド店,熊本県荒尾市本井手１５７４−５４,"32.9878473 130.4712114"
スポラ九品寺,熊本県熊本市中央区九品寺5丁目10-15,"32.7904656 130.7148881"
ＴＨＥ３ＲＤＰＬＡＮＥＴ下通り店,熊本県熊本市中央区手取本町４番１２号,"32.802661310721575 130.70933071045079"
ラウンドワン熊本店,熊本県熊本市西区春日7-25-15,"32.7850486 130.6775472"
スポラ菊陽,熊本県菊池郡菊陽町津久礼駄飼代２６１７−２,"32.864451600473316 130.8090616085983"
タイトーＦステーションセントポルタ大分店,大分県大分市中央町２−１−１,"33.2354219 131.6063391"
ＧｉＧＯ高城,大分県大分市牧１−１６１−８,"33.24170942189051 131.63726538280332"
トライセン萩原,大分県大分市萩原４−２２７−７,"33.2491774 131.6436745"
スプロール稙田店,大分県大分市玉沢小柳６８８−１,"33.1870391 131.577831"
ゲームラボ　サイドセブン,大分県大分市上宗方南１丁目６４９−１,"33.1952607 131.5783681"
ＧｉＧＯ別府,大分県別府市餅ヶ浜町１６１−２,"33.2955437 131.5030742"
ＧｉＧＯ中津,大分県中津市沖代町１−２−１６,"33.591210859151936 131.20199903677064"
トライセン中津店,大分県中津市下池永６７−３,"33.589677614707064 131.2110359533035"
ユーズランド三光店,大分県中津市三光佐知1032イオンモール三光2F,"33.5604305 131.1920613"
Ｇ−ｐａｌａ日田,大分県日田市友田997-1,"33.32581354140554 130.91165950013885"
ビデオランドピオ,大分県杵築市南杵築1722-1,"33.4179146 131.610156"
ラウンドワン宮崎店,宮崎県宮崎市中村東３−４−６０,"31.8953441 131.4175947"
ゲームマインズ,宮崎県宮崎市高千穂通1-3-22エースランド2F,"31.9194224 131.4261819"
サンゲームス都城北店,宮崎県都城市上川東4-5997-4,"31.7489243 131.0789474"
ビリヤードG’Z,宮崎県都城市牟田町４−２,"31.725694990100344 131.0595809650124"
ｎａｍｃｏ日向店,宮崎県日向市日知屋１４７９８−１ハイパーモールメルクス日向内,"32.450225346048285 131.6401252103119"
ＧｉＧＯ延岡,宮崎県延岡市平原町５−１４９２−８,"32.5498259 131.6778907"
ゲームセンター電撃ベイサイド,鹿児島県鹿児島市浜町2-2,"31.60230445506582 130.5657537362457"
ラウンドワン鹿児島宇宿店,鹿児島県鹿児島市宇宿2-2-2,"31.5447366 130.5434185"
サンライトゾーン,鹿児島県鹿児島市東郡元町1-10,"31.5569494 130.5477065"
サンアミューズ鹿屋店,鹿児島県鹿屋市札元2丁目3798-1,"31.3997964 130.872925"
タイトーＦステーションニシムタ出水店,鹿児島県出水市六月田町３４７番地,"32.10524811337652 130.34544106137696"
ＡｍｕｓｅｍｅｎｔｃｉｔｙＧ−ＳＴＡ,鹿児島県薩摩川内市向田本町４９番,"31.815807337301123 130.30740182481463"
電遊パーク志布志店,鹿児島県志布志市志布志町安楽100-1,"31.47005113293912 131.08694576508174"
ラウンドワン沖縄・南風原店,沖縄県島尻郡南風原町字兼城５５２番地,"26.19510823110462 127.72096257312467"
