ACT草津ACTION,滋賀県草津市野路町1161-1
AMパークイオンモール奈良登美ヶ丘店,奈良県生駒市鹿畑町3027イオンモール専門店街3階
ENTERTAINMENT FIELD ららぽーとEXPOCITY店,大阪府吹田市千里万博公園2−1ららぽーとEXPOCITY3F
G-stage浜町,長崎県長崎市浜町2-26
G3ポロス原町店,福島県南相馬市原町区北原本屋敷188
G3ポロス横手南店,秋田県横手市婦気大堤字中田4-1ｲｵﾝｽｰﾊﾟｰｾﾝﾀｰ横手南店2階
GiGO池袋3号館,東京都豊島区東池袋1-1-4池袋北辰ビル
INTER PARK+1宇都宮,栃木県宇都宮市インターパーク6−5−1
M's PARK刈谷店,愛知県刈谷市稲場町3−206
M's PARK豊田店,愛知県豊田市寿町3−21、22
SOYU BREMEN TOWN 鳴海店,愛知県名古屋市緑区鳴海町字伝治山3-9 アピタ鳴海店2F
SOYU GAME FIELD堺鉄砲町店,大阪府堺市堺区鉄砲町1番地イオンモール堺鉄砲町3F
SOYU ZAURUS WORLD 大森店 ,東京都大田区大森北2-13-1イトーヨーカドー大森店3F
SOYUGameFieldみのおキューズモール店,大阪府箕面市西宿1−15−30みのおキューズモールC棟2階
SOYUGameField奈良橿原店,奈良県橿原市曲川町7-20-1 イオンモール橿原3F
SOYUGameField御所野店,秋田県秋田市御所野地蔵田1-1-1イオンモール秋田2F
SOYUGameField旭川西店,北海道旭川市緑町23-2161-3イオンモール旭川西3F
TFSトナリエ宇都宮,栃木県宇都宮市駅前通り1丁目4番6号トナリエ宇都宮
THE 3RD PLANET BiVi仙台店,宮城県仙台市宮城野区榴岡2-1-25
THE 3RD PLANET BiVi沼津店,静岡県沼津市大手町1-1-5
THE 3RD PLANET OZ浜松店,静岡県浜松市東区宮竹町322-1
THE 3RD PLANET ピボット福島店,福島県福島市栄町1-1 パワーシティーピボット内
THE 3RD PLANET フレスポ八潮店,埼玉県八潮市大瀬1-1-3 フレスポ八潮3F
THE 3RD PLANET 山口店,山口県山口市湯田温泉6-8-3
THE 3RD PLANET 島田店,静岡県島田市中溝町2531
THE 3RD PLANET 焼津店,静岡県焼津市八楠3-18-5
THE 3RD PLANET 長野大通り店,長野県長野市大字鶴賀権堂町1506−3長電権堂第2ビル1F
THE 3RD PLANET 高崎店,群馬県高崎市下和田町5-3-8 メディアメガ高崎内
あそびのひろば 鹿嶋店,茨城県鹿嶋市宮中290−1ショッピングセンターチェリオ1階
あそVIVAゲームセンター,京都府福知山市字堀小字下高田2146−1
あそVIVA阪急茨木店,大阪府茨木市永代町6−2スポーツプラザ茨木2F
あみぱらんど福山店,広島県福山市三吉町南2−8−24
えの木,高知県高知市旭町3丁目100-3
ゆめシティ ゆめパーク,山口県下関市伊倉新町3−1−1
ゆめタウン三豊ビックウェーブ,香川県三豊市豊中町本山甲22
ゆめタウン高松店ゆめランド,香川県高松市三条町字中所608ー1 ゆめタウン高松店2F
アソビックスゲームワールド,三重県三重郡朝日町小向181
アップルグランリバー大井川店,静岡県焼津市下江留1327
アップル島田店,静岡県島田市宝来町8-5
アップル新北街道店,静岡県静岡市葵区沓谷5-13-4
アドアーズ上野アメ横,東京都台東区上野4−9−14上野K.KビルB1〜4階
アドアーズ中野,東京都中野区中野5−52−15 ブロードウェイ185
アドアーズ亀戸店,東京都江東区亀戸5−2−6サンエービル1〜5階
アドアーズ仙川,東京都調布市仙川町2−21−12 VICビル7
アドアーズ千葉,千葉県千葉市中央区富士見2−4−15第一東和ビル
アドアーズ和光,埼玉県和光市本町3−5ワコーステーション3 1−3F
アドアーズ大和店A館,神奈川県大和市大和東1−4−3大黒屋ビル1、2階
アドアーズ新小岩,東京都葛飾区新小岩1−44−4 VORT新小岩ビル
アドアーズ橋本,神奈川県相模原市緑区橋本3−3−1SINGビル2F
アドアーズ町田,東京都町田市原町田6−21−25 大正堂第2ビル1〜4F
アドアーズ船橋,千葉県船橋市本町1−31−26セブン船橋B1F〜3F
アドアーズ蕨,埼玉県蕨市塚越1-4-4ラ・セーヌビル2階
アドアーズ藤沢北口,神奈川県藤沢市藤沢460−1 3〜4F
アピナ上尾店,埼玉県上尾市緑丘3−3−11−2 P・A・P・A上尾SC別棟
アピナ上田店,長野県上田市秋和359−1
アピナ上越インター店,新潟県上越市下門前1661
アピナ下館店,茨城県筑西市玉戸1012−3
アピナ伊那店,長野県伊那市大字西町5093
アピナ佐久インター店,長野県佐久市岩村田北1−13−1
アピナ八王子みなみ野店,東京都八王子市みなみ野1−2−1アクロスモール3F
アピナ印西店,千葉県印西市原1−2ビッグホップガーデンモール印西2F
アピナ各務原店,岐阜県各務原市蘇原花園町2丁目9番地1
アピナ四日市店,三重県四日市市泊小柳町4−34
アピナ塩尻店,長野県塩尻市広丘野村1794−1
アピナ大宮店,埼玉県さいたま市大宮区仲町1−19
アピナ太田店,群馬県太田市内ケ島町907−1
アピナ姫路店,兵庫県姫路市東郷町1454−3姫路リオス2階
アピナ富山南店,富山県富山市堀川町355−3 マイプラザ内
アピナ富山新庄店,富山県富山市荒川3−2−12
アピナ富山豊田店,富山県富山市豊田町2丁目12−66
アピナ小山店,栃木県小山市駅南町4−27−18
アピナ川越店,埼玉県川越市泉町1−1 ウニクス南古谷シネマ棟1F
アピナ市原店,千葉県市原市更級4丁目2番1号アクロスプラザ市原更級F棟1階
アピナ新利府 北館店,宮城県宮城郡利府町利府字新屋田前22イオンモール新利府北館2
アピナ松本店,長野県松本市双葉19−10
アピナ橋本店,神奈川県相模原市緑区西橋本5−1−1ラ・フロール駐車場棟1階
アピナ浜松店,静岡県浜松市中区葵西2−27−10
アピナ焼津店,静岡県焼津市道原585
アピナ磐田店,静岡県磐田市西貝塚横須賀道北3690イオンタウン磐田内
アピナ荻窪店,東京都杉並区上荻1−13−10ハクサンビル
アピナ豊橋,愛知県豊橋市藤沢町141ホリデイ・スクエアAM棟1階
アピナ野々市バッティングスタジアム,石川県野々市市若松町5−5
アピナ野々市店,石川県野々市市白山町4−1イオンタウン野々市店内
アピナ野田七光台店,千葉県野田市七光台4−2
アピナ鈴鹿店,三重県鈴鹿市庄野羽山4-20-1イオンタウン鈴鹿2階
アピナ長岡店,新潟県長岡市堺東町22
アピナ長野大橋店,長野県長野市若里7−9−12
アピナ長野川中島店,長野県長野市川中島町御厨967−1
アピナ長野村山店,長野県長野市村山502−1
アピナ飯田店,長野県飯田市座光寺3728−1
アピナ鶴岡店,山形県鶴岡市文下字広野1−1
アミパラがいな店,鳥取県米子市日ノ出町1−8−13
アミパラここじゃ店,広島県東広島市西条町下見6−10−19
アミパラテクノランド店,岡山県岡山市北区大和町1−7−12
アミパラ下関店,山口県下関市長府才川1−42−48
アミパラ丸亀店,香川県丸亀市飯野町西分字川縁甲584−1 ハローズ棟内
アミパラ伊川谷店,兵庫県神戸市西区池上3丁目2番3号
アミパラ佐世保店,長崎県佐世保市大塔町18−15
アミパラ倉敷店,岡山県倉敷市西中新田624-1アミパラボウル1F
アミパラ光明池店,大阪府和泉市室堂町824−36
アミパラ周南久米店,山口県周南市久米中央五丁目6-1
アミパラ垂水店,兵庫県神戸市垂水区名谷町字室山1400−18
アミパラ大東店,大阪府大東市南新田2丁目3番5号
アミパラ岡山店,岡山県岡山市北区青江1丁目13−8
アミパラ広島店,広島県広島市西区西観音町3-17
アミパラ松山店,愛媛県松山市生石町655−1
アミパラ松江店,島根県松江市東朝日町203−1
アミパラ橿原店,奈良県橿原市十市町1222-1ツインゲート橿原1F
アミパラ津山店,岡山県津山市河辺1000−1イオンモール津山2F
アミパラ神辺店,広島県福山市神辺町大字新道上字1−2−1
アミパラ鈴鹿店,三重県鈴鹿市西条町字東澤430-1
アミパラ高松店,香川県高松市伏石町2168番2
アミパラ高知店,高知県南国市篠原194−1
アミュージアム周南店,山口県下松市中央町21-3THEMALL周南3F
アミュージアム川口店,埼玉県川口市本町2−7−25ミエルかわぐち3F
アミュージアム津島店,愛知県津島市大字津島字北新開351番地ﾖｼﾂﾞﾔ津島本店ｼﾈﾏ館2F
アミュージアム茂原店,千葉県茂原市高師1619−1
アミュージアム高松店,香川県高松市伏石町2144-9
アミュージアムOSC店,東京都練馬区東大泉2−34−1オズスタジオシティ2F
アミューズアイランド和田山,兵庫県朝来市和田山町枚田岡774番地イオン和田山店1F
アミューズビバ,茨城県ひたちなか市東大島2−11−11
アミューズファクトリー常滑店,愛知県常滑市りんくう町2-20-3イオンモール常滑2F
アミューズメントエース津田沼,千葉県船橋市前原西2−15−1ファシービル
アミューズメントスペースASO:VIBA!,東京都渋谷区恵比寿1-10-5三恵エビスビル2F
アミューズメントスペースコミ丸四日市店,三重県四日市市鵜の森1-3-19
アミューズメントゾーン北上店,岩手県北上市本通2-2-1さくら野北上店4F
アミューズメントパフェパレパレ田宮店,徳島県徳島市南田宮2−2−46
アミューズメントパレスワンダーヴュー成田,千葉県成田市飯仲11-18
アミューズメントパークジアス上大岡,神奈川県横浜市港南区上大岡西2-1-28
アミューズメントパーク静岡店,静岡県静岡市葵区柚木1026番地3階
アミューズメントパークMGキスケ,愛媛県松山市宮田町4 キスケボックス内1階
アミューズメントパークMGジアス,広島県福山市柳津町1−7−60
アミューズメントパークMGレインボー,香川県高松市多肥下町1552−17 マルナカレインボー店内
アミューズメントパークMG伊予三島,愛媛県四国中央市中之庄町75−1 アイランド三島内
アミューズメントパークMG土庄,香川県小豆郡土庄町字半の池甲1360−10
アミューズメントパークMG大街道,愛媛県松山市大街道1−4−17
アミューズメントパークMG府中天満屋店,広島県府中市府川町186−1府中天満屋2階
アミューズメントパークMG朝生田,愛媛県松山市朝生田町4−4−32 第一自動車教習所ビル1階
アミューズメントパークMG総社,岡山県総社市門田187 天満屋ハピータウンリブ総社店内3階
アミューズメントパークMG西条,愛媛県西条市新田字北新田235フジグラン西条 別棟
アミューズメントフィールドバイヨン,埼玉県ふじみ野市うれし野2−16−1LCモールうれし野2F
アミューズメントプラザ マルシン,愛知県刈谷市池田町4-609
アミューズメントプラザワイド,愛知県東海市名和町二番割上16-2
アミューズメントCUE奈良三条店,奈良県奈良市三条町478-1
アミューズメントCUE奈良大和高田店,奈良県大和高田市東中2−11−16
アミューズメントFUNFUN越谷店,埼玉県越谷市南荻島2770−1
アミューズランドモナコ川越店,埼玉県川越市新富町2-4-1
アミューズランドモナコ調布駅前店,東京都調布市布田4−2−22
アル・プラザボウル鯖江,福井県鯖江市下河端町16字下町6−1
アレックス,山口県宇部市西宇部南3−5−53
イオン千歳 キッズパーク,北海道千歳市栄町6−61
イオン紋別 キッズパーク,北海道紋別市花園3-4-39
イスカンダル木更津店,千葉県木更津市潮見4−1−2
イミグランデ大和店,神奈川県大和市鶴間2-12-27
イミグランデ日吉店3,神奈川県横浜市港北区日吉2−2−4
イミグランデ本厚木店,神奈川県厚木市中町3−2−1
イミグランデ溝口店,神奈川県川崎市高津区溝口1−14−7 第二カスタムビル
インターワールド伊勢崎店,群馬県伊勢崎市宮子町3425-4
ウェアハウス一橋学園店,東京都小平市学園東町一丁目4番39号平山ビル3F
ウェアハウス三橋店,埼玉県さいたま市西区三橋6−955−1
ウェアハウス上尾店,埼玉県上尾市二ツ宮1044
ウェアハウス保木間店,東京都足立区保木間1−1−19
ウェアハウス入谷店,東京都足立区入谷7−8−11
ウェアハウス南流山店,千葉県流山市南流山4−16−6
ウェアハウス四万十店,高知県四万十市右山五月町8−13アピアさつき2F
ウェアハウス岩槻店,埼玉県さいたま市岩槻区加倉3−3−63
ウェアハウス草加店別館,埼玉県草加市稲荷2−36−33
ウェアハウス越谷店,埼玉県越谷市南荻島841−1
エースレーン堅田,滋賀県大津市今堅田2−40−10
エースレーン守山,滋賀県守山市播磨田町231−4ACT守山3番館内
エースレーン愛知川,滋賀県愛知郡愛荘町長野200
エースレーン近江八幡店,滋賀県近江八幡市出町736アクトビル1F
オリエンタルバッティング可児店,岐阜県可児市今渡695−1
オークランドボウル春日井,愛知県春日井市鳥居松町3−11 1階ゲームコーナー
カプコサーカス新潟東店,新潟県新潟市東区大形本町3−1−2 ジャスコシティ新潟東
キッズサーカス五福店,富山県富山市五福1143-1
キッズサーカス奈良柏木店,奈良県奈良市柏木町456−1
キャッツアイミュンヘン大橋店,北海道札幌市豊平区平岸1条23丁目801−1
キャッツアイ八千代店,千葉県八千代市緑が丘西2丁目13番地3 ism緑ヶ丘内
キャッツアイ宮の沢店,北海道札幌市手稲区西宮の沢5条2丁目11−15
キャッツアイ恵庭店,北海道恵庭市住吉町2丁目9−1
キャッツアイ新川店,北海道札幌市北区新川二条7丁目1ー7
キャッツアイ新札幌店,北海道札幌市厚別区厚別東五条1ー2−10
キャッツアイ東苗穂店,北海道札幌市東区東苗穂6条2丁目1−25
キャッツアイ清田店,北海道札幌市清田区清田1条1−20−1
キャッツアイ篠路店,北海道札幌市北区篠路1条4丁目6ー30
キャッツアイ苫小牧駅前店,北海道苫小牧市木場町1丁目3番地2
キャッツアイ静内店,北海道日高郡新ひだか町静内木場町2丁目1−41
キャロム坂戸店,埼玉県坂戸市関間2-151-1
キャロム所沢店,埼玉県所沢市下安松969-1
キャロム青梅店,東京都青梅市千ケ瀬町4-326-1
ギガステーション戸田店,埼玉県戸田市大字美女木943-7
ゲーム キングジョイ,愛知県名古屋市中区栄3-3-32
ゲーム アルカナ,愛知県稲沢市朝府町2−33
ゲームアイビス太子店,兵庫県揖保郡太子町太田2149
ゲームインファンファン藤沢店,神奈川県藤沢市鵠沼石上1−3−8
ゲームコスモ金沢文庫店,神奈川県横浜市金沢区谷津町344
ゲームコスモ鶴見店,神奈川県横浜市鶴見区豊岡町17−4
ゲームコーナー東部,宮城県仙台市若林区六丁の目中町26-60 斎喜東部ビル2F
ゲームサファリ大山,東京都板橋区大山東町60-10やすだ大山駅前店2F
ゲームシティ川口店,埼玉県川口市栄町1-10-5
ゲームスタジオキューブ高円寺店,東京都杉並区高円寺南4-26-12-B1
ゲームスポットアップル,富山県魚津市吉島二丁目407−1
ゲームスポット207,富山県高岡市鐘紡町1655−3
ゲームセンターテクノポリス,新潟県長岡市要町1-8-50
ゲームセンター電撃ベイサイド,鹿児島県鹿児島市浜町2-2
ゲームセンターWILL WGC,東京都立川市羽衣町2−4−13羽衣長田ビル101WGC
ゲームチャオ松阪店,三重県松阪市船江町780
ゲームディーノ彦根店,滋賀県彦根市西沼波町166
ゲームディーノ阪急茨木店,大阪府茨木市永代町5 ソシオビルB1
ゲームパニックつくば,茨城県土浦市中村東1-1-1サンタスワールド内
ゲームパニック三郷,埼玉県三郷市ピアラシティ1-1-200
ゲームパニック堺,大阪府堺市堺区築港八幡町1番地堺浜ｼｰｻｲﾄﾞｽﾃｰｼﾞ内堺浜ｴﾝﾀﾒ館
ゲームパニック新宿歌舞伎町,東京都新宿区歌舞伎町1-20-1 ﾋｭｰﾏｯｸｽﾊﾟﾋﾞﾘｵﾝ1階2階
ゲームパニック甲府,山梨県甲府市国母5-20-24
ゲームパニック秋葉原,東京都千代田区外神田1-13-1 Akihabara ex
ゲームファクトリーマグマ草加店,埼玉県草加市氷川町2125-1
ゲームファンタジアン岡崎店,愛知県岡崎市錦町2−4
ゲームファンタジアン長久手店,愛知県長久手市武蔵塚705
ゲームファンタジア平塚,神奈川県平塚市紅谷町14−21
ゲームフィールド仙台長町店,宮城県仙台市太白区長町7丁目20番3号ザ・モール仙台長町店3階
ゲームフィールド十文字店,秋田県横手市十文字町仁井田字東22-1スーパーモールラッキー内
ゲームフィールド鷹巣店,秋田県北秋田市栄字前綱76 いとく鷹巣SC内
ゲームフェスタミタマ店,青森県弘前市駅前町5-5
ゲームプラザセントラル八王子店,東京都八王子市東町12-15第5セントラル
ゲームプラザセントラル浦安店,千葉県浦安市北栄1-16-15
ゲームメガつくば店,茨城県つくば市小野崎177−2
ゲームメガみらい平店,茨城県つくばみらい市陽光台1−14−1
ゲームメガ日立店,茨城県日立市東多賀町5-10-10
ゲームラボ サイドセブン,大分県大分市上宗方南1丁目649−1
ゲームランドちはら台店,千葉県市原市ちはら台西3−4unimoちはら台2F
ゲームランドつがる柏店,青森県つがる市柏稲盛幾世41イオンモールつがる柏2F
ゲームランド佐沼店,宮城県登米市南方町新島前46−1イオンタウン佐沼SC
ゲームランド千葉ニュータウン店,千葉県印西市中央北3丁目2番イオンモール千葉NTモール棟3階
ゲームランド岡崎店,愛知県岡崎市戸崎町字外山38−5イオンモール岡崎 シネコン棟
ゲームランド新さっぽろ,北海道札幌市厚別区中央2条5丁目7−3 カテプリさっぽろ3階
ゲームランド津田沼店,千葉県習志野市津田沼1−23−1イオンモール津田沼2F
ゲームランド盛岡店,岩手県盛岡市前潟4−7−1イオンモール盛岡2F
ゲームランド草津店,滋賀県草津市新浜町300番地イオンモール草津3階
ゲームW,東京都豊島区南長崎5-27-6
コミ丸アリババ大垣店,岐阜県大垣市池尻町940−1
コムテックスクウェア,愛知県名古屋市中区金山1-16-8
コムテックタワー,愛知県名古屋市中村区名駅4−10−20
サンアミューズ鹿屋店,鹿児島県鹿屋市札元2丁目3798-1
サンゲームス天文館店,鹿児島県鹿児島市千日町5-6
サンゲームス新宮店,福岡県糟屋郡新宮町美咲3-1-40新宮ドーム1F
サンゲームス熊本インタープラザ,熊本県熊本市東区御領8-4-82
サンゲームス都城北店,宮崎県都城市上川東4-5997-4
サンシャイン,岩手県盛岡市大通2ー7ー21ジュリアンビル1階
サービスエリアIN高岡,富山県高岡市下石瀬857-1
サービスエリアイン入善,富山県下新川郡入善町上野7253-2
サープラ京都あそびタウン,京都府京都市中京区西ノ京栂尾町107
ザ・インドアゲーム,大阪府大阪市旭区中宮5-6-19大阪工大正門前
ザ・サードプラネット多摩センター店,東京都多摩市落合1−41−1マグレブウェスト1階・2階
シルクハット伊勢佐木町,神奈川県横浜市中区伊勢佐木町3—96日活会館3階
シルクハット八王子,東京都八王子市旭町2−5 八王子ツインタワービル3階
シルクハット大船,神奈川県鎌倉市大船1−24 大船駅前ビル1〜3F
シルクハット川口,埼玉県川口市栄町3−1−16イート川口ビル4F
シルクハット川崎ダイス,神奈川県川崎市川崎区駅前本町8番地ダイスビル地下2階
シルクハット本厚木,神奈川県厚木市中町3−4−22第二会田ビル2階
シルクハット横須賀中央,神奈川県横須賀市若松町1−5プライムビル2階
シルクハット津田沼,千葉県習志野市津田沼1−2−1十三ビル地下1階
シルクハット蒲田西口,東京都大田区西蒲田7−2−3第二醍醐ビル地下1階〜2階
シーサイドリゾートアミューズメントパーク,栃木県宇都宮市睦町7−3
ジャンボパンチ希林,福岡県飯塚市秋松947
ジョイプラザ豊岡店,兵庫県豊岡市加広町7−32コープデイズ豊岡内
ジョイランドアミューズ諏訪店,静岡県沼津市大諏訪20−2
ジョイランド中原,神奈川県川崎市中原区上小田中6-19-6
ジーパラ出雲,島根県出雲市渡橋町784−1
スタジオプリモ宇都宮店,栃木県宇都宮市曲師町2-8宇都宮フェスタ1F
スタジオプリモ山形店,山形県山形市城南町1−1−1 霞城セントラル2F
スタジオプリモ本八幡店,千葉県市川市八幡2−15−10パティオ5階
スタジオプリモ水戸店,茨城県水戸市宮町1−2−4マイム1F
スペースV1廿日市店,広島県廿日市市本町4−23
スペースシャトル塩釜口,愛知県名古屋市天白区塩釜口2−414
スポラ九品寺,熊本県熊本市中央区九品寺5丁目10-15
スポラ菊陽,熊本県菊池郡菊陽町津久礼駄飼代2617−2
スポーツウェーブ鉄腕24浜野店,千葉県千葉市中央区浜野町1025-59
スポーツウェーブ鉄腕24稲毛長沼店,千葉県千葉市稲毛区長沼原町697番地
スポーツセンター 21世紀,大阪府堺市南区岩室108-1
スーパーウェーブ静岡,静岡県静岡市清水区鳥坂860
スーパーノバイオン仙台中山,宮城県仙台市泉区南中山1−35−57別館3F
スーパーノバ仙台一番町,宮城県仙台市青葉区一番町4丁目5番13号サンシャインビル1階
スーパーノバ仙台利府,宮城県宮城郡利府町加瀬字新前谷地55−1
スーパーノバ会津インター,福島県会津若松市町北町上荒久田字宮下142
スーパーノバ天童,山形県天童市南町1-5-26
スーパーノバ福島,福島県福島市黒岩字中島7-2
セガワールド葛西,東京都江戸川区東葛西9-3-3イトーヨーカドー3F
セガワールド豊科,長野県安曇野市豊科南穂高1115
セガワールド高山,岐阜県高山市上岡本町7-7
ソニックワールド伊万里店,佐賀県伊万里市二里町八谷搦189−3
ソニックワールド大村店,長崎県大村市古賀島町383−1
ソユーゲームフィールド三川店,山形県東田川郡三川町大字猪子字和田庫128−1イオン三川1F
ソユーゲームフィールド上大岡店,神奈川県横浜市港南区上大岡西1−18−3 ミオカリスト館6階
ソユーゲームフィールド八戸店,青森県八戸市沼館4-7-112八戸ピアドゥB棟2F
ソユーゲームフィールド天童店,山形県天童市芳賀タウン北4−1−1 イオンモール天童2F
ソユーゲームフィールド小名浜店,福島県いわき市小名浜字辰巳町79イオンモールいわき小名浜3F
ソユーゲームフィールド川口店,埼玉県川口市並木元町1−79 アリオ川口3F
ソユーゲームフィールド幕張店,千葉県千葉市花見川区幕張町4−417−25 IY幕張店2F
ソユーゲームフィールド旭川駅前店,北海道旭川市宮下通7−2−5ｲｵﾝﾓｰﾙ旭川駅前4F
ソユーゲームフィールド木更津店,千葉県木更津市築地1−4イオンモール木更津2F
ソユーゲームフィールド泉南店,大阪府泉南市りんくう南浜3番12イオンモールりんくう泉南2F
ソユーゲームフィールド発寒,北海道札幌市西区発寒8条12丁目1 イオン札幌発寒SC3F
ソユーゲームフィールド盛岡南,岩手県盛岡市本宮7-1-1ｲｵﾝﾓｰﾙ盛岡南1F
ソユーゲームフィールド苗穂店,北海道札幌市東区東苗穂2条3-1-1 イオンモール札幌苗穂2F
ソユーゲームフィールド菖蒲店,埼玉県久喜市菖蒲町菖蒲6005番地1 モラージュ菖蒲3F
ソユーゲームフィールド釜石店,岩手県釜石市港町2−1−1イオンタウン釜石店3F
ソユーゲームフィールド長野店,長野県長野市三輪9−43−24イオンタウン長野三輪店
ソユーゲームフィールド青森店,青森県青森市浜田1-14-1イトーヨーカドー青森店2F
ソユースペースファンタジーインフィニ,青森県弘前市城東北3−10−1さくら野百貨店弘前店4F
ソユーファミリーゲームフィールド花巻店,岩手県花巻市高木第16地割68−6 銀河モール1F
ソユーファミリーゲームフィールド防府店,山口県防府市鐘紡町7−1イオンタウン防府1F
ソユーフォレストハンター松前店,愛媛県伊予郡松前町筒井850AM棟1階
ソユープレイランドソピア八王子店,東京都八王子市狭間町1462-1イトーヨーカドー八王子店3F
ソユー竜宮タウン静岡店,静岡県静岡市駿河区石田1-5-1アピタ静岡SC2F
タイト—Fステーション高崎オ—パ店,群馬県高崎市八島町46−1 高崎オ—パ7階
タイトーFステーション向ヶ丘遊園店,神奈川県川崎市多摩区登戸2718-1
タイトーFステーション柏中央,千葉県柏市十余二249−5
タイトーアミュプラザ鹿児島店,鹿児島県鹿児島市中央町1−1アミュプラザ鹿児島5F
タイトーステーション アリオ八尾店,大阪府八尾市光町2−3 イトーヨーカドーアリオ八尾3F
タイトーステーション ファボーレ婦中店,富山県富山市婦中町下轡田165−1フューチャーファボーレ2F
タイトーステーション 上野アメ横店,東京都台東区上野4−10−17
タイトーステーション 仙台クリスロード店,宮城県仙台市青葉区中央2−3−25
タイトーステーション 仙台ベガロポリス店,宮城県仙台市太白区西多賀5−24−1ベガロポリス内
タイトーステーション 千歳店,北海道千歳市北栄2−12−5
タイトーステーション 和光店,埼玉県和光市丸山台1−4−5
タイトーステーション 大宮店,埼玉県さいたま市大宮区大門町1−1
タイトーステーション 宇都宮ベルモール店,栃木県宇都宮市陽東6−2−1ベルモール内2F
タイトーステーション 小田原店,神奈川県小田原市栄町1−3−12
タイトーステーション 所沢店,埼玉県所沢市日吉町3−7
タイトーステーション 柏店,千葉県柏市柏2−3−1フーサワビル
タイトーステーション 池袋西口店,東京都豊島区西池袋1−15−9第一西池ビル
タイトーステーション 渋谷店,東京都渋谷区渋谷1−24−12渋谷東映プラザ
タイトーステーション 町田店,東京都町田市原町田6−21−23 松山ビル1階
タイトーステーション 盛岡マッハランド店,岩手県盛岡市上堂1−2−38マッハランド内
タイトーステーション 秋葉原店,東京都千代田区外神田4−2−2貴三ビル
タイトーステーション 船橋店,千葉県船橋市本町1−6−1
タイトーステーション 藤沢店,神奈川県藤沢市南藤沢21−1
タイトーステーション 金沢店,石川県金沢市片町2−1−7宇都宮片町ビル
タイトーステーション 難波店,大阪府大阪市中央区難波千日前15−12
タイトーステーションフェドラ大須店,愛知県名古屋市中区大須3−30−31
タイトーステーション仙台名掛丁店,宮城県仙台市青葉区中央1−7−13
タイトーステーション国分寺店,東京都国分寺市本町3−5−11
タイトーステーション大阪日本橋店,大阪府大阪市浪速区日本橋4−9−14
タイトーステーション広島本通店,広島県広島市中区本通3−5せらかぐ本通ビル
タイトーステーション広島紙屋町店,広島県広島市中区紙屋町2−2−21
タイトーステーション戸塚西口店,神奈川県横浜市戸塚区戸塚町4023
タイトーステーション摂津富田店,大阪府高槻市大畑町13−1 イオン摂津富田店2階
タイトーステーション新宿東口店,東京都新宿区新宿3−22−7 指田ビル
タイトーステーション新浜松ザザシティ店,静岡県浜松市中区鍛冶町15サザンシティ西館2F
タイトーステーション札幌狸小路2丁目店,北海道札幌市中央区南3条西2丁目−14
タイトーステーション横浜西口五番街店,神奈川県横浜市西区南幸1−12ー9
タイトーステーション海老名ビナウォーク店,神奈川県海老名市中央1−18−1 ビナウォーク6番館2F
タイトーステーション溝の口,神奈川県川崎市高津区溝口1−11−8OKKA634ビル3階
タイトーステーション福岡天神店,福岡県福岡市中央区天神2−6−35サザンクロスビル
タイトーステーション立川北口店,東京都立川市曙町2−4−5クリサス立川2・3F
タイトーステーション豊田GAZA,愛知県豊田市喜多町1−140GAZA3階
タイトーステーション錦糸町楽天地店,東京都墨田区江東橋4−27−14楽天地ビルB1F
タイトーステーションBIGFUN平和島店,東京都大田区平和島1丁目1−1BIGFUN平和島
タイトー小田原シティーモール店,神奈川県小田原市前川120 フレスポ小田原シティーモール2F
タイトー新宿南口ゲームワールド店,東京都新宿区新宿3−35−8
タイトーBIGBOX高田馬場店,東京都新宿区高田馬場1−35−3 BIGBOX6F
タイトーFステーションVAL小山,栃木県小山市城山町3丁目3番地22号小山駅ビル3F
タイトーFステーションゆめタウン別府店,大分県別府市楠町382−7
タイトーFステーションアスピア明石店,兵庫県明石市東仲ノ町6‐1 アスピア明石店南館3階
タイトーFステーションアル・プラザ鯖江店,福井県鯖江市下河端町16−16−1アルプラザ鯖江アミューズ棟内
タイトーFステーションイオン富士宮店,静岡県富士宮市浅間町1−8
タイトーFステーションイオン近江八幡店,滋賀県近江八幡市鷹飼町南3−7 1階
タイトーFステーションオリナス錦糸町店,東京都墨田区太平4-1-2オリナスモール地下1F
タイトーFステーションクレアモール川越店,埼玉県川越市新富町2−1−13
タイトーFステーションセントポルタ大分店,大分県大分市中央町2−1−1
タイトーFステーションダイエー大宮店,埼玉県さいたま市大宮区桜木町2丁目3番地
タイトーFステーションニシムタ出水店,鹿児島県出水市六月田町347番地
タイトーFステーションマルナカ新倉敷店,岡山県倉敷市玉島爪崎981−1
タイトーFステーションヨークタウン坂東店,茨城県坂東市辺田1104番地1
タイトーFステーション三宮西館店,兵庫県神戸市中央区三宮町2丁目11−1センタープラザ西館
タイトーFステーション上越店,新潟県上越市富岡3524 J-MAXシアター内1F
タイトーFステーション吉祥寺JOY店,東京都武蔵野市吉祥寺本町1丁目8‐23 河田ビル
タイトーFステーション姫路,兵庫県姫路市駅前町269・270番地
タイトーFステーション小山店,栃木県小山市喜沢1475ハーヴェストウォーク内スポーツシネマ棟
タイトーFステーション山口メルクス店,山口県山口市大字黒川82−1ハイパーモールメルクス内
タイトーFステーション市川妙典店,千葉県市川市妙典4-1-1 イオン市川妙典店2番街2F
タイトーFステーション燕三条店,新潟県燕市井土巻3−150イオン県央店アメニティ棟1F
タイトーFステーション静岡,静岡県静岡市葵区呉服町2−5−4 ふしみや第2ビル
タイトーF郡山オリエントパーク店,福島県郡山市安積町荒井字大久保35−1
ダイナソアエイジ,愛知県大府市東新町三丁目88番地
チャリオット五井店,千葉県市原市五井中央西2−1−2
チャリオット辰巳店,千葉県市原市市原500-1
ディノスパーク函館昭和,北海道函館市昭和3丁目24-18ｹﾞｵ函館昭和店 1階
ディノスパーク北見店,北海道北見市西三輪5丁目1番地16号
ディノスパーク室蘭,北海道室蘭市東町4丁目31番2号 1階
ディノスパーク帯広,北海道帯広市白樺16条西2丁目 ﾄﾞﾘｰﾑﾀｳﾝ白樺 1階
ディノスパーク帯広稲田,北海道帯広市稲田町南八線西12番地1 ｽｽﾞﾗﾝﾎﾞｳﾙ 1、2階
ディノスパーク札幌手稲,北海道札幌市手稲区前田1条11丁目 西友手稲店 3階
ディノスパーク苫小牧,北海道苫小牧市柳町3丁目1番20号 ｲｵﾝﾓｰﾙ苫小牧 2階
トップラン,兵庫県神戸市西区岩岡町古郷1474-1
トップラン東大阪店,大阪府東大阪市東鴻池町1−6−30イオンタウン東大阪店2F
トヤマレジャーランド呉羽店,富山県富山市高木字貝塚2054
トライセン中津店,大分県中津市下池永67−3
トライセン萩原,大分県大分市萩原4−227−7
トレジャーサバイバル,山形県山形市北町2−2−45
トレジャー新庄店,山形県新庄市金沢沖1068
ドットコム葛西,東京都江戸川区中葛西3−35−5
ドラマ八王子高倉店,東京都八王子市高倉町55-4
ドラマ港北インター店,神奈川県横浜市都筑区東方町321-6
ドラマ瑞穂店,東京都西多摩郡瑞穂町武蔵382-1
ドラマ藤沢店,神奈川県藤沢市本藤沢5-6-8
ドラマ足利店,栃木県足利市朝倉町244-1
ドリームキャンディ,三重県伊賀市小田町711−1
ドリームファクトリーいわき店,福島県いわき市中央台飯野4-1
ドリームファクトリーアロハ!鹿沼店,栃木県鹿沼市睦町287−1
ドリームファクトリーブイブイ!境町店,茨城県猿島郡境町1327−1MGMパワーセンター内1F
ネオブラボー,山口県防府市高倉1−3−30
ハイテクランドキューデン,東京都足立区西新井栄町2-7-2
ハイパーメッセ,福岡県北九州市小倉南区北方4-6-7
ハローズガーデン新三田店,兵庫県三田市けやき台1−6−4三田ウッディタウンサティ2番街
バイパスレジャーランド加賀店,石川県加賀市箱宮町ヲ1-1
バイパスレジャーランド藤江新館,石川県金沢市藤江南2-105
バザールタウン舞鶴キッズワールド,京都府舞鶴市伊佐津200-5
バンバン衣山店,愛媛県松山市衣山1−248−1
パスカランドはません,熊本県熊本市南区田井島1-2-1ゆめタウンはません3F
パスカランド大川店,福岡県大川市上巻430−1ゆめタウン2F
パスカワールドグリーンランド店,熊本県荒尾市本井手1574−54
パルケ上賀茂店,京都府京都市北区上賀茂西河原1−1
パレパレ稲毛長沼店,千葉県千葉市稲毛区長沼原町731-17フレスポ稲毛A2棟4
ビッグボウル杉戸,埼玉県北葛飾郡杉戸町大字杉戸2338
ビバーチャ,広島県広島市中区南竹屋町10−17
ビーカム成沢店,山形県山形市成沢西5−3−27
ビーカム松森店,宮城県仙台市泉区松森字斎兵衛58−1
ピンクパンサー下妻店,茨城県下妻市小島884-10
ピンクパンサー土浦店,茨城県土浦市木田余4585−3
ピンクパンサー水戸けやき台店,茨城県水戸市酒門町3276-1
ピンクパンサー水戸赤塚店,茨城県水戸市河和田1-1
ファンタジスタ,岡山県倉敷市新倉敷駅前5−194
ファンタジープラザ名古屋,愛知県名古屋市北区玄馬町234−1ﾄﾞﾝｷﾎｰﾃ名古屋本店2階
フォルム武蔵境,東京都武蔵野市境南町2−7−20ダイヤパレス第2 1階
フクイレジャーランドワイプラザ店,福井県福井市新保北1-303 ヤスサキワイプラザB棟2F
フタバ図書アルティランド,広島県広島市西区草津南4−7−1 アルパーク北棟2F
フタバ図書GIGA春日店,福岡県春日市昇町8-1-1
フレスパランドカッタの湯,山口県宇部市海南町1675
ブラックジャックアクア店,広島県広島市安佐南区大町東4−12−11
ブラックジャック東広島店,広島県東広島市西条町御薗宇6120
プラサカプコン京都店,京都府京都市右京区西院追分町25−1イオンモール京都五条3F
プラサカプコン吉祥寺店,東京都武蔵野市吉祥寺本町1−10−1いなりやビル地下1階
プラサカプコン大分店,大分県大分市公園通り西2−1パークプレイス大分2F
プラサカプコン大曲店,秋田県大仙市和合字坪立177イオン大曲SC2F
プラサカプコン富津店,千葉県富津市青木1-5-1イオンモール富津内ゲームコーナー
プラサカプコン広島店,広島県広島市佐伯区石内東4丁目1−1ジアウトレット広島
プラサカプコン徳重店,愛知県名古屋市緑区元徳重1丁目505ビルズウォーク徳重2階
プラサカプコン志都呂店,静岡県浜松市西区志都呂町二丁目37番1号 ｲｵﾝﾓｰﾙ浜松志都呂3F
プラサカプコン成田店,千葉県成田市ウイング土屋24イオン成田SC2F
プラサカプコン新居浜店,愛媛県新居浜市前田町8−8イオンモール新居浜2F
プラサカプコン横須賀店,神奈川県横須賀市若松町2-30モアーズシティ4F
プラサカプコン甲府店,山梨県中巨摩郡昭和町西条字北河原3717
プラサカプコン直方店,福岡県直方市湯野原2−1−1イオンモール直方2F
プラサカプコン石巻店,宮城県石巻市茜平4丁目104番地 ｲｵﾝ石巻ｼｮｯﾋﾟﾝｸﾞｾﾝﾀｰ2F
プラサカプコン稲沢店,愛知県稲沢市長野7丁目1−2リーフウォーク稲沢2F
プラサカプコン羽生店,埼玉県羽生市川崎2−281−3イオンモール羽生2階
プラサカプコン藤井寺,大阪府藤井寺市岡2丁目10番11号イオン藤井寺SC2F
プラサカプコン高知,高知県高知市秦南町1−4−8イオンモール高知3F
プリモピア鴻巣店,埼玉県鴻巣市北新宿225−1ウニクス鴻巣1階
プレイステーションネーブル西宮店,兵庫県西宮市両度町6-10
プレイゾーン バンブー,新潟県南魚沼市竹俣60ー5
プレイドーム松山,愛媛県松山市余戸南4丁目9−40
プレイハウス エリナ,新潟県新潟市西蒲区津雲田640
プレイランドキング円町店,京都府京都市中京区西ノ京西円町40
プレイランドソピアいとくアクロス能代店,秋田県能代市字寺向70いとくアクロス能代店内
プレイランド大和鶴間,神奈川県大和市下鶴間1−3−1イトーヨーカドー大和鶴間店3F
プレイランド川崎,神奈川県川崎市川崎区小田栄2-2-1-3F
プレビ アリオ橋本店,神奈川県相模原市緑区大山町1−22アリオ橋本店内2階
プレビ トナリエ四日市,三重県四日市市安島1−3−31トナリエ5階
ベガジオ美しが丘店,北海道札幌市清田区美しが丘1条 7−6−10
ベネクス川崎,神奈川県川崎市川崎区鋼管通り4−8−3
ベネクス川越店,埼玉県川越市大仙波340-1
ベネクス平塚店,神奈川県平塚市四之宮6−10−27
ペップ魚町,福岡県北九州市小倉北区魚町2−4−20
ポート24八事店,愛知県名古屋市昭和区広路町北石坂102番地4
マキシム・ヒーロー,北海道札幌市北区北六条西6丁目1-2
マックスプラザ善通寺,香川県善通寺市中村町1798−2
マトリクス前橋,群馬県前橋市小相木町558−1
ミラクルイン中村橋,東京都練馬区貫井1−1−2YKビル2F
ムトス相模原店,神奈川県相模原市中央区中央2−1−5
ムー大陸西尾シャオ店,愛知県西尾市下町御城下23−1シャオ2F
メジャーロード24,新潟県見附市今町4-20-568-1
メジャーロード黒埼,新潟県新潟市西区山田3303番地(3302番地)
モンキートリック,大阪府寝屋川市香里南之町32-5 YNレジデンス香里2F
ユーズランド下田店,青森県上北郡おいらせ町中野平40−1イオンモール下田1F
ユーズランド和歌山店,和歌山県和歌山市中字楠谷573イオンモール和歌山2F
ユーズランド太田店,群馬県太田市石原町81番地イオンモール太田2F
ユーズランド日の出店,東京都西多摩郡日の出町大字平井237-3イオンモール日の出3F
ユーズランド春日部店,埼玉県春日部市下柳420−1イオンモール春日部2F
ユーズランド東浦店,愛知県知多郡東浦町緒川旭13−2イオンモール東浦2F
ユーズランド水戸内原店,茨城県水戸市内原2−1イオンモール水戸内原2F
ユーズランド越谷店,埼玉県越谷市レイクタウン4-2-2イオンレイクタウンKAZE3F
ユーズランド高岡店,富山県高岡市下伏間江383イオンモール高岡2F
ユーズランド高崎店,群馬県高崎市棟高町1400番地イオンモール高崎2F
ラウンドワンさいたま・上里店,埼玉県児玉郡上里町大字金久保394−1
ラウンドワンさいたま・栗橋店,埼玉県久喜市小右衛門192−1
ラウンドワンさいたま・鴻巣店,埼玉県鴻巣市箕田3163−7
ラウンドワンみえ川越インターチェンジ店,三重県三重郡川越町南福崎851−1
ラウンドワンららぽーと和泉店,大阪府和泉市あゆみ野4−4−7 4階 42100番
ラウンドワンららぽーと新三郷店,埼玉県三郷市新三郷ららシティ3-1-1ららぽーと新三郷2F20000番
ラウンドワンららぽーと湘南平塚店,神奈川県平塚市天沼10−13階 33280番
ラウンドワンわらび店,埼玉県蕨市北町5−1−6
ラウンドワンアリオ柏店,千葉県柏市大島田1丁目6番地1セブンパークアリオ柏 1070
ラウンドワンイーアス春日井店,愛知県春日井市六軒屋町東丘22テナント区画番号3010
ラウンドワンダイバーシティ東京プラザ店,東京都江東区青海1-1-10ダイバーシティ東京プラザ6階61000
ラウンドワンモレラ岐阜店,岐阜県本巣市三橋1100
ラウンドワン三宮駅前店,兵庫県神戸市中央区小野柄通6-1-17
ラウンドワン上尾店,埼玉県上尾市大字平塚917−1
ラウンドワン中川1号線店,愛知県名古屋市中川区法蔵町2−23
ラウンドワン京都伏見店,京都府京都市伏見区下鳥羽平塚町131
ラウンドワン京都河原町店,京都府京都市中京区河原町通三条下ル山崎町250
ラウンドワン仙台苦竹店,宮城県仙台市宮城野区苦竹1−7−10
ラウンドワン伊丹店,兵庫県伊丹市昆陽7丁目29
ラウンドワン佐賀店,佐賀県佐賀市兵庫北4−2−1
ラウンドワン入間店,埼玉県入間市小谷田3−7−25
ラウンドワン函館店,北海道函館市西桔梗町848−11
ラウンドワン前橋店,群馬県前橋市天川大島町1101−1
ラウンドワン加古川店,兵庫県加古川市尾上町安田325番6号
ラウンドワン千日前店,大阪府大阪市中央区難波1−3−1
ラウンドワン千種店,愛知県名古屋市千種区新栄3-20-17タイホウ千種駅前南ビル8階
ラウンドワン半田店,愛知県半田市瑞穂町6−7−8
ラウンドワン南砂店,東京都江東区南砂6−7−15トピレックプラザ4F
ラウンドワン博多半道橋店,福岡県福岡市博多区半道橋2−2−8
ラウンドワン吉祥寺店,東京都武蔵野市吉祥寺本町1-11-22
ラウンドワン名古屋西春店,愛知県北名古屋市宇福寺神明15
ラウンドワン和歌山店,和歌山県和歌山市小雑賀739−3
ラウンドワン城東放出店,大阪府大阪市城東区今福南3-4-38
ラウンドワン堺中央環状店,大阪府堺市東区石原町2−241
ラウンドワン堺駅前店,大阪府堺市堺区戎島町4-44-3
ラウンドワン大分店,大分県大分市萩原2−13−17
ラウンドワン大宮店,埼玉県さいたま市大宮区宮町4−90−7
ラウンドワン大野城店,福岡県大野城市御笠川1−18−16
ラウンドワン奈良・ミナーラ店,奈良県奈良市二条大路南1−3−1ミ・ナーラ5階
ラウンドワン姫路飾磨店,兵庫県姫路市飾磨区中島1−254
ラウンドワン宇都宮店,栃木県宇都宮市江曽島町2072−1
ラウンドワン守口店,大阪府守口市佐太東町2−6−14ジャガーグリーン2F
ラウンドワン宮崎店,宮崎県宮崎市中村東3−4−60
ラウンドワン富士店,静岡県富士市八代町4−15
ラウンドワン小倉店,福岡県北九州市小倉北区西港町15-65
ラウンドワン山梨・石和店,山梨県笛吹市石和町広瀬737−1
ラウンドワン岡山妹尾店,岡山県岡山市南区妹尾3413−1
ラウンドワン岸和田店,大阪府岸和田市八阪町2−11−1
ラウンドワン川崎大師店,神奈川県川崎市川崎区殿町1−5−1
ラウンドワン市原店,千葉県市原市八幡北町3−5−1
ラウンドワン市川鬼高店,千葉県市川市鬼高4−1−3
ラウンドワン広島店,広島県広島市中区立町3−11
ラウンドワン府中本町駅前,東京都府中市本町1−13−3カネタビル
ラウンドワン徳島・万代店,徳島県徳島市万代町4−19−1
ラウンドワン所沢店,埼玉県所沢市東町5丁目22 6階
ラウンドワン新潟店,新潟県新潟市中央区美咲町2−1−38
ラウンドワン旭川店,北海道旭川市永山三条1−4−7
ラウンドワン朝霞店,埼玉県朝霞市膝折町2−16−10
ラウンドワン札幌すすきの店,北海道札幌市中央区南五条西3-6-1
ラウンドワン札幌北21条店,北海道札幌市東区北二十一条東1−1−21
ラウンドワン札幌白石本通店,北海道札幌市白石区本通16丁目北1−50
ラウンドワン東大阪店,大阪府東大阪市若江南町1−2−12
ラウンドワン東淀川店,大阪府大阪市東淀川区菅原7−14−28
ラウンドワン松山店,愛媛県松山市東長戸1−3−10
ラウンドワン板橋店,東京都板橋区相生町16−13
ラウンドワン枚方店,大阪府枚方市高野道1−20−20
ラウンドワン梅田店,大阪府大阪市北区小松原町4−16
ラウンドワン横浜綱島店,神奈川県横浜市港北区樽町2−6−40T-PLATZ内
ラウンドワン横浜駅西口店,神奈川県横浜市西区南幸2−8−16
ラウンドワン武蔵村山店,東京都武蔵村山市伊奈平3−1−1
ラウンドワン池袋店,東京都豊島区東池袋1−14−1
ラウンドワン沖縄・南風原店,沖縄県島尻郡南風原町字兼城552番地
ラウンドワン沖縄・宜野湾店,沖縄県宜野湾市真志喜3−28−8
ラウンドワン津・高茶屋店,三重県津市高茶屋小森町277−8
ラウンドワン浜大津アーカス店,滋賀県大津市浜町2−1浜大津アーカス内
ラウンドワン浜松店,静岡県浜松市東区天王町諏訪1981−17
ラウンドワン熊本店,熊本県熊本市西区春日7-25-15
ラウンドワン町田店,東京都町田市森野1−13−14
ラウンドワン盛岡店,岩手県盛岡市盛岡駅西通2−10−35
ラウンドワン福山店,広島県福山市明神町1−9−28
ラウンドワン福岡天神店,福岡県福岡市中央区天神2−6−12
ラウンドワン福島店,福島県福島市太田町14-18
ラウンドワン秋田店,秋田県秋田市卸町1−1−2
ラウンドワン習志野店,千葉県習志野市芝園1−4−5
ラウンドワン草加店,埼玉県草加市谷塚上町204番1
ラウンドワン豊中店,大阪府豊中市名神口1−1−1
ラウンドワン豊橋店,愛知県豊橋市大岩町字岩田27−2
ラウンドワン郡山店,福島県郡山市向河原町4−55
ラウンドワン金沢店,石川県金沢市横川6-120-1
ラウンドワン長野店,長野県長野市大字東和田827番地6
ラウンドワン青森店,青森県青森市浜田3−1−1
ラウンドワン静岡・駿河店,静岡県静岡市駿河区手越75
ラウンドワン高松店,香川県高松市松島町2−7−43
ラウンドワン高槻店,大阪府高槻市辻子3−6−4
ラウンドワン高津店,神奈川県川崎市高津区二子4−8−1
ラウンドワン高知店,高知県高知市南宝永町4−12
ラウンドワン鳴海店,愛知県名古屋市緑区鳴海町杜若28
ラウンドワン鹿児島宇宿店,鹿児島県鹿児島市宇宿2-2-2
ラウンドワンJR尼崎駅前店,兵庫県尼崎市潮江1−4−5プラストいきいき館4階
ラッキーバッティングドーム八千代店,千葉県八千代市大和田新田1088
ラッキー中央店・フェリシダ,千葉県千葉市中央区富士見2-8-1
ラッキー佐倉店,千葉県佐倉市井野1475
上越レジャーランボウル,新潟県上越市下門前薬島827-2
佐原ミナミボウル,千葉県香取市佐原イ-4200
千葉レジャーランド成東店,千葉県山武市姫島111-1
千葉レジャーランド稲毛店,千葉県千葉市稲毛区小仲台2-5-7海宝ビル2F
千葉レジャーランド野田店,千葉県野田市吉春776-1
半田メトロポリス,愛知県半田市旭町3−11−1
名古屋レジャーランド内田橋店,愛知県名古屋市南区内田橋2-26-22
名古屋レジャーランド大高店,愛知県名古屋市緑区忠治山201番地
埼玉レジャーランド大宮ラクーン店,埼玉県さいたま市大宮区宮町1-60 RAKUUN5階
埼玉レジャーランド春日部店,埼玉県春日部市大字増富字谷際163-1
大垣メトロポリス,岐阜県大垣市三塚町西沼523−1
安城メトロポリス,愛知県安城市浜富町6−8
宝島 桐生店,群馬県桐生市永楽町5−10MEGAドン・キホーテ桐生店3F
宝島 浦和美園店,埼玉県さいたま市緑区美園5−50−1イオンモール浦和美園2F
宝島岸和田店,大阪府岸和田市春木若松町21-1ラパーク岸和田店2F
小倉メトロポリス,福岡県北九州市小倉北区西港町27−5
小牧メトロポリス,愛知県小牧市村中新町33
岐阜レジャーランド穂積店,岐阜県瑞穂市稲里630番地
嶺宝スポーツセンター,福島県いわき市小名浜住吉折返2−2
新宿スポーツランド本館,東京都新宿区新宿3-22-12
星狩物語岸和田店,大阪府岸和田市作才町1-3-2
最後の5ドル,福岡県糟屋郡粕屋町大字仲原2706仲原ファミリープラザ2F
本八幡ゲームUNO,千葉県市川市八幡2丁目16ー6八幡ハタビルB1F
東京レジャーランド亀有店,東京都葛飾区亀有3-21-2
東京レジャーランド吉祥寺店,東京都武蔵野市吉祥寺本町1-3-7 YSビル地下1階〜4階
東京レジャーランド池袋店,東京都豊島区東池袋1丁目1番29号 サントロペ池袋2階3階
東京レジャーランド秋葉原1号店,東京都千代田区外神田1-9-5
東京レジャーランド秋葉原2号店,東京都千代田区外神田4-3-3ミナミビル6F・7F
東十条ゲームリボン,東京都北区東十条4-4-23
柏ガリバー,千葉県柏市柏1−1−11ファミリかしわ地下
楽市楽座 イオンモール大和郡山店,奈良県大和郡山市下三橋町741-333イオンモール大和郡山店
楽市楽座くりえいと宗像,福岡県宗像市くりえいと1−4−4
楽市楽座イオンモール京都桂川店,京都府京都市南区久世高田町376-1イオンモール京都桂川店3階
楽市楽座イオンモール名古屋茶屋店,愛知県名古屋市港区西茶屋2−11イオンモール名古屋茶屋3階
楽市楽座イオンモール四條畷店,大阪府四條畷市砂4-3-2イオンモール四條畷店3F
楽市楽座イオンモール土浦店,茨城県土浦市上高津367イオンモール土浦SC3階
楽市楽座イオンモール大阪ドーム店,大阪府大阪市西区千代崎3−13−1
楽市楽座イオンモール宮崎店,宮崎県宮崎市新別府町江口862−1イオンモール宮崎店2F
楽市楽座イオンモール川口前川店,埼玉県川口市前川1-1-11イオンモール川口前川店3F
楽市楽座イオンモール扶桑店,愛知県丹羽郡扶桑町南山名高塚5番地イオンモール扶桑2階
楽市楽座イオンモール新小松店,石川県小松市清六町315イオンモール新小松店2F
楽市楽座イオンモール東員店,三重県員弁郡東員町大字長深字築田510−1
楽市楽座イオンモール松本店,長野県松本市中央四丁目9番51号
楽市楽座イオンモール沖縄ライカム店,沖縄県中頭郡北中城村字沖縄ﾗｲｶﾑ1ｲｵﾝﾓｰﾙ沖縄ﾗｲｶﾑ4階
楽市楽座イオンモール甲府店,山梨県中巨摩郡昭和町飯喰1505−1イオンモール2011
楽市楽座イオンモール神戸北店,兵庫県神戸市北区上津台8−1−1
楽市楽座イオンモール福岡伊都店,福岡県福岡市西区北原1-3-1イオンモール福岡伊都SC別館
楽市楽座イオンモール福津店,福岡県福津市日蒔野6−16−1 イオンモール福津店3F
楽市楽座イオンモール筑紫野店,福岡県筑紫野市立明寺434−1イオンモール筑紫野店3階
楽市楽座イオンモール都城駅前店,宮崎県都城市栄町4672−5ｲｵﾝﾓｰﾙ都城駅前店2階
楽市楽座サンストリート浜北店,静岡県浜松市浜北区平口2861サンストリート浜北
楽市楽座広島店,広島県広島市南区段原南1−3−52広島段原SC7階7001
楽市楽座湘南藤沢店,神奈川県藤沢市辻堂新町4-3-5ﾐｽﾀｰﾏｯｸｽ湘南藤沢SC2F
楽市楽座砂津店,福岡県北九州市小倉北区砂津3-1-1チャチャタウン小倉B棟3F
楽市楽座行橋店,福岡県行橋市西泉6−1−1
楽市楽座黒崎店,福岡県北九州市八幡西区桜ヶ丘町1−3フレスポ黒崎2階
楽市街道 名古屋店,愛知県北名古屋市中之郷新明45−1
楽市街道くるめ店,福岡県久留米市新合川2-7-10久留米アミューズメントビル内
楽市街道箱崎店,福岡県福岡市東区箱崎5丁目1番8号
沼津バッティングスタジアム,静岡県沼津市岡一色19−2
滋賀レジャーランド大津店,滋賀県大津市におの浜3−1−43 イオンタウンアヤハプラザ内
社スポーツレーン,兵庫県加東市社1189-1
神奈川レジャーランド厚木店,神奈川県厚木市戸室5-31-1
福井レジャーランド板垣店,福井県福井市下馬3−102
群馬レジャーランド伊勢崎店,群馬県伊勢崎市連取町3066-1
群馬レジャーランド太田店,群馬県太田市西矢島町162-2
群馬レジャーランド渋川店,群馬県渋川市八木原1364
群馬レジャーランド藤岡店,群馬県藤岡市中2002-1
群馬レジャーランド高崎駅東口店,群馬県高崎市江木町333−1高崎EXビル
西友川西ゲームパーク,兵庫県川西市栄町16−8
豊川メトロポリス,愛知県豊川市下長山町上アライ14−1
遊道楽嘉瀬店,佐賀県佐賀市嘉瀬町中原2488−1
遊道楽新合川店,福岡県久留米市新合川1丁目6-7
遊道楽時津店,長崎県西彼杵郡時津町元村郷863−10
A.C.グランド,岐阜県岐阜市茜部大川1-77
ADXマミー岡崎店,愛知県岡崎市井田新町6−1
ADXマミー春日井R155出川店,愛知県春日井市不二ヶ丘1丁目5番地
AMジャムジャムつくば店,茨城県つくば市竹園1—9−2デイズタウンつくば地下1F
AMジャムジャムひたちなか本店,茨城県ひたちなか市田中後40−2
AMジャムジャム神栖店,茨城県神栖市神栖1ー8−1
AmusementcityG−STA,鹿児島県薩摩川内市向田本町49番
BIGBANG函館,北海道函館市梁川町9−3テキサスビル3F
BIGBANG北見店,北海道北見市中央三輪7丁目446−1
BIGBANG室蘭,北海道室蘭市中島本町2−8−1
BIGBANG釧路,北海道釧路郡釧路町木場2−1
BINGO一関,岩手県一関市山目字中野92−1
FASボウリングセンター,佐賀県唐津市栄町2581−1FASボウリングセンター
G−STAGE七隈店,福岡県福岡市城南区七隈8−4−8
G−STAGE小倉,福岡県北九州市小倉北区浅野2-14-5あるあるCITY2階
G−STAGE飯塚店,福岡県飯塚市枝国680−2
G−palaあべの,大阪府大阪市阿倍野区阿倍野筋3−10−1あべのベルタ2F
G−pala小倉,福岡県北九州市小倉南区上葛原1−14−1
G−pala日田,大分県日田市友田997-1
G−pala時津,長崎県西彼杵郡時津町野田郷59号
G−pala花北店,兵庫県姫路市増位新町1−6 2F
G3ポロスイオンタウン北上店,岩手県北上市里分四地割20番地1
GAME PADDOCK+1,茨城県古河市小堤1916−1
GAME SQUARE茂原店,千葉県茂原市六ツ野八貫野2785−1ライフガーデン茂原内
GAMEBANK仙台泉店,宮城県仙台市泉区大沢2−5−4
GameField千城台店,千葉県千葉市若葉区千城台北3丁目21−1イコアス千城台3F
GiGOあべのアポロ3階,大阪府大阪市阿倍野区阿倍野筋1−5−31アポロビル3F
GiGOあべのアポロ4階,大阪府大阪市阿倍野区阿倍野筋1ー5ー31アポロビル4F
GiGOあまがさきキューズモール,兵庫県尼崎市潮江1−3−1あまがさきキューズモール内4F
GiGOつかしん,兵庫県尼崎市塚口本町4−8−1つかしん内
GiGOみらい長崎ココウォーク,長崎県長崎市茂里町1−55みらい長崎ココウォーク5F
GiGOアクアウォーク大垣,岐阜県大垣市林町6ー80ー21アクアウォーク大垣2F
GiGOアドバンスモール松阪,三重県松阪市田村町235−1
GiGOアミュプラザくまもと,熊本県熊本市西区春日三丁目15番26号6F 618区画
GiGOアミュプラザみやざき,宮崎県宮崎市老松2丁目2番22号アミュプラザみやざき うみ館
GiGOアルプラザ金沢,石川県金沢市諸江町30−1
GiGOイオンスタイル新浦安,千葉県浦安市入船1−4−1イオンスタイル新浦安4F
GiGOイオンタウン刈谷,愛知県刈谷市東境町京和1
GiGOイオンタウン名西,愛知県名古屋市西区香呑町6−49−1イオンタウン名西2F
GiGOイオンタウン小郡,山口県山口市小郡前田町3−6イオンタウン小郡内
GiGOイオンタウン金沢示野,石川県金沢市戸板西2−1
GiGOイオンモールむさし村山,東京都武蔵村山市榎1−1−3−2059
GiGOイオンモール与野,埼玉県さいたま市中央区本町西5ー2−9イオンモール与野3F
GiGOイオンモール岡山,岡山県岡山市北区下石井1−2−1イオンモール岡山6F
GiGOイオンモール木曽川,愛知県一宮市木曽川町黒田八ヶ池25−1イオンモール木曽川3F
GiGOイオンモール銚子,千葉県銚子市三崎町2−2660−1イオンモール銚子2F
GiGOイオンモール高岡,富山県高岡市下伏間383 イオンモール高岡2F2001A区画
GiGOイオンモール高松,香川県高松市香西本町1-1 イオンモール高松2F 227-2
GiGOイト—ヨーカドー古淵,神奈川県相模原市南区古淵3−13−33イトーヨーカドー3F
GiGOエイスクエア草津,滋賀県草津市西渋川1−23−23エイスクエアSARA南館2階
GiGOギャラリエアピタ知立,愛知県知立市長篠町大山18−1ギャラリエアピタ1F
GiGOコロワ甲子園,兵庫県西宮市甲子園高潮町3−3Crowa甲子園3F
GiGOサンスパおおむら,長崎県大村市森園町663−3
GiGOサントムーン柿田川,静岡県駿東郡清水町玉川61−2サントムーン柿田川2F
GiGOスエヒロボウル徳島,徳島県徳島市南末広町4−95−2
GiGOスマーク伊勢崎,群馬県伊勢崎市小保方町368番地スマーク伊勢崎3F北−302
GiGOセンター南,神奈川県横浜市都筑区茅ヶ崎中央3−25
GiGOダイナシティ小田原,神奈川県小田原市中里296−1ダイナシティイーストモール3F
GiGOビバモール寝屋川,大阪府寝屋川市寝屋南2−22−2ビバモール寝屋川モール棟2F
GiGOフェスティバルウォーク蘇我,千葉県千葉市中央区川崎町51−1ハーバーシティ蘇我FW 1F
GiGOフェニックスプラザ摩耶,兵庫県神戸市灘区味泥町6−1フェニックスプラザ1F
GiGOフジグラン高知,高知県高知市朝倉東町52−15フジグラン高知3F
GiGOプライムツリー赤池,愛知県日進市赤池町箕ノ手1番
GiGOベイドリーム清水,静岡県静岡市清水区駒越北8−1ベイドリーム清水2F
GiGOマリエとやま,富山県富山市桜町1丁目1番61号マリエとやま4F
GiGOマーケットスクエアささしま,愛知県名古屋市中村区平池町4丁目60番地14号
GiGOマーゴ関,岐阜県関市倉知516
GiGO上田,長野県上田市大字上田1847−1
GiGO中津,大分県中津市沖代町1−2−16
GiGO中筋,広島県広島市安佐南区中筋4−11−7
GiGO中間,福岡県中間市上蓮花寺3−1−1
GiGO丸亀,香川県丸亀市蓬莱町56−1
GiGO久居,三重県津市久居明神町字風早2534−1
GiGO今福,大阪府大阪市城東区今福東1−9−34
GiGO仙台,宮城県仙台市青葉区中央2−5−5三経60ビル
GiGO仙台コロナワールド,宮城県仙台市宮城野区福室字田中前1番53−1
GiGO伊勢,三重県伊勢市中須町666
GiGO佐沼,宮城県登米市迫町佐沼字中江2−5−8
GiGO倉敷,岡山県倉敷市西中新田535−2
GiGO入間,埼玉県入間市東藤沢2−18
GiGO八戸,青森県八戸市城下4−25−14
GiGO八柱,千葉県松戸市日暮1−1−1八柱駅第2ビル2F
GiGO別府,大分県別府市餅ヶ浜町161−2
GiGO勿来,福島県いわき市勿来町四沢字鍵田13
GiGO北山形,山形県山形市北町1−3−20
GiGO北谷,沖縄県中頭郡北谷町美浜9−8
GiGO千葉,千葉県千葉市中央区富士見2−4−1
GiGO南町田GBPシアター,東京都町田市鶴間3−4−1ワンダーシアター1階H103区画
GiGO南越谷ラクーン,埼玉県越谷市南越谷1丁目15番1号南越谷ラクーン2F
GiGO名取,宮城県名取市飯野坂字土城堀57−1
GiGO名張,三重県名張市希央台3番地15
GiGO和泉,大阪府和泉市肥子町2−4−41
GiGO大森,東京都大田区山王2−1−5大森駅ララビル2F
GiGO大阪第4ビル,大阪府大阪市北区梅田1−11−4駅前第4ビルB1F
GiGO太田,群馬県太田市西矢島町575−1
GiGO姫路駅前,兵庫県姫路市駅前町254姫路OSビルB1F
GiGO宇都宮,栃木県宇都宮市東宿郷5−1−7
GiGO安城,愛知県安城市百石町2−35−13
GiGO小名浜,福島県いわき市小名浜林城字塚前18−1
GiGO小山,栃木県小山市東城南1−1−18
GiGO尾西,愛知県一宮市篭屋3−9−7アソビックスびさい1F
GiGO尾道,広島県尾道市新浜1−2−13
GiGO岡山藤崎,岡山県岡山市中区藤崎599−12
GiGO岡崎,愛知県岡崎市上地3−50−4
GiGO岡谷,長野県岡谷市塚間町2−1−21
GiGO川口,埼玉県川口市東領家2−2−10
GiGO布施,大阪府東大阪市長堂1−1−1ロンモール布施内
GiGO幕張,千葉県千葉市美浜区ひび野1−8メッセ・アミューズ・モール1F
GiGO広,広島県呉市広中町1−9
GiGO広島本通,広島県広島市中区本通9−30ランドマークビル1F
GiGO庄内,山形県東田川郡三川町猪字大堰端326番地6
GiGO府中,東京都府中市西原町1−6−2フレスポ府中1F・2F
GiGO延岡,宮崎県延岡市平原町5−1492−8
GiGO弘前,青森県弘前市末広1−3−3
GiGO我孫子,千葉県我孫子市柴崎字天王谷47−1
GiGO所沢,埼玉県所沢市日吉町8−1
GiGO掛川,静岡県掛川市細田248
GiGO新三国アルゴ7,大阪府豊中市神州町1−15
GiGO新宿歌舞伎町,東京都新宿区歌舞伎町1−21ー1第二東亜会館1階・2階
GiGO新宿西口,東京都新宿区西新宿1−12−5B1F・1F
GiGO新居浜,愛媛県新居浜市徳常町6−8
GiGO新杉田,神奈川県横浜市磯子区杉田1−1−1らびすた新杉田2F
GiGO日光,栃木県日光市芹沼1448−1
GiGO日和田,福島県郡山市日和田町字西中島7−1
GiGO日立,茨城県日立市田尻町3−26−1
GiGO旭,千葉県旭市二字野場3150−1
GiGO明石,兵庫県明石市魚住町清水2464−1
GiGO春日井,愛知県春日井市岩野町4180
GiGO本厚木,神奈川県厚木市中町4−15−9
GiGO東名ボール,愛知県瀬戸市西原町2−114
GiGO東大阪,大阪府東大阪市稲田新町3−9−64
GiGO東梅田,大阪府大阪市北区堂山町9-28
GiGO松山,愛媛県松山市枝松5−7−32
GiGO松本,長野県松本市渚1−7−1なぎさライフサイト内
GiGO松江,島根県松江市嫁島町12−15
GiGO枚方,大阪府枚方市須山町83−1サンシャインプラザ枚方内
GiGO柏,千葉県柏市柏1−1−11丸井デパート内B1F
GiGO桑名,三重県桑名市大仲新田宮前158
GiGO武生,福井県越前市新町3−13−4
GiGO武雄,佐賀県武雄市武雄町富岡12517−1
GiGO水戸,茨城県水戸市宮町1−7−44コムボックス310
GiGO水戸南,茨城県水戸市千波町2017−1
GiGO水沢,岩手県奥州市水沢区佐倉河字鎧田4−1
GiGO池上,東京都大田区池上6−2−3松山ビル2F
GiGO沼田,群馬県沼田市下久屋町1100−1
GiGO海田,広島県安芸郡海田町南大正町3−35
GiGO海老名,神奈川県海老名市中央一丁目4番31号海老名プラザビル1階
GiGO渋谷宮益坂,東京都渋谷区渋谷1−14−14EST1階・7階
GiGO生桑,三重県四日市市生桑町字川原崎299−1
GiGO甲西,滋賀県湖南市夏見字二ツ橋356−1
GiGO町田,東京都町田市原町田6−13ー17アーバンミサワビルB1
GiGO白河,福島県白河市新高山1−1 メガステージ白河内
GiGO相模大野,神奈川県相模原市南区相模大野3−13−2東和ビル2F・3F
GiGO石岡,茨城県石岡市東大橋中峯1976−1
GiGO石巻,宮城県石巻市大街道東4−1−45
GiGO神戸umieサウスモール,兵庫県神戸市中央区東川崎町1ー7−2ダイヤニッセイビル4F
GiGO神戸umieモザイク,兵庫県神戸市中央区東川崎1ー6ー1神戸モザイク3F
GiGO神楽坂,東京都新宿区神楽坂2−11第2カグラヒルズ1F
GiGO福井,福井県福井市丸山1−410
GiGO福山,広島県福山市瀬戸町大字山北300
GiGO福岡天神,福岡県福岡市中央区天神2−7−6DADAビル
GiGO福島,福島県福島市本内中井1−2
GiGO福生,東京都福生市福生1076−1
GiGO秋田,秋田県秋田市茨島1−1−16
GiGO秋葉原1号館,東京都千代田区外神田1−10ー9
GiGO秋葉原3号館1,東京都千代田区外神田1−11−11外神田1丁目ビルディング
GiGO稲毛オーツーパーク,千葉県千葉市稲毛区園生町380−1
GiGO立川,東京都立川市柴崎町3−2−1サザンビル1・2F
GiGO竹の塚,東京都足立区竹の塚6−8−6ピーくんPlaza−b
GiGO籠原,埼玉県熊谷市美土里町1−1−169
GiGO米子,鳥取県米子市両三柳2778−2
GiGO米沢,山形県米沢市大字花沢字タナコ原177
GiGO綱島,神奈川県横浜市港北区綱島西2−6−29
GiGO自由が丘,東京都目黒区自由が丘2ー10ー9
GiGO船堀,東京都江戸川区船堀1ー6ー11
GiGO花園,埼玉県深谷市荒川359
GiGO袋井,静岡県袋井市川井1142−1
GiGO西葛西,東京都江戸川区西葛西5−1−14第一保志ビル
GiGO西那須野,栃木県那須塩原市南郷屋2−106−27
GiGO諫早,長崎県諫早市小川町90−1
GiGO豊橋飯村,愛知県豊橋市飯村町字西山25−121
GiGO豊田,愛知県豊田市深田町1−65−1
GiGO赤羽,東京都北区赤羽1−7−9赤羽第一葉山ビルB1
GiGO赤羽駅前,東京都北区赤羽1−2−4
GiGO金山,愛知県名古屋市熱田区金山1−19ー2
GiGO難波アビオン,大阪府大阪市浪速区難波中2−3−15 MMOビルB1F〜3F
GiGO霞ヶ浦,茨城県稲敷市西代1473−1
GiGO静岡,静岡県静岡市葵区七間町4番地
GiGO館林,群馬県館林市小桑原町949−1
GiGO高城,大分県大分市牧1−161−8
GiGO高松,香川県高松市勅使町535
GiGO高田馬場,東京都新宿区高田馬場4−7−5高田馬場グランド東京
GiGO鳥取,鳥取県鳥取市安長416
GiGO龍ケ崎,茨城県龍ケ崎市藤ケ丘4−2−8
GiGOLECT広島,広島県広島市西区扇町2−1−45LECT2F
GiGOMOMOテラス京都伏見,京都府京都市伏見区桃山町山ノ下32京都SCビルAM棟2F
GiGOmozoワンダーシティ,愛知県名古屋市西区二方町40番
Hey,東京都千代田区外神田1−10−5廣瀬本社ビル1階〜4階
JOYLAND敦賀店,福井県敦賀市木崎40号土三田12番
MIRAINOイオンモール土岐店,岐阜県土岐市土岐津町土岐口中山1372番1
MIRAINOイオンモール白山店,石川県白山市横江町5001番地
MIRAINO豊川店,愛知県豊川市白鳥町兎足1丁目16 イオンモール豊川3階
SOYUGAME FIELD湘南店,神奈川県藤沢市辻堂新町4-1-1湘南モールFILL2F
SOYU E−STUDIO須賀川店,福島県須賀川市古河105イオンタウン須賀川B棟内
SOYU GAME FIELD古川店,宮城県大崎市古川沢田字筒場浦15番地イオンタウン古川内
SOYU TOY'S NY 守谷店,茨城県守谷市百合ヶ丘3-249-1 イオンタウン守谷2F
SOYUGameFeild熊谷,埼玉県熊谷市銀座2-245ﾆｯﾄﾓｰﾙ4F
SOYUGameField大館店,秋田県大館市御成町三丁目7番58号いとく大館SC3階
SOYUGameField矢本店,宮城県東松島市小松字上浮足43番地イオンタウン矢本
SOYUGameField能代店,秋田県能代市鰄渕字古屋布1番イオンタウン能代内
SPEED,山口県周南市大字久米3219
THE 3RD PLANET富士,静岡県富士市永田町2−99
VAMP中川店,愛知県名古屋市中川区新家1−2007
YAZ寝屋川店,大阪府寝屋川市石津中町25-26
namcoiiasつくば店,茨城県つくば市研究学園5-19 iiasつくば店2F2190
namcoくずはモール店,大阪府枚方市楠葉花園町10−85KUZUHAMALL南館2F
namcoけやきウォーク前橋,群馬県前橋市文京町2−1−1けやきウォーク前橋2F
namcoゆめタウン久留米店,福岡県久留米市新合川1−2−1ゆめタウン久留米2階
namcoゆめタウン廿日市店,広島県廿日市市下平良2-2-1ゆめタウン廿日市店3F
namcoイオンタウン大館西店,秋田県大館市根下戸新町18-121イオンタウン大館西内
namcoイオンタウン郡山店,福島県郡山市松木町2−88イオンタウン郡山内
namcoイオンモールナゴヤドーム前店,愛知県名古屋市東区矢田南4丁目102-3ｲｵﾝﾓｰﾙﾅｺﾞﾔﾄﾞｰﾑ前SC3F
namcoイオンモール各務原店,岐阜県各務原市那加萱場町3−8イオンモール各務原店2F
namcoイオンモール名取店,宮城県名取市杜せきのした5-3-1イオンモール名取2F
namcoイオンモール大高店,愛知県名古屋市緑区南大高2-450ｲｵﾝ大高3階
namcoイオンモール広島府中,広島県安芸郡府中町大須2-1-1イオンモール広島府中3階
namcoイオンモール鈴鹿,三重県鈴鹿市庄野羽山4−1−2イオンモール鈴鹿2F
namcoイオンモール長久手店,愛知県長久手市勝入塚501 イオンモール長久手3F
namcoイオンモールKYOTO店,京都府京都市南区西九条鳥居口町1ｲｵﾝﾓｰﾙKYOTO SAKURA館4階
namcoイオン具志川店,沖縄県うるま市字前原幸崎原303イオン具志川SC内2F
namcoウイングベイ小樽店,北海道小樽市築港11−5ウィングベイ小樽5番街3階
namcoビバシティ彦根店,滋賀県彦根市竹ケ鼻町43−1ビバシティ彦根2F
namcoフェドラP&D佐野店,栃木県佐野市高萩町1340
namcoモラージュ佐賀店,佐賀県佐賀市巨勢町大字牛島730モラージュ佐賀南館1F
namcoロブレ小山店,栃木県小山市中央町3−7−1 ロブレ小山内4階&5階
namcoワンダーシティ南熊本店,熊本県熊本市中央区九品寺6−9−1
namco中野店,東京都中野区中野5−52−15中野ブロードウェイ別館
namco博多バスターミナル店,福岡県福岡市博多区博多駅中央街2−1博多バスターミナル7階
namco名古屋駅前店,愛知県名古屋市中村区椿町6−6ニッセイ名古屋西ビル別館B1
namco大阪日本橋店,大阪府大阪市浪速区難波中2-1-17コスモビル1〜3階
namco宇都宮店,栃木県宇都宮市簗瀬町1606−1 P&Dビル
namco巣鴨店,東京都豊島区巣鴨1−15−1宮田ビルB2F
namco新潟店,新潟県新潟市中央区南笹口1−1−1 ひもろぎビル2F
namco札幌エスタ店,北海道札幌市中央区北5条西2-1-1札幌エスタ9F
namco松戸店,千葉県松戸市松戸1230−1ピアザ松戸1F
namco梅田店,大阪府大阪市北区小松原町3−3OSビル2F
namco池袋店RED,東京都豊島区東池袋1−22−10 HUMAXパビリオン1F
namco流山おおたかの森S・C店,千葉県流山市おおたかの森南1−5−1おおたかの森S・C3F
namco熊谷店,埼玉県熊谷市銀座2-97CARPA1階
namco王子サンスクエア店,東京都北区王子1−4−1サンスクエア2階
namco秋葉原,東京都千代田区外神田1丁目15番9号
namco豊岡店,兵庫県豊岡市中陰字大工617 3階
namco那覇メインプレイス店,沖縄県那覇市おもろまち4-4-9サンエー那覇メインプレイス2F
namco都筑店,神奈川県横浜市都筑区川和町846−1
youme CIRCUS出雲店,島根県出雲市大塚町650−1ゆめタウン出雲店 東館3F
