店名,場所
ソユーゲームフィールド旭川駅前店,北海道旭川市宮下通７－２－５ｲｵﾝﾓｰﾙ旭川駅前４F
ディノスパーク旭川,北海道旭川市大雪通5丁目496番地5号 1階
ディノスパーク音更,北海道河東郡音更町木野大通西15丁目2番地12ﾋﾞｯｸﾞﾏｰﾄB棟
ＢＩＧＢＡＮＧ釧路,北海道釧路郡釧路町木場２－１
キャッツアイ新札幌店,北海道札幌市厚別区厚別東五条1-1-10
ディノスパーク札幌手稲,北海道札幌市手稲区前田1条11丁目 西友手稲店 3階
キャッツアイ手稲店,北海道札幌市手稲区前田３条１０丁目２－２１
キャッツアイ清田店,北海道札幌市清田区清田１－１－２０－１
ディノスパーク札幌中央,北海道札幌市中央区南3条西1丁目8番地ｽｶﾞｲﾋﾞﾙ1,2地下1階
ディノスパークノルベサ,北海道札幌市中央区南3条西5丁目1番地1号NORBESA 5階
ラウンドワン札幌すすきの店,北海道札幌市中央区南五条西3-6-1
アドアーズ狸小路,北海道札幌市中央区南三条西４－１２－１アルシュビル５・６Ｆ
ラウンドワン札幌北２１条店,北海道札幌市東区北二十一条東１－１－２１
ラウンドワン札幌白石本通店,北海道札幌市白石区本通１６丁目北１－５０
キャッツアイ篠路店,北海道札幌市北区篠路1条4丁目6-30
キャッツアイ新川店,北海道札幌市北区新川二条7丁目1-7
ＢＩＧＢＡＮＧ室蘭,北海道室蘭市中島本町２－８－１
ディノスパーク室蘭,北海道室蘭市東町4丁目31番3号 1階
ディノスパーク帯広,北海道帯広市白樺16条西2丁目 ﾄﾞﾘｰﾑﾀｳﾝ白樺 1階
ディノスパーク苫小牧,北海道苫小牧市柳町3丁目1番20号 ｲｵﾝﾓｰﾙ苫小牧 2階
ラウンドワン函館店,北海道函館市西桔梗町８４８－１１
ＢＩＧＢＡＮＧ函館,北海道函館市梁川町９－３テキサスビル３Ｆ
ディノスパーク北見店,北海道北見市西三輪5丁目1番地16号
ＢＩＧＢＡＮＧ北見店,北海道北見市中央三輪7丁目４４６－１
ソユースペースファンタジーインフィニ,青森県弘前市城東北３－１０－１さくらの弘前店４Ｆ
セガ弘前,青森県弘前市末広1-3-3
ユーズランド下田店,青森県上北郡おいらせ町中野平４０－１イオンモール下田１Ｆ
ラウンドワン青森店,青森県青森市浜田３－１－１
セガ八戸,青森県八戸市城下4-25-14
セガ水沢,岩手県奥州市水沢区佐倉河字鐙田4-1
ラウンドワン盛岡店,岩手県盛岡市盛岡駅西通２－１０－３５
Ｇ３ポロスイオンタウン北上店,岩手県北上市里分四地割２０番地１
スーパーノバ仙台利府,宮城県宮城郡利府町加瀬字新前谷地５５－１
セガワールド石巻,宮城県石巻市大街道東4-1-45
ラウンドワン仙台苦竹店,宮城県仙台市宮城野区苦竹１－７－１０
セガ仙台コロナワールド,宮城県仙台市宮城野区福室字田中前一番53-1
THE 3RD PLANET BiVi仙台店,宮城県仙台市宮城野区榴岡2-1-25
ゲームコーナー東部,宮城県仙台市若林区六丁の目中町26-60 斎喜東部ビル2F
仙台レジャーランド一番町店,宮城県仙台市青葉区一番町4-3-27ガリレア一番町ビル1Ｆ～3Ｆ
タイトーステーション 仙台名掛丁店,宮城県仙台市青葉区中央１－７－１３
タイトーステーション 仙台クリスロード店,宮城県仙台市青葉区中央２－３－２５
ＧＡＭＥＢＡＮＫ仙台泉店,宮城県仙台市泉区大沢２－５－４
セガワールド古川,宮城県大崎市古川城西15
セガワールド佐沼,宮城県登米市迫町佐沼字中江2-5-8
セガ名取セッツウイングス,宮城県名取市飯野坂字土城堀57-1
セガ秋田,秋田県秋田市茨島1-1-16
ラウンドワン秋田店,秋田県秋田市卸町１－１－２
セガワールド北山形,山形県山形市北町1-3-20
スーパーノバ天童,山形県天童市南町1-5-26
ＡＧスクエア庄内,山形県東田川郡三川町大字猪子字大堰端326-6
セガ米沢,山形県米沢市大字花沢字タナコ原177
セガ小名浜,福島県いわき市小名浜林城字塚前18-1
セガワールド勿来,福島県いわき市勿来町四沢字鍵田13
スーパーノバ会津インター,福島県会津若松市町北町上荒久田字宮下１４２
タイトーＦ郡山オリエントパーク店,福島県郡山市安積町荒井字大久保３５－１
ラウンドワン郡山店,福島県郡山市向河原町４－５５
タイトーアミューズメントシティ郡山,福島県郡山市南2-38　フレスポ郡山店
セガ日和田,福島県郡山市日和田町字西中島7-1
ＳＯＹＵ　Ｅ－ＳＴＵＤＩＯ須賀川店,福島県須賀川市古河１０５イオンタウン須賀川Ｂ棟内
G3ポロス原町店,福島県南相馬市原町区北原本屋敷188
セガワールド白河,福島県白河市新高山1-1 メガステージ白河内
ディノスパーク南福島,福島県福島市黒岩字中沖43番地2号
スーパーノバ福島,福島県福島市黒岩字中島7-2
ラウンドワン福島店,福島県福島市太田町14-18
セガワールド福島,福島県福島市本内字中井1-2
アミューズビバ,茨城県ひたちなか市東大島２－１１－１１
セガ霞ヶ浦,茨城県稲敷市西代1473-1
ジャムジャム神栖店,茨城県神栖市神栖1-8-1
セガ水戸,茨城県水戸市宮町1-7-44 コムボックス310
セガ水戸南,茨城県水戸市千波町2017−1
ユーズランド水戸内原店,茨城県水戸市内原２－１イオンモール水戸内原２Ｆ
セガ石岡,茨城県石岡市東大橋中峯1976-1
アピナ下館店,茨城県筑西市玉戸１０１２－３
プラサカプコン土浦店,茨城県土浦市真鍋2-1-29
ゲームパニックつくば,茨城県土浦市中村東1-1-1サンタスワールド内
セガワールド日立,茨城県日立市田尻町3-26-1
セガワールド龍ヶ崎,茨城県龍ケ崎市藤ケ丘4-2-8
INTER PARK+1宇都宮,栃木県宇都宮市インターパーク６－５－１
ラウンドワン宇都宮店,栃木県宇都宮市江曽島町２０７２－１
ゲーム＆ビリヤード　遊ｉｎｇ,栃木県宇都宮市石井町下平出境2707-4
セガワールド宇都宮,栃木県宇都宮市東宿郷5-1-7
シーサイドリゾートアミューズメントパーク,栃木県宇都宮市睦町７－３
namcoフェドラP&D佐野店,栃木県佐野市高萩町１３４０
アピナ小山店,栃木県小山市駅南町４－２７－１８
タイトーＦステーションおやまゆうえん,栃木県小山市喜沢１４７５－５２
セガワールド小山,栃木県小山市東城南1-1-18
ドラマ足利店,栃木県足利市朝倉町244-1
ラウンドワン栃木・樋ノ口店,栃木県栃木市樋ノ口町５５－１
セガ西那須野,栃木県那須塩原市南郷屋2-106-27
セガ今市,栃木県日光市芹沼1448-1
群馬レジャーランド伊勢崎店,群馬県伊勢崎市連取町3066-1
セガワールド館林,群馬県館林市小桑原町949-1
群馬レジャーランド高崎駅東口店,群馬県高崎市江木町３３３－１高崎ＥＸビル２Ｆ
ユーズランド高崎店,群馬県高崎市棟高町１４００番地イオンモール高崎２Ｆ
群馬レジャーランド渋川店,群馬県渋川市八木原1364
セガワールド沼田,群馬県沼田市下久屋町1100-1
ゲームシティボストン,群馬県前橋市大友町3-7-3
ラウンドワン前橋店,群馬県前橋市天川大島町１１０１－１
群馬レジャーランド太田店,群馬県太田市西矢島町162-2
セガワールド太田,群馬県太田市西矢島町575-1
アピナ太田店,群馬県太田市内ケ島町９０７－１
群馬レジャーランド藤岡店,群馬県藤岡市中2002-1
ウェアハウス三橋店,埼玉県さいたま市西区三橋６－９５５－１
ラウンドワン大宮店,埼玉県さいたま市大宮区宮町４－９０－７
タイトーステーション 大宮店,埼玉県さいたま市大宮区大門町１－１
キャロム大宮店,埼玉県さいたま市大宮区仲町１－１７－１大東ビル
Ｓｐｉｃａ大宮南銀店,埼玉県さいたま市大宮区仲町1-57
ベネクス浦和店,埼玉県さいたま市南区辻7-2-8
アミューズメントフィールドバイヨン,埼玉県ふじみ野市うれし野２－１６－１LCモールうれし野２Ｆ
プラサカプコン羽生店,埼玉県羽生市川崎２－２８１－３イオンモール羽生２階
ユーズランド越谷店,埼玉県越谷市レイクタウン4-2-2イオンレイクタウンKAZE3F
ベネクス越谷店,埼玉県越谷市南荻島２７７０－１
キャロム栗橋店,埼玉県久喜市高柳田中１７４１－３
セガワールド籠原,埼玉県熊谷市美土里町 1-169
ギガステーション戸田店,埼玉県戸田市大字美女木943-7
スクウェアワン幸手店,埼玉県幸手市上高野２１４２－１
ラウンドワンさいたま・鴻巣店,埼玉県鴻巣市箕田３１６３－７
ゲームパニック三郷,埼玉県三郷市ピアラシティ1-1-200
ラウンドワンららぽーと新三郷店,埼玉県三郷市新三郷ららシティ3-1-1ららぽーと新三郷2F20000番
ラウンドワンさいたま・上里店,埼玉県児玉郡上里町大字金久保３９４－１
ユーズランド春日部店,埼玉県春日部市下柳４２０－１イオンモール春日部２Ｆ
埼玉レジャーランド春日部店,埼玉県春日部市大字増富字谷際163-1
セガ所沢,埼玉県所沢市日吉町 8-1
タイトーステーション 所沢店,埼玉県所沢市日吉町３－７
ラウンドワン上尾店,埼玉県上尾市大字平塚９１７－１
アピナ上尾店,埼玉県上尾市緑丘３－３－１１－２　Ｐ・Ａ・Ｐ・Ａ上尾ＳＣ別棟
ＡＧスクエア埼玉花園,埼玉県深谷市荒川359
埼玉レジャーランド川越店,埼玉県川越市新富町１－１７－４
ゲームシティプラス川越店,埼玉県川越市泉町１－１　ウニクス南古谷シネマ棟１Ｆ
ベネクス川越店,埼玉県川越市大仙波340-1
ゲームシティ川口店,埼玉県川口市栄町1-10-5
ＡＭ ＰＩＡ 川口,埼玉県川口市栄町３－１－１６イート川口ビル４Ｆ
セガ川口,埼玉県川口市東領家 2-2-10
ラウンドワン草加店,埼玉県草加市谷塚上町２０４番１
ラウンドワン朝霞店,埼玉県朝霞市膝折町２－１６－１０
セガワールド入間,埼玉県入間市東藤沢 2-18
ラウンドワンわらび店,埼玉県蕨市北町５－１－６
セガワールド旭,千葉県旭市二3150-1
宝島新浦安店,千葉県浦安市入船１－４－１イオン新浦安店４Ｆ
ゲームプラザセントラル浦安店,千葉県浦安市北栄1-16-15
セガ我孫子,千葉県我孫子市柴崎字天王台 47-1
千葉レジャーランド成東店,千葉県山武市姫島111-1
イスカンダル五井金杉店,千葉県市原市五井金杉1-47
ラウンドワン市川鬼高店,千葉県市川市鬼高４－１－３
アミューズメントエース市川,千葉県市川市市川１－９－１１サン市川ハイツ１階
本八幡ゲームUNO,千葉県市川市八幡２丁目１６ー６八幡ハタビルB1F
タイトーＦステーション市川妙典店,千葉県市川市妙典4-1-1　イオン市川妙典店2番街2F
スーパービバホーム新習志野店２階,千葉県習志野市茜浜1-1-2 2F
ラウンドワン習志野店,千葉県習志野市芝園１－４－５
ＡＭ　ＰＩＡ　津田沼,千葉県習志野市津田沼１－２－１十三ビルＢ１Ｆ
ゲームランド津田沼店,千葉県習志野市津田沼１－２３－１イオンモール津田沼２Ｆ
ハイテクランドセガ岩瀬,千葉県松戸市岩瀬鍛冶塚611-2
ゲームソニックビーム松戸,千葉県松戸市松戸1172-1
ｎａｍｃｏ東京ガリバー松戸,千葉県松戸市松戸１２３０－１ピアザ松戸１Ｆ
セガ松戸,千葉県松戸市日暮1-1-1 八柱駅第2ビル2F
セガワールド成田,千葉県成田市東町 157-5
クラブセガ稲毛オーツーパーク,千葉県千葉市稲毛区園生町380-1
千葉レジャーランド稲毛店,千葉県千葉市稲毛区小仲台2-5-7海宝ビル2F・3F
スポーツウェーブ鉄腕24稲毛長沼店,千葉県千葉市稲毛区長沼原町697番地
ＡＭパフェパレパレ稲毛長沼店,千葉県千葉市稲毛区長沼原町７３１－１７ﾌﾚｽﾎﾟ稲毛A２棟４
ラッキー西千葉店,千葉県千葉市稲毛区弥生町1-15
スポーツウェーブ鉄腕24,千葉県千葉市中央区浜野町1025-59
セガ千葉,千葉県千葉市中央区富士見 2-4-1
ラッキー中央店・フェリシダ,千葉県千葉市中央区富士見2-8-1
アミューズメントエース津田沼,千葉県船橋市前原西2-15-1
チャリオット船橋店,千葉県船橋市藤原5-6-7　2.3階
タイトーステーション 船橋店,千葉県船橋市本町１－６－１
タイトーFステーション柏中央,千葉県柏市十余二２４９－５
ラウンドワンアリオ柏店,千葉県柏市大島田１丁目６番地１セブンパークアリオ柏　１０７０
ハイテクセガ柏,千葉県柏市柏 1-1-11 丸井デパート内B1F
タイトーステーション 柏店,千葉県柏市柏２－３－１フーサワビル
ラウンドワン八千代村上店,千葉県八千代市村上南１丁目５番地５４
ラッキーバッティングドーム八千代店,千葉県八千代市大和田新田字八幡後1088
イスカンダル木更津店,千葉県木更津市潮見４－１－２
千葉レジャーランド野田店,千葉県野田市吉春776-1
ウェアハウス南流山店,千葉県流山市南流山４－１６－６
セガ幕張,千葉県千葉市美浜区ひび野1-8 メッセ･アミューズ･モール1F
アムネット小岩店,東京都江戸川区南小岩6-31-3　石井ビル1F
東京レジャーランド亀有店,東京都葛飾区亀有3-21-2
○×△□（ラくトス）,東京都葛飾区新小岩１－４４－６
ハイテクランドセガ立石,東京都葛飾区立石7-2-1
ハイテクセガ葛西,東京都江戸川区西葛西5-1-14 第一保志ビル
タイトーＦステーション西葛西,東京都江戸川区西葛西６－６－１０
セガワールド船堀,東京都江戸川区船堀1-6-11
ドットコム葛西,東京都江戸川区中葛西３－３５－５
ラウンドワン南砂店,東京都江東区南砂６－７－１５トピレックプラザ４Ｆ
ゲームシティ国分寺南店,東京都国分寺市南町２－１７－１ハタヤ第一ビル１Ｆ
タイトーステーション国分寺店,東京都国分寺市本町３－５－１１
ハイテクランドセガ渋谷,東京都渋谷区渋谷1-14-14 EST 1F
タイトーステーション 渋谷店,東京都渋谷区渋谷１－２４－１２渋谷東映プラザ
セガ新宿歌舞伎町,東京都新宿区歌舞伎町1-21-1 第二東亜会館
タイトーＢＩＧＢＯＸ高田馬場店,東京都新宿区高田馬場１－３５－３　ＢＩＧＢＯＸ６Ｆ
新宿スポーツランド本館,東京都新宿区新宿3-22-12 サンパーク本館1F
タイトーステーション新宿東口店,東京都新宿区新宿３－２２－７　指田ビル
タイトー新宿南口ゲームワールド店,東京都新宿区新宿３－３５－８
セガ神楽坂,東京都新宿区神楽坂2-11 第2カグラヒルズ1F
クラブセガ新宿西口,東京都新宿区西新宿1-12-5
ゲームスポット２１新宿西口,東京都新宿区西新宿１－１５－２
ｎａｍｃｏ荻窪店,東京都杉並区上荻１－１３－１０ハクサンビル
ドラマ瑞穂店,東京都西多摩郡瑞穂町武蔵382-1
セガ秋葉原１号館,東京都千代田区外神田 1-10-9
セガ秋葉原４号館,東京都千代田区外神田 1-15-9 5F
Ｈｅｙ,東京都千代田区外神田１－１０－５廣瀬本社ビル１階～４階
セガ秋葉原３号館,東京都千代田区外神田1-11-11 外神田１丁目ビルディング
セガ秋葉原２号館,東京都千代田区外神田1-15-1
東京レジャーランド秋葉原店,東京都千代田区外神田1-9-5
東京レジャーランド秋葉原2号店,東京都千代田区外神田4-3-3ミナミビル6F・7F
セガ竹の塚,東京都足立区竹の塚6-8 北棟
タイトーステーション上野御徒町店,東京都台東区上野４－６－９湯島商事ビル
アドアーズ上野アメ横店,東京都台東区上野４－９－１４上野Ｋ．ＫビルＢ１-４階
ＧＩＯ蒲田東口,東京都大田区蒲田５－２０－４
セガワールド大森,東京都大田区山王2-1-5 大森駅ララビル2F
ＡＭ　ＰＩＡ　大森,東京都大田区山王２－２－１５
アドアーズ蒲田西口店Ｂ館,東京都大田区西蒲田７－５－１０蒲田駅西口会館１階
シルクハット蒲田Ｍ２,東京都大田区西蒲田７－６－３プリンス会館
ハイテクランドセガ池上,東京都大田区池上6-2-3 松山ビル2Ｆ
フェドラＢＩＧＦＵＮ平和島店,東京都大田区平和島１－１－１　３階
アドアーズ中野,東京都中野区中野5-52-15ブロードウェイ185
タイトーステーション 町田店,東京都町田市原町田６－２１－２３　松山ビル１階
アドアーズ町田,東京都町田市原町田６－２１－２５大正堂第２ビル１-４Ｆ
ラウンドワン町田店,東京都町田市森野１－１３－１４
アミューズランドモナコ調布１号店,東京都調布市布田１－５２－３
セガワールド東大和,東京都東大和市桜ヶ丘1-1330-19 BIGBOX東大和1F
シルクハット八王子,東京都八王子市旭町２－５八王子ツインタワービル３階
ドラマ八王子高倉店,東京都八王子市高倉町55-4
ドラマ野猿店,東京都八王子市大塚628-1
ゲームプラザセントラル八王子店,東京都八王子市東町12-15第5セントラル
タイトーＦステーション南大沢店,東京都八王子市南大沢２－３
ゲームシティ板橋店,東京都板橋区小茂根１－３２－９
ラウンドワン板橋店,東京都板橋区相生町１６－１３
ゲームサファリ大山,東京都板橋区大山東町60-10やすだ大山駅前店2F
アムネット五反田店,東京都品川区西五反田１－２７－５
セガワールド府中,東京都府中市西原町1-6-2 フレスポ府中2F
ラウンドワン府中本町駅前,東京都府中市本町１－１３－３カネタビル
プラサカプコン吉祥寺店,東京都武蔵野市吉祥寺本町1-10-1いなりやビルB1F
ラウンドワン吉祥寺店,東京都武蔵野市吉祥寺本町1-11-22
アミューズランドモナコ吉祥寺店,東京都武蔵野市吉祥寺本町１－９－７高橋ビル
セガワールド福生,東京都福生市大字福生1076-1
タイトーステーション 池袋西口店,東京都豊島区西池袋１－１５－９第一西池ビル
ｎａｍｃｏ巣鴨店,東京都豊島区巣鴨１－１５－１ミヤタビルB1F・B2F
ラウンドワン池袋店,東京都豊島区東池袋１－１４－１
セガ池袋ＧｉＧＯ,東京都豊島区東池袋1-21-1
ＡＭサントロペ池袋,東京都豊島区東池袋１－２９サントロペビル２Ｆ
アドアーズ池袋東口店,東京都豊島区東池袋１－４１－４池袋とうきゅうビル１-２階
ｎａｍｃｏ王子サンスクエア店,東京都北区王子１－４－１サンスクエア２階
セガ赤羽,東京都北区赤羽1-7-9 赤羽第一葉山ビルB1
タイトーＦステーションオリナス錦糸町店,東京都墨田区太平4-1-2オリナスモール地下1F
クラブセガ自由ヶ丘,東京都目黒区自由ヶ丘2-10-9
クラブセガ立川,東京都立川市柴崎町3-2-1 サザンビル1F
アミューズランドモナコ立川店,東京都立川市柴崎町３－４－１カワイヤビル
タイトーステーション立川北口店,東京都立川市曙町２－４－５クリサス立川２・３Ｆ
世田谷オークラボウル,東京都世田谷区桜３－２４－１
シルクハット横須賀中央,神奈川県横須賀市若松町１－５プライムビルＢ１Ｆ
プラサカプコン横須賀店,神奈川県横須賀市若松町2-30モアーズシティ4F
クラブセガ新杉田,神奈川県横浜市磯子区杉田1-1-1 らびすた新杉田2F
アミューズメントパークジアス上大岡,神奈川県横浜市港南区上大岡西2-1-28
クラブセガ綱島,神奈川県横浜市港北区綱島西2-6-29 城田ビル3F
タイトーステーション 横浜西口五番街店,神奈川県横浜市西区南幸１－１２ー９
ラウンドワン横浜駅西口店,神奈川県横浜市西区南幸２－８－１６
ＡＭサントロペ伊勢佐木町,神奈川県横浜市中区伊勢佐木町３－９６ 日活会館３Ｆ
THE 3RD PLANET 横浜本店,神奈川県横浜市都筑区中川中央1-25-1 NPモール6F
ドラマ港北インター店,神奈川県横浜市都筑区東方町321-6
ＡＭ　ＰＩＡ　大船,神奈川県鎌倉市大船１－２４大船駅前ビル１～３Ｆ
神奈川レジャーランド厚木店,神奈川県厚木市戸室5-31-1
シルクハット本厚木,神奈川県厚木市中町2-4-13本厚木駅前ビル
パームトップス,神奈川県厚木市中町4-15-9
タイトーステーション 小田原店,神奈川県小田原市栄町１－３－１２
タイトーステーション溝の口,神奈川県川崎市高津区溝口１－１１－８ＯＫＫＡ６３４ビル３階
ラウンドワン高津店,神奈川県川崎市高津区二子４－８－１
ＡＭ ＰＩＡ川崎モアーズ,神奈川県川崎市川崎区駅前本町７岡田屋モアーズ１、２Ｆ
シルクハット川崎ダイス,神奈川県川崎市川崎区駅前本町８番地ダイスビルＢ２Ｆ
ベネクス川崎,神奈川県川崎市川崎区鋼管通り４－８－３
ラウンドワン川崎大師店,神奈川県川崎市川崎区殿町１－５－１
ウェアハウス川崎九龍城,神奈川県川崎市川崎区日進町3-7
テクモピア向ヶ丘遊園店,神奈川県川崎市多摩区登戸2755ミノワホームズ1F
クラブセガ相模大野,神奈川県相模原市南区相模大野3-13-2　フレスコビル2F
アピナ橋本店,神奈川県相模原市緑区西橋本５－１－１ラ・フロール駐車場棟１階
ベネクス大和店,神奈川県大和市下鶴間2752-2
ゲームインファンファン藤沢店,神奈川県藤沢市鵠沼石上１－３－８
アドアーズ藤沢北口,神奈川県藤沢市藤沢４６０－１　３－４Ｆ
ドラマ藤沢店,神奈川県藤沢市本藤沢5-6-8
ベネクス平塚店,神奈川県平塚市四之宮６－１０－２７
ラウンドワンららぽーと湘南平塚店,神奈川県平塚市天沼１０－１３階 ３３２８０番
オーケーコーラル,新潟県燕市佐渡2853
アピナ上越インター店,新潟県上越市下門前１６６１
上越レジャーランボウル,新潟県上越市下門前薬島827-2
タイトーＦステーション上越店,新潟県上越市富岡3524 J-MAXシアター内1F
ＰＥＴＩＴ　ＭＡＪＯＲ,新潟県新潟市西区山田字中道上の中３３１０
ラウンドワン新潟店,新潟県新潟市中央区美咲町２－１－３８
カプコサーカス新潟東店,新潟県新潟市東区大形本町３－１－２　ジャスコシティ新潟東
メジャーゲーム館新発田店,新潟県新発田市新栄町２－４－６ジョイタウン新発田
アピナ長岡店,新潟県長岡市堺東町２２
スターフィールド,新潟県長岡市新組町2003番地1
ゲームスポットアップル魚津店,富山県魚津市吉島2-407-1
サービスエリアIN高岡,富山県高岡市下石瀬857-1
アピナ富山新庄店,富山県富山市荒川３－２－１２
トヤマレジャーランド呉羽店,富山県富山市高木字貝塚2054
アピナ富山豊田店,富山県富山市豊田町２丁目１２－６６
アピナ富山南店,富山県富山市堀川町３５５－３　マイプラザ内
バイパスレジャーランド宇ノ気店,石川県かほく市森子85
バイパスレジャーランド加賀店,石川県加賀市箱宮町ヲ1-1
ラウンドワン金沢店,石川県金沢市横川6-120-1
セガイオンタウン金沢示野,石川県金沢市戸板西2-1
バイパスレジャーランド藤江新館,石川県金沢市藤江南2-105
バイパスレジャーランド藤江本館,石川県金沢市藤江南2-41
セガワールド武生,福井県越前市新町3-13-4
福井レジャーランド板垣店,福井県福井市下馬３－１１２
セガ福井,福井県福井市丸山1-410
福井レジャーランドワイプラザ店,福井県福井市新保北1-303　ヤスサキワイプラザＢ棟2Ｆ
ゲームパニック甲府,山梨県甲府市国母5-20-24
プラサカプコン甲府店,山梨県中巨摩郡昭和町西条字北河原３７１７
ラウンドワン山梨・石和店,山梨県笛吹市石和町広瀬７３７－１
プレイタウンパル富士吉田店,山梨県富士吉田市新西原４－１２－１５
セガワールド豊科,長野県安曇野市豊科南穂高1115
アピナ伊那店,長野県伊那市大字西町５０９３
アピナ塩尻店,長野県塩尻市広丘野村１７９４－１
ＡＧスクエア岡谷,長野県岡谷市塚間町2-1-21
アピナ佐久インター店,長野県佐久市岩村田北１－１３－１
セガ松本,長野県松本市渚1-7-5-3
アピナ松本店,長野県松本市双葉１９－１０
アピナ上田店,長野県上田市秋和３５９－１
セガワールド上田,長野県上田市大字上田1847-1
アピナ長野大橋店,長野県長野市若里７－９－１２
アピナ長野川中島店,長野県長野市川中島町御厨９６７－１
アピナ長野村山店,長野県長野市村山５０２－１
ラウンドワン長野店,長野県長野市大字東和田８２７番地６
アピナ飯田店,長野県飯田市座光寺３７２８－１
オアシス,岐阜県羽島郡岐南町八剣７－１５
遊食空間XYZ,岐阜県可児市下恵土5670
ＧＡＭＥタカラ島　可児店,岐阜県可児市広見字古川２５１９ー１２　
ゲームゾーン各務原店,岐阜県各務原市鵜沼各務原町５－２８６ ペタルビル１Ｆ
セガマーゴ関,岐阜県関市倉知516
Ａ．Ｃ．グランド,岐阜県岐阜市茜部大川1-77
ゲームファンタジアン精華店,岐阜県岐阜市鏡島精華2-2-1
セガワールド高山,岐阜県高山市上岡本町7-7
岐阜レジャーランド穂積店,岐阜県瑞穂市稲里630番地
セガ多治見,岐阜県多治見市住吉町1-1-1
ゲームハウスアリババ,岐阜県大垣市池尻町９４０－１
ラウンドワンモレラ岐阜店,岐阜県本巣市三橋１１００
セガ掛川,静岡県掛川市細田248
ACT御殿場店,静岡県御殿場市東山字石橋296-1
セガワールドサントムーン,静岡県駿東郡清水町玉川61-2 サントムーン柿田川2F
THE 3RD PLANET BiVi沼津店,静岡県沼津市大手町1-1-5
ジョイランドアミューズ諏訪店,静岡県沼津市大諏訪２０－２
シートピアYAZ焼津店,静岡県焼津市道原585
アップル新北街道店,静岡県静岡市葵区沓谷5-13-4
セガワールド静岡,静岡県静岡市葵区七間町4-2 静活プラザビル1・2F
タイトーＦステーション静岡,静岡県静岡市呉服町２－５－４　ふしみや第２ビル
ラウンドワン静岡・駿河店,静岡県静岡市駿河区手越７５
ＳＵＰＥＲＷＡＶＥ静岡,静岡県静岡市駿河区中吉田１５－８
THE 3RD PLANET 静岡インター店,静岡県静岡市駿河区中野新田383-3
ＡＧスクエア袋井,静岡県袋井市川井1142-1
ＡＧスクエア磐田,静岡県磐田市下万能413
ポート２４浜松店,静岡県浜松市西区坪井町4183-1
ＹＡＺワールド浜松葵店,静岡県浜松市中区葵西２－２７－１０
THE 3RD PLANET OZ浜松店,静岡県浜松市東区宮竹町322-1
ラウンドワン浜松店,静岡県浜松市東区天王町諏訪１９８１－１７
ゲームオフ富士宮,静岡県富士宮市三園平1360
セガワールド富士,静岡県富士市厚原95-1
ラウンドワン富士店,静岡県富士市八代町４－１５
Ｕ　ＦＡＣＴＯＲＹｉｎ安城,愛知県安城市住吉町５－１３－３７
セガ安城,愛知県安城市百石町2-35-13
ゲームゾーン一宮店,愛知県一宮市羽衣２－５－１
セガ尾西,愛知県一宮市篭屋3-9-7 アソビックスびさい1F
ＡＤＸマミー岡崎店,愛知県岡崎市井田新町６－１
ゲームファンタジアン岡崎店,愛知県岡崎市錦町２－４
セガ岡崎,愛知県岡崎市上地3-50-4
上和田自販機,愛知県岡崎市上和田町字サジ２９－１
ポート２４幸田店,愛知県額田郡幸田町相見沖原1-3
M's PARK刈谷店,愛知県刈谷市稲場町３－２０６
アミューズメントプラザマルシン,愛知県刈谷市池田町4-609
セガイオンタウン刈谷,愛知県刈谷市東境町京和１
クラブセガ春日井,愛知県春日井市岩野町4180
オークランドボウル春日井,愛知県春日井市鳥居松町３－１１　１階ゲームコーナー
小牧メトロポリス,愛知県小牧市間々片山１８１
M's PARK小牧店,愛知県小牧市大字村中字稲荷７８３
セガ東名ボール,愛知県瀬戸市西原町2-114
カーニバル・Ｃ・ドーム（レンタル）,愛知県西尾市上町南又七山35-2
ユーズランド東浦店,愛知県知多郡東浦町緒川旭１３－２イオンモール東浦２Ｆ
ゲームファンタジアン長久手店,愛知県長久手市武蔵塚705
アミューズメントプラザワイド,愛知県東海市名和町二番割上16-2
コムテックプラザ赤池,愛知県日進市赤池１－２９０１
ラウンドワン半田店,愛知県半田市瑞穂町６－７－８
M's PARK三郷店西館,愛知県尾張旭市南原山町赤土２０７
アミューズメントクラブノバ,愛知県豊橋市三本木町元三本木８０－２
ラウンドワン豊橋店,愛知県豊橋市大岩町字岩田２７－２
セガ飯村,愛知県豊橋市飯村町字西山25-121
ＷＡＶＥ豊川白鳥店,愛知県豊川市白鳥町京次55-1
M's PARK豊田店,愛知県豊田市寿町３－２１、２２
セガ豊田,愛知県豊田市深田町1-65-1
ユーワールド豊明,愛知県豊明市前後町螺貝１３８４番地１
ラウンドワン名古屋西春店,愛知県北名古屋市宇福寺神明１５
楽市街道 名古屋店,愛知県北名古屋市中之郷新明４５－１
ポート２４八事店,愛知県名古屋市昭和区広路町北石坂102番地4
セガイオンタウン名西,愛知県名古屋市西区香呑町6-49-1
ＧＲＥＡ,愛知県名古屋市千種区今池５－２２－１７
ラウンドワン千種店,愛知県名古屋市千種区新栄3-20-17タイホウ千種駅前南ビル8階
クラブセガ名古屋伏見,愛知県名古屋市中区栄1-4-5 ZXAビル1F
ゲーム キングジョイ,愛知県名古屋市中区栄3-3-32
コムテックスクウェア,愛知県名古屋市中区金山1-16-8
タイトーステーション 大須店,愛知県名古屋市中区大須３－２０－７
アーバンスクエア大須店,愛知県名古屋市中区大須３－３０－３１
ラウンドワン中川１号線店,愛知県名古屋市中川区法蔵町２－２３
名古屋レジャーランドささしま店,愛知県名古屋市中村区平池町4-60-14 ﾏｰｹｯﾄｽｸｴｱささしま1F
コムテックタワー,愛知県名古屋市中村区名駅４－１０－２０
名古屋レジャーランド内田橋店,愛知県名古屋市南区内田橋2-26-22
セガ金山,愛知県名古屋市熱田区金山1-19-2
ファンタジープラザ名古屋,愛知県名古屋市北区玄馬町２３４－１ﾄﾞﾝｷﾎｰﾃ名古屋本店２階
名古屋レジャーランド大高店,愛知県名古屋市緑区忠治山201番地
ゲームファンタジーランドモアイ,愛知県名古屋市緑区桃山３－１６１０－１
ラウンドワン鳴海店,愛知県名古屋市緑区鳴海町杜若２８
プラサカプコン徳重店,愛知県名古屋市緑区鳴海町徳重１８－４４ヒルズウォーク徳重
ドリームキャンディ,三重県伊賀市小田町７１１－１
セガ伊勢,三重県伊勢市中須町666
セガワールド桑名,三重県桑名市大仲新田宮前158
ラウンドワンみえ川越インターチェンジ店,三重県三重郡川越町南福崎８５１－１
セガ生桑,三重県四日市市生桑町字川原崎299-1
YAZワールド四日市店,三重県四日市市泊小柳町４－３４
ゲームチャオ松阪店,三重県松阪市船江町７８０
クラブセガアドバンスモール松阪,三重県松阪市田村町235-1
オークランドシティ津店,三重県津市雲出本郷町１８０５－３３　２階ゲームコーナー
セガワールド久居,三重県津市久居明神町字風早2534-1
ラウンドワン津・高茶屋店,三重県津市高茶屋小森町２７７－８
クラブセガ名張,三重県名張市希央台3番町15
ゲームチャオ名張店,三重県名張市蔵持町原出773-1
アピナ鈴鹿店,三重県鈴鹿市庄野羽山4-20-1イオンタウン鈴鹿2階
セガ甲西,滋賀県湖南市夏見二ツ橋356-1
セガワールド草津,滋賀県草津市西渋川1-23-23 SARA新棟2F
アミパラ草津店,滋賀県草津市木川町311-1JJタウン木川2F
滋賀レジャーランド大津店,滋賀県大津市におの浜３－１－４３
スーパーヒーロー堅田,滋賀県大津市真野２－３１－３０
ラウンドワン浜大津アーカス店,滋賀県大津市浜町２－１浜大津アーカス内
ゲームディーノ彦根店,滋賀県彦根市西沼波町１６６
プレイランドキング七条店,京都府京都市下京区東境町１８７（七条通烏丸西入）
ラウンドワン京都河原町店,京都府京都市中京区河原町通三条下ル山崎町２５０
ゲームパニック京都,京都府京都市中京区桜之町415番　京都松竹座ビル
プレイランドキング円町店,京都府京都市中京区西ノ京西円町40
THE 3RD PLANET BiVi京都二条店,京都府京都市中京区西ノ京栂尾町107
ラウンドワン京都伏見店,京都府京都市伏見区下鳥羽平塚町１３１
セガワールド六地蔵,京都府京都市伏見区桃山町山ﾉ下32 京都ショッピングセンタービルAM棟2F
あそＶＩＶＡゲームセンター,京都府福知山市字堀小字下高田２１４６－１
ゲームディーノ阪急茨木店,大阪府茨木市永代町５ ソシオビルＢ１
ラウンドワン岸和田店,大阪府岸和田市八阪町２－１１－１
ラウンドワン高槻店,大阪府高槻市辻子３－６－４
ラウンドワン堺駅前店,大阪府堺市堺区戎島町4-44-3
ラウンドワン堺中央環状店,大阪府堺市東区石原町２－２４１
セガワールド松原,大阪府堺市東区八下町3-10
スポーツセンター２１世紀（レンタル）,大阪府堺市南区岩室108-1
ラウンドワン守口店,大阪府守口市佐太東町２－６－１４ジャガーグリーン２Ｆ
モンキートリック,大阪府寝屋川市香里南之町32-5　YNレジデンス香里2F
セガビバモール寝屋川,大阪府寝屋川市寝屋南2-22-2 ビバモール寝屋川 モール棟2F
ＹＡＺ寝屋川店,大阪府寝屋川市石津中町25-26
チャレンジャーガムガム,大阪府吹田市岸部南１－２４－９
関大前フタバボウル,大阪府吹田市千里山東１－７－１８
セガワールドアポロ,大阪府大阪市阿倍野区阿倍野筋1-5-31 アポロビル3F
Ｇ－ｐａｌａあべの,大阪府大阪市阿倍野区阿倍野筋３－１０－１あべのベルタ２Ｆ
セガ今福,大阪府大阪市城東区今福東1-9-34
ラウンドワン城東放出店,大阪府大阪市城東区今福南3-4-38
ラウンドワン千日前店,大阪府大阪市中央区難波１－３－１
タイトーステーション 難波店,大阪府大阪市中央区難波千日前１５－１２
ゲームポイントシャトーＥＸ,大阪府大阪市都島区東野田町３－９－３
ラウンドワン東淀川店,大阪府大阪市東淀川区菅原７－１４－２８
ｎａｍｃｏ梅田店,大阪府大阪市北区小松原町３－３ＯＳビル１～３Ｆ
ラウンドワン梅田店,大阪府大阪市北区小松原町４－１６
クラブセガ東梅田,大阪府大阪市北区堂山町9-28　スプラウトビル1Ｆ
ハイテクランドセガミスト２,大阪府大阪市北区梅田1-11-4 駅前第4ビルB1F
ゲームゼロ,大阪府大阪市北区梅田１－２－２大阪駅前第２ビルＢ１
タイトーステーション梅三小路店,大阪府大阪市北区梅田３－２－１３６梅三小路内
ハイテクランドセガ西中島,大阪府大阪市淀川区西中島3-16-8 深井センタービル1･2F
ｎａｍｃｏ大阪日本橋店,大阪府大阪市浪速区難波中2-1-17コスモビル1～3階
セガ難波アビオン,大阪府大阪市浪速区難波中2-3-15 MMOビル3F
セガ東大阪,大阪府東大阪市稲田新町3-9-64
ラウンドワン東大阪店,大阪府東大阪市若江南町１－２－１２
セガワールド布施,大阪府東大阪市長堂1-1-1 ロンモール布施内
クラブセガ藤井寺,大阪府藤井寺市沢田1-20-8
セガ新三国アルゴ７,大阪府豊中市神州町1-15
ラウンドワン豊中店,大阪府豊中市名神口１－１－１
ラウンドワン枚方店,大阪府枚方市高野道１－２０－２０
セガワールド枚方,大阪府枚方市須山町83-1 サンシャインプラザ枚方内
セガワールド和泉,大阪府和泉市肥子町2-4-41
ラウンドワン伊丹店,兵庫県伊丹市昆陽７丁目２９
ラウンドワン加古川店,兵庫県加古川市尾上町安田325番6号
遊スペース　スプラ,兵庫県加古川市尾上町安田３５１－１
アミパラ加古川店,兵庫県加古川市尾上町今福７１－２
アミパラ垂水店,兵庫県神戸市垂水区名谷町字室山１４００－１８
遊スペース アローズ,兵庫県神戸市西区丸塚２丁目９－１８
トップラン,兵庫県神戸市西区岩岡町古郷1474-1
遊スペース マジカル,兵庫県神戸市中央区琴ノ緒町５－２－３
三宮サンクス,兵庫県神戸市中央区琴ﾉ緒町5-4-5 高架下404～407
ラウンドワン三宮駅前店,兵庫県神戸市中央区小野柄通6-1-17
セガフェニックスプラザ摩耶,兵庫県神戸市灘区味泥町6-1
ラウンドワン新開地店,兵庫県神戸市兵庫区新開地２－３－４
プレイステーションネーブル西宮店,兵庫県西宮市両度町6-10
セガつかしん,兵庫県尼崎市塚口本町4-8-1 つかしん内
クラブセガ姫路ＯＳ,兵庫県姫路市駅前町254 姫路OSビルB1F
タイトーＦステーション姫路,兵庫県姫路市駅前町２６９・２７０番地
ラウンドワン姫路飾磨店,兵庫県姫路市飾磨区中島１－２５４
セガワールド花北,兵庫県姫路市増位新町1-6　ヴィーナスタウン花北2F
セガ明石,兵庫県明石市魚住町清水2464-1 ドラブインながさわ
ゲームアイビス太子店,兵庫県揖保郡太子町太田2149
ラウンドワン和歌山店,和歌山県和歌山市小雑賀７３９－３
プレイランドサーカス太田店,和歌山県和歌山市太田１－５－２８
ピタゴラス,和歌山県和歌山市土入73-1
セガ鳥取,鳥取県鳥取市安長416
セガワールド米子,鳥取県米子市両三柳2778-2
オートパーラーやすぎ,島根県安来市西荒島町３３番地
ｙｏｕｍｅ　ＣＩＲＣＵＳ出雲店,島根県出雲市大塚町６５０－１ゆめタウン出雲店　東館３Ｆ
セガ松江,島根県松江市嫁島町12-15
ゲームアイビス岡山店,岡山県岡山市中区高屋３０８－１
アミューズメントプレイス・ギミック・セガ,岡山県岡山市中区藤崎599-12
ラウンドワン岡山妹尾店,岡山県岡山市南区妹尾３４１３－１
スターダスト,岡山県岡山市北区駅前町１－７
岡山ジョイポリス,岡山県岡山市北区下石井2-10-1
アミパラテクノランド店,岡山県岡山市北区大和町１－７－１２
セガ倉敷,岡山県倉敷市西中新田535-2
アミパラ倉敷店,岡山県倉敷市西中新田624-1アミパラボウル1F
セガ海田,広島県安芸郡海田町南大正町3-35
シネパーク広店,広島県呉市広中町1-9
セガワールド大町,広島県広島市安佐南区大町東3-27-4
ブラックジャックアクア店,広島県広島市安佐南区大町東４－１２－１１
セガワールドＭＥＧＡ,広島県広島市安佐南区中筋4-11-7 フタバ図書MEGA内2F ﾚﾝﾀﾙｺｰﾅｰ奥
プラサカプコン広島店,広島県広島市佐伯区石内東４丁目１－１ジアウトレット広島
フタバ図書アルティランド,広島県広島市西区草津南４－７－１　アルパーク北棟２Ｆ
タイトーステーション 広島紙屋町店,広島県広島市中区紙屋町２－２－２１
ビバーチャ,広島県広島市中区南竹屋町１０－１７
アミューズメントパークワールド,広島県広島市中区八丁堀１１－６パークレーンビル１Ｆ
セガ広島本通,広島県広島市中区本通9-30
ラウンドワン広島店,広島県広島市中区立町３－１１
セガワールド宇品,広島県広島市南区宇品西3-4 フタバ図書GIGA宇品店内
ＧＩＧＡ　ＺＯＮＥ,広島県広島市南区松原町２－２２
アミパラここじゃ店,広島県東広島市西条町下見６－１０－１９
スペースV1廿日市店,広島県廿日市市本町４－２３
セガ尾道,広島県尾道市新浜1-2-13
セガワールド福山,広島県福山市瀬戸町大字山北300
ラウンドワン福山店,広島県福山市明神町１－９－２８
フレスパランドカッタの湯,山口県宇部市海南町1675
アレックス,山口県宇部市西宇部南３－５－５３
アミパラ下関店,山口県下関市長府才川１－４２－４８
ギガゾーン岩国店,山口県岩国市室の木町１－５－５
ＡＧスクエア小郡,山口県山口市小郡前田町3-6
アミパラ周南久米店,山口県周南市大字久米２８３４　イオンタウン周南久米
ＳＰＥＥＤ,山口県周南市大字久米３２１９
アポロゲームセンター沖洲店,徳島県徳島市南沖洲１－１－９３
アミューズメントパフェパレパレ田宮店,徳島県徳島市南田宮２－２－４６
セガ徳島スエヒロボウル,徳島県徳島市南末広町4-95-2 スエヒロボウル1F
ラウンドワン徳島・万代店,徳島県徳島市万代町４－１９－１
セガ丸亀,香川県丸亀市蓬莱町56-1
ラウンドワン高松店,香川県高松市松島町２－７－４３
セガ高松,香川県高松市勅使町535
マックスプラザ善通寺,香川県善通寺市中村町１７９８－２
タイトーFステーション今治,愛媛県今治市東村1丁目甲745-1
セガ松山,愛媛県松山市枝松5-7-32
アミパラ松山店,愛媛県松山市生石町６５５－１
ラウンドワン松山店,愛媛県松山市東長戸１－３－１０
ハイテクセガ新居浜,愛媛県新居浜市徳常町6-8
ラウンドワン高知店,高知県高知市南宝永町４－１２
サンゲームス新宮店,福岡県糟屋郡新宮町美咲3-1-40新宮ドーム1F
大牟田Ｊ－ＧＡＭＥ,福岡県大牟田市旭町３－３－７
ラウンドワン大野城店,福岡県大野城市御笠川１－１８－１６
セガアリーナ中間,福岡県中間市上蓮花寺3-1-1
Ｇ－ＳＴＡＧＥ飯塚店,福岡県飯塚市枝国６８０－２
楽市楽座福重店,福岡県福岡市西区石丸４－２６３－１
ラウンドワン福岡天神店,福岡県福岡市中央区天神２－６－１２
タイトーステーション 福岡天神店,福岡県福岡市中央区天神２－６－３５サザンクロスビル
楽市街道箱崎店,福岡県福岡市東区箱崎５丁目１番８号
ｎａｍｃｏ博多バスターミナル店,福岡県福岡市博多区博多駅中央街２－１博多バスターミナル７階
タイトーFステーションヨドバシ博多店,福岡県福岡市博多区博多駅中央街6-12ヨドバシカメラ4Ｆ
ラウンドワン博多半道橋店,福岡県福岡市博多区半道橋２－２－８
ハイパーメッセ,福岡県北九州市小倉南区北方4-6-7
カジノ京町,福岡県北九州市小倉北区京町二丁目６－３
ラウンドワン小倉店,福岡県北九州市小倉北区西港町15-65
アミューズメントＭＧＭ陣原,福岡県北九州市八幡西区陣原１－２－１２
ラウンドワン佐賀店,佐賀県佐賀市兵庫北４－２－１
ＡＧスクエア佐賀武雄,佐賀県武雄市武雄町大字富岡12517-1
セガワールドサンスパおおむら,長崎県大村市森園町663-3
G-stage浜町,長崎県長崎市浜町2-26
ハイテクセガもみの木村,長崎県諫早市小川町90-1
ラウンドワン熊本店,熊本県熊本市西区春日7-25-15
ｎａｍｃｏワンダーシティ南熊本店,熊本県熊本市中央区九品寺６－９－１
パスカワールドグリーンランド店,熊本県荒尾市本井手１５７４－５４
リッチモンド,熊本県八代市旭中央通２０－３
ラウンドワン大分店,大分県大分市萩原２－１３－１７
フリッパーズクラブ 新館,大分県大分市片島字上川原148-1
セガワールド高城,大分県大分市牧1-161-8
セガワールド中津,大分県中津市沖代町1-2-16
ハイテクランドセガハーバープレイス,大分県別府市餅ヶ浜町161-2
セガ延岡,宮崎県延岡市平原町5-1492-8
ラウンドワン宮崎店,宮崎県宮崎市中村東３－４－６０
THE 3RD PLANET 隼人店,鹿児島県霧島市隼人町見次427-1
ラウンドワン鹿児島宇宿店,鹿児島県鹿児島市宇宿2-2-2
セガワールド出水,鹿児島県出水市六月田町347
ラウンドワン沖縄・宜野湾店,沖縄県宜野湾市真志喜３－２８－８
クラブセガ北谷,沖縄県中頭郡北谷町字美浜9-8

