第9弾「CHUNITHM LUMINOUS PLUS オリジナルグッズプレゼントキャンペーン」参加店舗一覧,2024年7月25日(木)
ラウンドワン旭川店,北海道旭川市永山三条１−４−７
ソユーゲームフィールド旭川駅前店,北海道旭川市宮下通７−２−５ｲｵﾝﾓｰﾙ旭川駅前４F
SOYUGameField旭川西店,北海道旭川市緑町23-2161-3イオンモール旭川西3F
ＢＩＧＢＡＮＧ釧路,北海道釧路郡釧路町木場２−１
キャッツアイ恵庭店,北海道恵庭市住吉町２丁目９−１
キャッツアイ新札幌店,北海道札幌市厚別区厚別東五条１ー２−１０
ゲームランド新さっぽろ,北海道札幌市厚別区中央２条５丁目７−３ カテプリさっぽろ３階
キャッツアイ宮の沢店,北海道札幌市手稲区西宮の沢５条２丁目１１−１５
ＧｉＧＯ西友手稲,北海道札幌市手稲区前田1条11丁目 西友手稲店 3階
キャッツアイ清田店,北海道札幌市清田区清田１条１−２０−１
ベガジオ美しが丘店,北海道札幌市清田区美しが丘１条　７−６−１０
ソユーゲームフィールド発寒,北海道札幌市西区発寒8条12丁目1　イオン札幌発寒SC3F
タイトーステーション札幌狸小路２丁目店,北海道札幌市中央区南３条西２丁目−１４
ラウンドワン札幌すすきの店,北海道札幌市中央区南五条西3-6-1
東急百貨店さっぽろアミューズパーク,北海道札幌市中央区北４条西２−１東急百貨店さっぽろ店９階
ソユーゲームフィールド苗穂店,北海道札幌市東区東苗穂2条3-1-1　イオンモール札幌苗穂２Ｆ
キャッツアイ東苗穂店,北海道札幌市東区東苗穂６条２丁目１−２５
ラウンドワン札幌北２１条店,北海道札幌市東区北二十一条東１−１−２１
ラウンドワン札幌白石本通店,北海道札幌市白石区本通１６丁目北１−５０
キャッツアイ篠路店,北海道札幌市北区篠路１条４丁目６ー３０
ＧｉＧＯ札幌駅西口,北海道札幌市北区北６条西６丁目１‐１
ＢＩＧＢＡＮＧ室蘭,北海道室蘭市中島本町２−８−１
ＧｉＧＯ室蘭,北海道室蘭市東町４丁目３１番２号１階
イオン千歳　キッズパーク,北海道千歳市栄町６−６１
タイトーステーション 千歳店,北海道千歳市北栄２−１２−５
ＧｉＧＯ帯広稲田,北海道帯広市稲田町南八線西１２−１スズランボウル１・２階
ＧｉＧＯドリームタウン白樺,北海道帯広市白樺１６条西２丁目ドリームタウン白樺１階
ＧｉＧＯイオンモール苫小牧,北海道苫小牧市柳町３丁目１番２０号イオンモール苫小牧２階
ＧｉＧＯ函館昭和,北海道函館市昭和３丁目２４−１８ゲオ函館昭和店１階
ラウンドワン函館店,北海道函館市西桔梗町８４８−１１
ＢＩＧＢＡＮＧ函館,北海道函館市梁川町９−３テキサスビル３Ｆ
ＧｉＧＯ北見,北海道北見市西三輪５丁目１番地１６号
ＢＩＧＢＡＮＧ北見店,北海道北見市中央三輪7丁目４４６−１
イオン紋別　キッズパーク,北海道紋別市花園3-4-39
ゲームフェスタミタマ店,青森県弘前市駅前町5-5
ソユースペースファンタジーインフィニ,青森県弘前市城東北３−１０−１さくら野百貨店弘前店４Ｆ
ＧｉＧＯ弘前,青森県弘前市末広１−３−３
ユーズランド下田店,青森県上北郡おいらせ町中野平４０−１イオンモール下田１Ｆ
ソユーゲームフィールド青森店,青森県青森市浜田1-14-1イトーヨーカドー青森店2F
ラウンドワン青森店,青森県青森市浜田３−１−１
ソユーゲームフィールド八戸店,青森県八戸市沼館4-7-112八戸ピアドゥＢ棟2F
ＧｉＧＯ八戸,青森県八戸市城下４−２５−１４
ＧｉＧＯ水沢,岩手県奥州市水沢区佐倉河字鎧田４−１
ソユーファミリーゲームフィールド花巻店,岩手県花巻市高木第１６地割６８−６　銀河モール１Ｆ
ソユーゲームフィールド釜石店,岩手県釜石市港町２−１−１イオンタウン釜石店３F
タイトーステーション 盛岡マッハランド店,岩手県盛岡市上堂１−２−３８マッハランド内
ラウンドワン盛岡店,岩手県盛岡市盛岡駅西通２−１０−３５
ゲームランド盛岡店,岩手県盛岡市前潟４−７−１イオンモール盛岡２Ｆ
ソユーゲームフィールド盛岡南,岩手県盛岡市本宮7-1-1ｲｵﾝﾓｰﾙ盛岡南1F
アミューズメントゾーン北上店,岩手県北上市本通2-2-1さくら野北上店4F
ＧｉＧＯ利府,宮城県宮城郡利府町加瀬字新前谷地５５−１
アピナ新利府　北館店,宮城県宮城郡利府町利府字新屋田前２２イオンモール新利府北館２
ユーズランド大河原店,宮城県柴田郡大河原町小島2-1フォルテ2F
プラサカプコン石巻店,宮城県石巻市茜平4丁目104番地 ｲｵﾝﾓｰﾙ石巻ｼｮｯﾋﾟﾝｸﾞｾﾝﾀｰ2F
ＧｉＧＯ石巻,宮城県石巻市大街道東４−１−４５
ラウンドワン仙台苦竹店,宮城県仙台市宮城野区苦竹１−７−１０
ＧｉＧＯ仙台コロナワールド,宮城県仙台市宮城野区福室字田中前１番５３−１
THE 3RD PLANET BiVi仙台店,宮城県仙台市宮城野区榴岡2-1-25
ゲームコーナー東部,宮城県仙台市若林区六丁の目中町26-60 斎喜東部ビル2F
ＧｉＧＯ仙台一番町,宮城県仙台市青葉区一番町４丁目５番１３号サンシャインビル１階
タイトーステーション仙台名掛丁店,宮城県仙台市青葉区中央１−７−１３
タイトーステーション 仙台クリスロード店,宮城県仙台市青葉区中央２−３−２５
ＧｉＧＯ仙台,宮城県仙台市青葉区中央２−５−５三経６０ビル
ＧＡＭＥＢＡＮＫ仙台泉店,宮城県仙台市泉区大沢２−５−４
ＧｉＧＯイオン仙台中山,宮城県仙台市泉区南中山１−３５−５７別館３Ｆ
ゲームフィールド仙台長町店,宮城県仙台市太白区長町７丁目２０番３号ザ・モール仙台長町店３階
ＳＯＹＵ　ＧＡＭＥ　ＦＩＥＬＤ古川店,宮城県大崎市古川沢田字筒場浦１５番地イオンタウン古川内
ＧｉＧＯ佐沼,宮城県登米市迫町佐沼字中江２−５−８
ＳＯＹＵＧａｍｅＦｉｅｌｄ矢本店,宮城県東松島市小松字上浮足４３番地イオンタウン矢本
アピナ富谷店,宮城県富谷市大清水１丁目３３‐１　１０９シネマズ富谷１階
ＧｉＧＯ名取,宮城県名取市飯野坂字土城堀５７−１
ゲームフィールド十文字店,秋田県横手市十文字町仁井田字東22-1スーパーモールラッキー内
ＧｉＧＯ秋田,秋田県秋田市茨島１−１−１６
ラウンドワン秋田店,秋田県秋田市卸町１−１−２
ＳＯＹＵＧａｍｅＦｉｅｌｄ御所野店,秋田県秋田市御所野地蔵田1-1-1イオンモール秋田2F
ＳＯＹＵＧａｍｅＦｉｅｌｄ大館店,秋田県大館市御成町三丁目７番５８号いとく大館ＳＣ３階
ｎａｍｃｏイオンタウン大館西店,秋田県大館市根下戸新町18-121イオンタウン大館西内
プラサカプコン大曲店,秋田県大仙市和合字坪立１７７イオン大曲ＳＣ２Ｆ
ＳＯＹＵＧａｍｅＦｉｅｌｄ能代店,秋田県能代市鰄渕字古屋布１番イオンタウン能代内
スタジオプリモ山形店,山形県山形市城南町１−１−１　霞城セントラル２Ｆ
ビーカム成沢店,山形県山形市成沢西５−３−２７
ＧｉＧＯ北山形,山形県山形市北町１−３−２０
ＳＯＹＵＧａｍｅＦｉｅｌｄ酒田店,山形県酒田市泉町１９８番地イオンタウン酒田内
ＧｉＧＯ新庄,山形県新庄市金沢１０６８
アピナ鶴岡店,山形県鶴岡市文下字広野１−１
ＧｉＧＯ天童,山形県天童市南町1-5-26
ソユーゲームフィールド天童店,山形県天童市芳賀タウン北４−１−１ イオンモール天童２Ｆ
ソユーゲームフィールド三川店,山形県東田川郡三川町大字猪子字和田庫１２８−１イオン三川１Ｆ
ＧｉＧＯ庄内,山形県東田川郡三川町猪字大堰端３２６番地６
ＧｉＧＯ米沢,山形県米沢市大字花沢字タナコ原１７７
ソユーゲームフィールド小名浜店,福島県いわき市小名浜字辰巳町７９イオンモールいわき小名浜３Ｆ
ＧｉＧＯ小名浜,福島県いわき市小名浜林城字塚前１８−１
ＧｉＧＯ勿来,福島県いわき市勿来町四沢字鍵田１３
ＧｉＧＯ会津若松,福島県会津若松市町北町上荒久田字宮下１４２
タイトーＦ郡山オリエントパーク店,福島県郡山市安積町荒井字大久保３５−１
ラウンドワン郡山店,福島県郡山市向河原町４−５５
ＧｉＧＯ日和田,福島県郡山市日和田町字西中島７−１
ＳＯＹＵ　Ｅ−ＳＴＵＤＩＯ須賀川店,福島県須賀川市古河１０５イオンタウン須賀川Ｂ棟内
ＧｉＧＯ白河,福島県白河市新高山１−１　メガステージ白河内
サープラ福島あそびタウン,福島県福島市栄町１−１　パワーシティーピボット内
ＧｉＧＯ福島南,福島県福島市黒岩字中島7-2
ラウンドワン福島店,福島県福島市太田町14-18
ＧｉＧＯ福島,福島県福島市本内中井１−２
ゲームメガみらい平店,茨城県つくばみらい市陽光台１−１４−１
ｎａｍｃｏiiasつくば店,茨城県つくば市研究学園5-19　iiasつくば店2F2190
ゲームメガつくば店,茨城県つくば市小野崎１７７−２
ＧｉＧＯデイズタウンつくば,茨城県つくば市竹園１—９−２デイズタウンつくば地下１Ｆ
ＧｉＧＯひたちなか,茨城県ひたちなか市田中後４０−２
アミューズビバ,茨城県ひたちなか市東大島２−１１−１１
ＧｉＧＯ霞ヶ浦,茨城県稲敷市西代１４７３−１
ピンクパンサー下妻店,茨城県下妻市小島884-10
ＧＡＭＥ ＰＡＤＤＯＣＫ＋１,茨城県古河市小堤１９１６−１
タイトーＦステーションヨークタウン坂東店,茨城県坂東市辺田１１０４番地１
ＧｉＧＯショッピングセンターチェリオ鹿嶋,茨城県鹿嶋市宮中２９０−１ショッピングセンターチェリオ１階
ＳＯＹＵ　ＴＯＹ’Ｓ　ＮＹ　守谷店,茨城県守谷市百合ヶ丘3-249-1　イオンタウン守谷2Ｆ
ＧｉＧＯ神栖,茨城県神栖市神栖１ー８−１
ピンクパンサー水戸赤塚店,茨城県水戸市河和田1-1
スタジオプリモ　マイム水戸店,茨城県水戸市宮町１−２−４マイム水戸B１F
ＧｉＧＯ水戸,茨城県水戸市宮町１−７−４４コムボックス３１０
ピンクパンサー水戸けやき台店,茨城県水戸市酒門町3276-1
ＧｉＧＯ水戸南,茨城県水戸市千波町２０１７−１
ユーズランド水戸内原店,茨城県水戸市内原２−１イオンモール水戸内原２Ｆ
ＧｉＧＯ石岡,茨城県石岡市東大橋中峯１９７６−１
アピナ下館店,茨城県筑西市玉戸１０１２−３
楽市楽座イオンモール土浦店,茨城県土浦市上高津３６７イオンモール土浦ＳＣ３階
ゲームパニックつくば,茨城県土浦市中村東1-1-1サンタスワールド内
ピンクパンサー土浦店,茨城県土浦市木田余４５８５−３
ＧｉＧＯ日立,茨城県日立市田尻町３−２６−１
ゲームメガ日立店,茨城県日立市東多賀町５−１０−１０
ＧｉＧＯ龍ケ崎,茨城県龍ケ崎市藤ケ丘４−２−８
INTER PARK+1宇都宮,栃木県宇都宮市インターパーク６−５−１
TFSトナリエ宇都宮,栃木県宇都宮市駅前通り１丁目４番６号トナリエ宇都宮
ラウンドワン宇都宮店,栃木県宇都宮市江曽島町２０７２−１
ＧｉＧＯ宇都宮,栃木県宇都宮市東宿郷５−１−７
シーサイドリゾートアミューズメントパーク,栃木県宇都宮市睦町７−３
タイトーステーション 宇都宮ベルモール店,栃木県宇都宮市陽東６−２−１ベルモール内２Ｆ
ｎａｍｃｏ宇都宮店,栃木県宇都宮市簗瀬町１６０６−１　Ｐ＆Ｄビル
ｎａｍｃｏフェドラＰ＆Ｄ佐野店,栃木県佐野市高萩町１３４０
アピナ小山店,栃木県小山市駅南町４−２７−１８
タイトーＦステーション小山店,栃木県小山市喜沢1475ハーヴェストウォーク内スポーツシネマ棟
ＧｉＧＯ小山,栃木県小山市東城南１−１−１８
ドラマ足利店,栃木県足利市朝倉町244-1
大田原スポーツランド,栃木県那須塩原市一区町１０４−６０
ＧｉＧＯ西那須野,栃木県那須塩原市南郷屋２−１０６−２７
ＧｉＧＯ日光,栃木県日光市芹沼１４４８−１
インターワールド伊勢崎店,群馬県伊勢崎市宮子町3425-4
ＧｉＧＯスマーク伊勢崎,群馬県伊勢崎市西小保方町３６８スマーク伊勢崎３Ｆ　３０２区画
群馬レジャーランド伊勢崎店,群馬県伊勢崎市連取町3066-1
ＧｉＧＯ館林,群馬県館林市小桑原町９４９−１
ＧｉＧＯＭＥＧＡドン・キホーテ桐生,群馬県桐生市永楽町５−１０ＭＥＧＡドン・キホーテ桐生店３Ｆ
群馬レジャーランド高崎駅東口店,群馬県高崎市江木町３３３−１高崎ＥＸビル
ユーズランド高崎店,群馬県高崎市棟高町１４００番地イオンモール高崎２Ｆ
タイト—Ｆステーション高崎オ—パ店,群馬県高崎市八島町４６−１　高崎オ—パ７階
群馬レジャーランド渋川店,群馬県渋川市八木原1364
ＧｉＧＯ沼田,群馬県沼田市下久屋町１１００−１
ゲームパークＭ１,群馬県前橋市国領町２−１３−６
マトリクス前橋,群馬県前橋市小相木町５５８−１
ラウンドワン前橋店,群馬県前橋市天川大島町１１０１−１
ｎａｍｃｏけやきウォーク前橋,群馬県前橋市文京町２−１−１けやきウォーク前橋2F
群馬レジャーランド太田店,群馬県太田市西矢島町162-2
ＧｉＧＯ太田,群馬県太田市西矢島町５７５−１
ユーズランド太田店,群馬県太田市石原町８１番地イオンモール太田２Ｆ
アピナ太田店,群馬県太田市内ケ島町９０７−１
群馬レジャーランド藤岡店,群馬県藤岡市中2002-1
ウェアハウス岩槻店,埼玉県さいたま市岩槻区加倉３−３−６３
ウェアハウス三橋店,埼玉県さいたま市西区三橋６−９５５−１
埼玉レジャーランド大宮ラクーン店,埼玉県さいたま市大宮区宮町1-60 RAKUUN５階
ラウンドワン大宮店,埼玉県さいたま市大宮区宮町４−９０−７
タイトーステーション 大宮店,埼玉県さいたま市大宮区大門町１−１
ＧｉＧＯイオンモール与野,埼玉県さいたま市中央区本町西５ー２−９イオンモール与野３Ｆ
ＧｉＧＯイオンモール浦和美園,埼玉県さいたま市緑区美園５−５０−１イオンモール浦和美園２Ｆ
アミューズメントフィールドバイヨン,埼玉県ふじみ野市うれし野２−１６−１LCモールうれし野２Ｆ
プラサカプコン羽生店,埼玉県羽生市川崎２−２８１−３イオンモール羽生ショッピングセンター内２F
ユーズランド越谷店,埼玉県越谷市レイクタウン4-2-2イオンレイクタウンKAZE3F
プレビＡＬＣＯ越谷ショッピングスクエア,埼玉県越谷市越ケ谷1-16-6ＡＬＣＯ越谷ｼｮｯﾋﾟﾝｸﾞｽｸｴｱ店地下１階
ＧｉＧＯ南越谷ラクーン,埼玉県越谷市南越谷１丁目１５番１号南越谷ラクーン２Ｆ
アミューズメントＦＵＮＦＵＮ越谷店,埼玉県越谷市南荻島２７７０−１
ウェアハウス越谷店,埼玉県越谷市南荻島８４１−１
ラウンドワンさいたま・栗橋店,埼玉県久喜市小右衛門１９２−１
ソユーゲームフィールド菖蒲店,埼玉県久喜市菖蒲町菖蒲６００５番地１　モラージュ菖蒲３Ｆ
ＳＯＹＵＧａｍｅＦｅｉｌｄ熊谷,埼玉県熊谷市銀座2-245ﾆｯﾄﾓｰﾙ4F
ｎａｍｃｏ熊谷店,埼玉県熊谷市銀座2-97CARPA1階
ＧｉＧＯ籠原,埼玉県熊谷市美土里町１−１−１６９
ギガステーション戸田店,埼玉県戸田市大字美女木943-7
プリモピア鴻巣店,埼玉県鴻巣市北新宿２２５−１UNICUS鴻巣１階
ラウンドワンさいたま・鴻巣店,埼玉県鴻巣市箕田３１６３−７
キャロム坂戸店,埼玉県坂戸市関間2-151-1
ゲームパニック三郷,埼玉県三郷市ピアラシティ1-1-200
ラウンドワンららぽーと新三郷店,埼玉県三郷市新三郷ららシティ3-1-1ららぽーと新三郷2F20000番
ラウンドワンさいたま・上里店,埼玉県児玉郡上里町大字金久保３９４−１
ユーズランド春日部店,埼玉県春日部市下柳４２０−１イオンモール春日部２Ｆ
埼玉レジャーランド春日部店,埼玉県春日部市大字増富字谷際163-1
ラウンドワン所沢店,埼玉県所沢市東町５丁目２２　６階
タイトーステーション 所沢店,埼玉県所沢市日吉町３−７
ＧｉＧＯ所沢,埼玉県所沢市日吉町８−１
ラウンドワン上尾店,埼玉県上尾市大字平塚９１７−１
ウェアハウス上尾店,埼玉県上尾市二ツ宮１０４４
アピナ上尾店,埼玉県上尾市緑丘３−３−１１−２　Ｐ・Ａ・Ｐ・Ａ上尾ＳＣ別棟
ＧｉＧＯ花園,埼玉県深谷市荒川３５９
タイトーＦステーションクレアモール川越店,埼玉県川越市新富町２−１−１３
アミューズランドモナコ川越店,埼玉県川越市新富町2-4-1
アピナ川越店,埼玉県川越市泉町１−１　ウニクス南古谷シネマ棟１Ｆ
ゲームシティ川口店,埼玉県川口市栄町1-10-5
シルクハット川口,埼玉県川口市栄町３−１−１６イート川口ビル４Ｆ
楽市楽座イオンモール川口前川店,埼玉県川口市前川1-1-11イオンモール川口前川店3F
ＧｉＧＯ川口,埼玉県川口市東領家２−２−１０
ソユーゲームフィールド川口店,埼玉県川口市並木元町１−７９　アリオ川口３Ｆ
ウェアハウス草加店別館,埼玉県草加市稲荷２−３６−３３
ラウンドワン草加店,埼玉県草加市谷塚上町２０４番１
ラウンドワン朝霞店,埼玉県朝霞市膝折町２−１６−１０
ラウンドワン入間店,埼玉県入間市小谷田３−７−２５
ＧｉＧＯ入間,埼玉県入間市東藤沢２−１８
タイトーステーション 和光店,埼玉県和光市丸山台１−４−５
アドアーズ和光,埼玉県和光市本町３−５ワコーステーション３　１−３Ｆ
アドアーズ蕨,埼玉県蕨市塚越1-4-4ラ・セーヌビル2階
ラウンドワンわらび店,埼玉県蕨市北町５−１−６
ＧｉＧＯ大宮西口,埼玉県さいたま市大宮区桜木町二丁目３番地２
ＧｉＧＯ旭,千葉県旭市二字野場３１５０−１
アピナ印西店,千葉県印西市原１−２ビッグホップガーデンモール印西２Ｆ
ＧｉＧＯイオン新浦安ショッピングセンター,千葉県浦安市入船１−４−１イオン新浦安ＳＣ４Ｆ
ゲームプラザセントラル浦安店,千葉県浦安市北栄1-16-15
ＧｉＧＯ我孫子,千葉県我孫子市柴崎字天王谷４７−１
フリスポ佐原,千葉県香取市佐原イ−４２００
ラッキー佐倉店,千葉県佐倉市井野1475
千葉レジャーランド成東店,千葉県山武市姫島111-1
ゲームランドちはら台店,千葉県市原市ちはら台西３−４ｕｎｉｍｏちはら台２Ｆ
チャリオット五井店,千葉県市原市五井中央西２−１−２
アピナ市原店,千葉県市原市更級４丁目２番１号アクロスプラザ市原更級Ｆ棟１階
ｎａｍｃｏアリオ市原店,千葉県市原市更級４丁目３番２号アリオ市原２階
ラウンドワン市原店,千葉県市原市八幡北町３−５−１
ラウンドワン市川鬼高店,千葉県市川市鬼高４−１−３
スタジオプリモ本八幡店,千葉県市川市八幡２−１５−１０パティオ５階
本八幡ゲームUNO,千葉県市川市八幡２丁目１６ー６八幡ハタビルB1F
タイトーＦステーション市川妙典店,千葉県市川市妙典4-1-1　イオン市川妙典店2番街2F
ラウンドワン習志野店,千葉県習志野市芝園１−４−５
シルクハット津田沼,千葉県習志野市津田沼１−２−１十三ビル地下１階
ゲームランド津田沼店,千葉県習志野市津田沼１−２３−１イオンモール津田沼２Ｆ
ｎａｍｃｏ松戸店,千葉県松戸市松戸１２３０−１ピアザ松戸１Ｆ
ＧｉＧＯ八柱,千葉県松戸市日暮１−１−１八柱駅第２ビル２Ｆ
プラサカプコン成田店,千葉県成田市ウイング土屋２４イオン成田ＳＣ２Ｆ
アミューズメントパレスワンダーヴュー成田,千葉県成田市飯仲11-18
ＧｉＧＯ稲毛オーツーパーク,千葉県千葉市稲毛区園生町３８０−１
スポーツウェーブ鉄腕24稲毛長沼店,千葉県千葉市稲毛区長沼原町697番地
ソユーゲームフィールド幕張店,千葉県千葉市花見川区幕張町４−４１７−２５　ＩＹ幕張店２Ｆ
ＧａｍｅＦｉｅｌｄ千城台店,千葉県千葉市若葉区千城台北３丁目２１−１イコアス千城台３Ｆ
ＧｉＧＯフェスティバルウォーク蘇我,千葉県千葉市中央区川崎町５１−１ハーバーシティ蘇我ＦＷ　１Ｆ
スポーツウェーブ鉄腕24,千葉県千葉市中央区浜野町1025-59
ＧｉＧＯ千葉,千葉県千葉市中央区富士見２−４−１
アドアーズ千葉,千葉県千葉市中央区富士見２−４−１５第一東和ビル
ラッキー中央店・フェリシダ,千葉県千葉市中央区富士見2-8-1
ＧｉＧＯ幕張,千葉県千葉市美浜区ひび野１−８メッセ・アミューズ・モール１Ｆ
ｎａｍｃｏイオンモール幕張新都心店,千葉県千葉市美浜区豊砂１−１ｲｵﾝｸﾞﾗﾝﾄﾞﾓｰﾙ３F
アミューズメントエース津田沼,千葉県船橋市前原西２−１５−１ファシービル
アドアーズ船橋,千葉県船橋市本町１−３１−２６セブン船橋Ｂ１Ｆ〜３Ｆ
タイトーステーション 船橋店,千葉県船橋市本町１−６−１
ＧｉＧＯイオンモール銚子,千葉県銚子市三崎町２−２６６０−１イオンモール銚子２Ｆ
スーパーウェーブ柏,千葉県柏市十余二２４９−５
ラウンドワンアリオ柏店,千葉県柏市大島田１丁目６番地１セブンパークアリオ柏　１０７０
柏ガリバー,千葉県柏市柏１−１−１１ファミリかしわ地下
ＧｉＧＯ柏,千葉県柏市柏１−１−１１丸井デパート内Ｂ１Ｆ
タイトーステーション 柏店,千葉県柏市柏２−３−１フーサワビル
ラッキーバッティングドーム八千代店,千葉県八千代市大和田新田1088
ＧＡＭＥ　ＳＱＵＡＲＥ茂原店,千葉県茂原市六ツ野八貫野２７８５−１ライフガーデン茂原内
ソユーゲームフィールド木更津店,千葉県木更津市築地１−４イオンモール木更津２F
イスカンダル木更津店,千葉県木更津市潮見４−１−２
千葉レジャーランド野田店,千葉県野田市吉春776-1
アピナ野田七光台店,千葉県野田市七光台４−２
ウェアハウス南流山店,千葉県流山市南流山４−１６−６
ＧｉＧＯそよら成田ニュータウン,千葉県成田市赤坂２丁目１ー１０５Ｆ５１０区画
東京レジャーランド亀有店,東京都葛飾区亀有3-21-2
アドアーズ新小岩,東京都葛飾区新小岩１−４４−４　ＶＯＲＴ新小岩ビル
ＧｉＧＯ西葛西,東京都江戸川区西葛西５−１−１４第一保志ビル
ＧｉＧＯ船堀,東京都江戸川区船堀１ー６ー１１
ドットコム葛西,東京都江戸川区中葛西３−３５−５
ＧｉＧＯアリオ葛西,東京都江戸川区東葛西９−３−３イトーヨーカドー３Ｆ
アドアーズ亀戸店,東京都江東区亀戸５−２−６サンエービル１〜５階
ラウンドワンダイバーシティ東京プラザ店,東京都江東区青海1-1-10ダイバーシティ東京プラザ6階61000
ラウンドワン南砂店,東京都江東区南砂６−７−１５トピレックプラザ４Ｆ
株式会社GENDA GiGO Entertainment,東京都港区東新橋1-9-1　東京汐留ビルディング17F
タイトーステーション国分寺店,東京都国分寺市本町３−５−１１
アミューズメントスペースASO：VIBA！,東京都渋谷区恵比寿1-10-5三恵エビスビル2F
ＧｉＧＯ渋谷宮益坂,東京都渋谷区渋谷１−１４−１４ＥＳＴ１階・７階
タイトーステーション 渋谷店,東京都渋谷区渋谷１−２４−１２渋谷東映プラザ
ウェアハウス一橋学園店,東京都小平市学園東町一丁目４番３９号平山ビル３Ｆ
ゲームパニック新宿歌舞伎町,東京都新宿区歌舞伎町1-20-1　ﾋｭｰﾏｯｸｽﾊﾟﾋﾞﾘｵﾝ1階2階
タイトーステーションＢＩＧＢＯＸ高田馬場店,東京都新宿区高田馬場１−３５−３　ＢＩＧＢＯＸ６Ｆ
ＧｉＧＯ高田馬場,東京都新宿区高田馬場４−７−５高田馬場グランド東京
新宿スポーツランド本館,東京都新宿区新宿3-22-12
タイトーステーション新宿東口店,東京都新宿区新宿３−２２−７　指田ビル
タイトー新宿南口ゲームワールド店,東京都新宿区新宿３−３５−８
ＧｉＧＯ神楽坂,東京都新宿区神楽坂２−１１第２カグラヒルズ１Ｆ
ＧｉＧＯ新宿西口,東京都新宿区西新宿１−１２−５Ｂ１Ｆ・１Ｆ
ゲームスタジオキューブ高円寺店,東京都杉並区高円寺南4-26-12-B1
アピナ荻窪店,東京都杉並区上荻１−１３−１０ハクサンビル
ドラマ瑞穂店,東京都西多摩郡瑞穂町武蔵382-1
ユーズランド日の出店,東京都西多摩郡日の出町大字平井237-3イオンモール日の出３Ｆ
キャロム青梅店,東京都青梅市千ケ瀬町4-326-1
ＧｉＧＯ秋葉原１号館,東京都千代田区外神田１−１０ー９
Ｈｅｙ,東京都千代田区外神田１−１０−５廣瀬本社ビル２F
ＧｉＧＯ秋葉原３号館１,東京都千代田区外神田１−１１−１１外神田１丁目ビルディング
ゲームパニック秋葉原,東京都千代田区外神田1-13-1　Akihabara ex
東京レジャーランド秋葉原店,東京都千代田区外神田1-9-5
ｎａｍｃｏ秋葉原,東京都千代田区外神田１丁目１５番９号
タイトーステーション 秋葉原店,東京都千代田区外神田４−２−２貴三ビル
東京レジャーランド秋葉原2号店,東京都千代田区外神田4-3-3ミナミビル6F・7F
ＧｉＧＯ竹の塚,東京都足立区竹の塚６−８−６ピーくんＰｌａｚａ−ｂ
ウェアハウス入谷店,東京都足立区入谷７−８−１１
ウェアハウス保木間店,東京都足立区保木間１−１−１９
Amusement&Game MAGHREB,東京都多摩市落合１−４１−１マグレブウェスト１階・２階
タイトーステーション 上野アメ横店,東京都台東区上野４−１０−１７
アドアーズ上野アメ横,東京都台東区上野４−９−１４上野Ｋ．ＫビルＢ１〜４階
ＧｉＧＯ大森,東京都大田区山王２−１−５大森駅ララビル２Ｆ
シルクハット蒲田西口,東京都大田区西蒲田７−２−３第二醍醐ビル地下１階〜２階
SOYU ZAURUS WORLD 大森店　,東京都大田区大森北2-13-1イトーヨーカドー大森店3F
ＧｉＧＯ池上,東京都大田区池上６−２−３松山ビル２Ｆ
アドアーズ中野,東京都中野区中野５−５２−１５　ブロードウェイ１８５
ｎａｍｃｏ中野店,東京都中野区中野５−５２−１５中野ブロードウェイ別館
ＧｉＧＯ町田,東京都町田市原町田６−１３ー１７アーバンミサワビルＢ１
タイトーステーション 町田店,東京都町田市原町田６−２１−２３　松山ビル１階
アドアーズ町田,東京都町田市原町田６−２１−２５　大正堂第２ビル１〜４Ｆ
ラウンドワン町田店,東京都町田市森野１−１３−１４
ＧｉＧＯ南町田ＧＢＰシアター,東京都町田市鶴間３−４−１ワンダーシアター１階Ｈ１０３区画
アドアーズ仙川,東京都調布市仙川町２−２１−１２　ＶＩＣビル７
アミューズランドモナコ調布駅前店,東京都調布市布田４−２−２２
アピナ八王子みなみ野店,東京都八王子市みなみ野１−２−１アクロスモール３Ｆ
シルクハット八王子,東京都八王子市旭町２−５　八王子ツインタワービル３階
ソユープレイランドソピア八王子店,東京都八王子市狭間町1462-1イトーヨーカドー八王子店3F
ドラマ八王子高倉店,東京都八王子市高倉町55-4
ゲームプラザセントラル八王子店,東京都八王子市東町12-15第5セントラル
アピナ成増店,東京都板橋区成増二丁目２１番２号　メガドンキホーテ成増店５階
ラウンドワン板橋店,東京都板橋区相生町１６−１３
ゲームサファリ大山,東京都板橋区大山東町60-10やすだ大山駅前店2F
ＧｉＧＯ府中,東京都府中市西原町１−６−２フレスポ府中１Ｆ・２Ｆ
ラウンドワン府中本町駅前,東京都府中市本町１−１３−３カネタビル
ラウンドワン武蔵村山店,東京都武蔵村山市伊奈平３−１−１
ＧｉＧＯイオンモールむさし村山,東京都武蔵村山市榎１−１−３−２０５９
プラサカプコン吉祥寺店,東京都武蔵野市吉祥寺本町１−１０−１いなりやビル地下１階
ラウンドワン吉祥寺店,東京都武蔵野市吉祥寺本町1-11-22
東京レジャーランド吉祥寺店,東京都武蔵野市吉祥寺本町1-3-7　YSビル地下１階〜4階
ＧｉＧＯ福生,東京都福生市福生１０７６−１
タイトーステーション 池袋西口店,東京都豊島区西池袋１−１５−９第一西池ビル
ｎａｍｃｏ巣鴨店,東京都豊島区巣鴨１−１５−１宮田ビルB2F
ラウンドワン池袋店,東京都豊島区東池袋１−１４−１
GiGO池袋3号館,東京都豊島区東池袋1-1-4池袋北辰ビル
ｎａｍｃｏ池袋店ＲＥＤ,東京都豊島区東池袋１−２２−１０　ＨＵＭＡＸパビリオン１Ｆ
東京レジャーランド池袋店,東京都豊島区東池袋１−２９−１サントロペ池袋２階３階
ＧｉＧＯ総本店,東京都豊島区東池袋一丁目１３番６号
ゲームＷ,東京都豊島区南長崎5-27-6
ｎａｍｃｏ王子サンスクエア店,東京都北区王子１−４−１サンスクエア２階
ＧｉＧＯ赤羽駅前,東京都北区赤羽１−２−４
ＧｉＧＯ赤羽,東京都北区赤羽１−７−９赤羽第一葉山ビルＢ１
東十条ゲームリボン,東京都北区東十条4-4-23　岩本ビル
タイトーステーション錦糸町楽天地店,東京都墨田区江東橋４−２７−１４楽天地ビルＢ１Ｆ
タイトーＦステーションオリナス錦糸町店,東京都墨田区太平4-1-2オリナスモール地下1F
ＧｉＧＯ自由が丘,東京都目黒区自由が丘２ー１０ー９
ＷＯＲＬＤ　ＧＡＭＥ　ＣＩＲＣＵＳ,東京都立川市羽衣町２−４−１３羽衣長田ビル１０１ＷＧＣ
ＧｉＧＯ立川,東京都立川市柴崎町３−２−１サザンビル１・２Ｆ
タイトーステーション立川北口店,東京都立川市曙町２−４−５OSJ　TACHIKAWA ２・３Ｆ
ミラクルイン中村橋,東京都練馬区貫井１−１−２ＹＫビル２Ｆ
プラサカプコン横須賀店,神奈川県横須賀市若松町2-30モアーズシティ4F　ゲームコーナー
ＧｉＧＯ新杉田,神奈川県横浜市磯子区杉田１−１−１らびすた新杉田２Ｆ
タイトーステーション戸塚西口店,神奈川県横浜市戸塚区戸塚町４０２３
ソユーゲームフィールド上大岡店,神奈川県横浜市港南区上大岡西１−１８−３　ミオカリスト館６階
ＧｉＧＯ綱島,神奈川県横浜市港北区綱島西２−６−２９
ラウンドワン横浜綱島店,神奈川県横浜市港北区樽町２−６−４０Ｔ-PLATZ内
イミグランデ日吉店３,神奈川県横浜市港北区日吉2−2−4
タイトーステーション横浜西口五番街店,神奈川県横浜市西区南幸１−１２ー９　７階
ラウンドワン横浜駅西口店,神奈川県横浜市西区南幸２−８−１６
シルクハット伊勢佐木町,神奈川県横浜市中区伊勢佐木町３—９６日活会館３階
ＧｉＧＯ横浜中華街,神奈川県横浜市中区山下町８０−１
ゲームコスモ鶴見店,神奈川県横浜市鶴見区豊岡町１７−４
ＧｉＧＯセンター南,神奈川県横浜市都筑区茅ヶ崎中央３−２５
サープラ横浜あそびタウン,神奈川県横浜市都筑区中川中央１−２５−１ＮＰモール６Ｆ
ドラマ港北インター店,神奈川県横浜市都筑区東方町321-6
タイトーステーション海老名ビナウォーク店,神奈川県海老名市中央１−１８−１　ビナウォーク６番館２Ｆ
ＧｉＧＯ海老名,神奈川県海老名市中央一丁目４番３１号海老名プラザビル１階
シルクハット大船,神奈川県鎌倉市大船１−２４　大船駅前ビル１〜３Ｆ
神奈川レジャーランド厚木店,神奈川県厚木市戸室5-31-1
シルクハット本厚木,神奈川県厚木市中町３−４−２２第二会田ビル２階
ＧｉＧＯ本厚木,神奈川県厚木市中町４−１５−９
テクモピア座間店,神奈川県座間市ひばりが丘４−１１−４８
タイトーステーション 小田原店,神奈川県小田原市栄町１−３−１２
ＧｉＧＯダイナシティ小田原,神奈川県小田原市中里２９６−１ダイナシティイーストモール３Ｆ
タイトーステーション溝の口,神奈川県川崎市高津区溝口１−１１−８ＯＫＫＡ６３４ビル３階
イミグランデ溝口店,神奈川県川崎市高津区溝口１−１４−７　第二カスタムビル
ラウンドワン高津店,神奈川県川崎市高津区二子４−８−１
シルクハット川崎ダイス,神奈川県川崎市川崎区駅前本町８番地ダイスビル地下２階
プレイランド川崎,神奈川県川崎市川崎区小田栄2-2-1-3F
ラウンドワン川崎大師店,神奈川県川崎市川崎区殿町１−５−１
タイトーFステーション向ヶ丘遊園店,神奈川県川崎市多摩区登戸2718-1
ＧｉＧＯ相模原ラクーン,神奈川県相模原市中央区小山１ー１ー１４
ムトス相模原店,神奈川県相模原市中央区中央２−１−５
ＧｉＧＯイト—ヨーカドー古淵,神奈川県相模原市南区古淵３−１３−３３イトーヨーカドー３Ｆ
ＧｉＧＯ相模大野,神奈川県相模原市南区相模大野３−１３−２東和ビル２Ｆ・３Ｆ
アドアーズ橋本,神奈川県相模原市緑区橋本３−３−１ＳＩＮＧビル２Ｆ
アピナ橋本店,神奈川県相模原市緑区西橋本５−１−１ラ・フロール駐車場棟１階
プレビ　アリオ橋本店,神奈川県相模原市緑区大山町１−２２アリオ橋本店内２階
プレイランド大和鶴間,神奈川県大和市下鶴間１−３−１イトーヨーカドー大和鶴間店３Ｆ
アドアーズ大和店Ａ館,神奈川県大和市大和東１−４−３大黒屋ビル１、２階
ゲームインファンファン藤沢店,神奈川県藤沢市鵠沼石上１−３−８
ＳＯＹＵGAME　FIELD湘南店,神奈川県藤沢市辻堂新町4-1-1湘南モールＦＩＬＬ2F
タイトーステーション 藤沢店,神奈川県藤沢市南藤沢２１−１
ドラマ藤沢店,神奈川県藤沢市本藤沢5-6-8
ｎａｍｃｏＯＳＣ湘南シティ店,神奈川県平塚市代官町３３−１ＯＳＣ湘南シティ内
ラウンドワンららぽーと湘南平塚店,神奈川県平塚市天沼１０−１３階 ３３２８０番
タイトーＦステーション燕三条店,新潟県燕市井土巻３−１５０イオン県央店アメニティ棟１Ｆ
メジャーロード24,新潟県見附市今町4-20-568-1
ＨａｐｉｐｉＬａｎｄ十日町,新潟県十日町市丑７３５−１
アピナ上越インター店,新潟県上越市下門前１６６１
上越レジャーランボウル,新潟県上越市下門前薬島827-2
タイトーＦステーション上越店,新潟県上越市富岡3524 J-MAXシアター内1F
プレイハウス　エリナ,新潟県新潟市西蒲区津雲田６４０
ｎａｍｃｏ新潟店,新潟県新潟市中央区南笹口１−１−１　ひもろぎビル２Ｆ
ラウンドワン新潟店,新潟県新潟市中央区美咲町２−１−３８
カプコサーカス新潟東店,新潟県新潟市東区大形本町３−１−２　イオン新潟東
アピナ長岡店,新潟県長岡市堺東町２２
ゲームセンターテクノポリス,新潟県長岡市要町1-8-50
プレイゾーン　バンブー,新潟県南魚沼市竹俣６０ー５
ＧｉＧＯ万代シティバスセンタービル,新潟県新潟市中央区万代１丁目６番１号
ゲームスポットアップル,富山県魚津市吉島二丁目４０７−１
ＧｉＧＯイオンモール高岡,富山県高岡市下伏間３８３　イオンモール高岡２Ｆ２００１Ａ区画
ユーズランド高岡店,富山県高岡市下伏間江３８３イオンモール高岡２Ｆ
キッズサーカス五福店,富山県富山市五福1143-1
アピナ富山新庄店,富山県富山市荒川３−２−１２
トヤマレジャーランド呉羽店,富山県富山市高木字貝塚2054
ＧｉＧＯマリエとやま,富山県富山市桜町１丁目１番６１号マリエとやま４Ｆ
タイトーステーション ファボーレ婦中店,富山県富山市婦中町下轡田１６５−１フューチャーファボーレ２F
アピナ富山豊田店,富山県富山市豊田町２丁目１２−６６
アピナ富山南店,富山県富山市堀川町３５５−３　マイプラザ内
富山レジャーランド掛尾店,富山県富山市高木字貝塚2054富山市掛尾町360-1
バイパスレジャーランド加賀店,石川県加賀市箱宮町ヲ1-1
ラウンドワン金沢店,石川県金沢市横川6-120-1
ＧｉＧＯイオンタウン金沢示野,石川県金沢市戸板西２−１
ＧｉＧＯアルプラザ金沢,石川県金沢市諸江町３０−１
バイパスレジャーランド藤江新館,石川県金沢市藤江南2-105
タイトーステーション 金沢店,石川県金沢市片町２−１−７宇都宮片町ビル1F
楽市楽座イオンモール新小松店,石川県小松市清六町３１５イオンモール新小松店２Ｆ
ＭＩＲＡＩＮＯイオンモール白山店,石川県白山市横江町５００１番地
アピナ野々市店,石川県野々市市白山町４−１イオンタウン野々市店内
ＧｉＧＯ武生,福井県越前市新町３−１３−４
アル・プラザボウル鯖江,福井県鯖江市下河端町１６字下町６−１
ＪＯＹＬＡＮＤ敦賀店,福井県敦賀市木崎４０ー１２
福井レジャーランド板垣店,福井県福井市下馬３−１０２
ＧｉＧＯ福井,福井県福井市丸山１−４１０
フクイレジャーランドワイプラザ店,福井県福井市新保北1-303　ヤスサキワイプラザＢ棟2Ｆ
ゲームパニック甲府,山梨県甲府市国母5-20-24
プラサカプコン甲府店,山梨県中巨摩郡昭和町西条字北河原３７１７
楽市楽座イオンモール甲府店,山梨県中巨摩郡昭和町飯喰１５０５−１イオンモール２０１１
ＧｉＧＯ豊科,長野県安曇野市豊科南穂高１１１５
アピナ伊那店,長野県伊那市大字西町５０９３
アピナ塩尻店,長野県塩尻市広丘野村１７９４−１
ゲームゾーン岡谷店,長野県岡谷市中央町２−２−１イルプラザ１Ｆ
ＧｉＧＯ岡谷,長野県岡谷市塚間町２−１−２１
アピナ佐久インター店,長野県佐久市岩村田北１−１３−１
ｎａｍｃｏイオンモール佐久平店,長野県佐久市佐久平駅南11-10ｲｵﾝﾓｰﾙ佐久平2階
アピナ松本店,長野県松本市双葉１９−１０
楽市楽座イオンモール松本店,長野県松本市中央四丁目９番５１号
アピナ上田店,長野県上田市秋和３５９−１
ＧｉＧＯ上田,長野県上田市大字上田１８４７−１
ソユーゲームフィールド長野店,長野県長野市三輪９−４３−２４イオンタウン長野三輪店
アピナ長野大橋店,長野県長野市若里７−９−１２
アピナ長野川中島店,長野県長野市川中島町御厨９６７−１
アピナ長野村山店,長野県長野市村山５０２−１
THE 3RD PLANET 長野大通り店,長野県長野市大字鶴賀権堂町１５０６−３長電権堂第２ビル１Ｆ
ラウンドワン長野店,長野県長野市大字東和田８２７番地６
アピナ飯田店,長野県飯田市座光寺３７２８−１
オリエンタルバッティング可児店,岐阜県可児市今渡６９５−１
ゲームピコ鵜沼店,岐阜県各務原市鵜沼西町３丁目３０９　イオンタウン各務原鵜沼内
アピナ各務原店,岐阜県各務原市蘇原花園町２丁目９番地１
ＧｉＧＯマーゴ関,岐阜県関市倉知５１６
Ａ．Ｃ．グランド,岐阜県岐阜市茜部大川1-77
ＧｉＧＯ高山,岐阜県高山市上岡本町７−７
岐阜レジャーランド穂積店,岐阜県瑞穂市稲里630番地
大垣メトロポリス,岐阜県大垣市三塚町西沼５２３−１
コミ丸アリババ大垣店,岐阜県大垣市池尻町９４０−１
ＧｉＧＯアクアウォーク大垣,岐阜県大垣市林町６ー８０ー２１アクアウォーク大垣２Ｆ
ＭＩＲＡＩＮＯイオンモール土岐店,岐阜県土岐市土岐津町土岐口中山１３７２番地の1　イオンモール常滑店2F
ラウンドワンモレラ岐阜店,岐阜県本巣市三橋１１００
ＧｉＧＯ掛川,静岡県掛川市細田２４８
ＧｉＧＯサントムーン柿田川,静岡県駿東郡清水町玉川６１−２サントムーン柿田川２Ｆ
沼津バッティングスタジアム,静岡県沼津市岡一色１９−２
サープラ沼津あそびタウン,静岡県沼津市大手町１−１−５
アップルグランリバー大井川店,静岡県焼津市下江留１３２７
アピナ焼津店,静岡県焼津市道原５８５
THE 3RD PLANET 焼津店,静岡県焼津市八楠3-18-5
アップル新北街道店,静岡県静岡市葵区沓谷5-13-4
タイトーＦステーション静岡,静岡県静岡市葵区呉服町２−５−４　ふしみや第２ビル
ＧｉＧＯ静岡,静岡県静岡市葵区七間町４番地
ラウンドワン静岡・駿河店,静岡県静岡市駿河区手越７５
ソユー竜宮タウン静岡店,静岡県静岡市駿河区石田1-5-1アピタ静岡ＳＣ2Ｆ
ＧｉＧＯベイドリーム清水,静岡県静岡市清水区駒越北８−１ベイドリーム清水２Ｆ
スーパーウェーブ静岡,静岡県静岡市清水区鳥坂８６０
ＧｉＧＯ袋井,静岡県袋井市川井１１４２−１
アップル島田店,静岡県島田市宝来町8-5
アピナ磐田店,静岡県磐田市西貝塚横須賀道北3690イオンタウン磐田内
アピナ浜松店,静岡県浜松市中央区葵西２−２７−１０
サープラＯＺ浜松あそびタウン,静岡県浜松市中央区宮竹町３２２−１
プラサカプコン志都呂店,静岡県浜松市中央区志都呂町2-37-1 ｲｵﾝﾓｰﾙ浜松志都呂3F
タイトーステーション新浜松ザザシティ店,静岡県浜松市中央区鍛冶町１５サザンシティ西館２Ｆ
ポート２４浜松店,静岡県浜松市中央区坪井町4183-1
タイトーFSイオンモール浜松市野店,静岡県浜松市中央区天王町字諏訪１９８１−３
ラウンドワン浜松店,静岡県浜松市中央区天王町諏訪１９８１−１７
楽市楽座サンストリート浜北店,静岡県浜松市浜名区平口２８６１サンストリート浜北
タイトーＦステーションイオン富士宮店,静岡県富士宮市浅間町１−８　イオンモール富士宮３Ｆ
ラウンドワン富士店,静岡県富士市八代町４−１５
ＨａｐｉｐｉＬａｎｄ富士八幡町店,静岡県富士市八幡町６−３　マックスバリュ富士八幡町内
ＧｉＧＯ安城,愛知県安城市百石町２−３５−１３
安城メトロポリス,愛知県安城市浜富町６−８
ＧｉＧＯイオンモール木曽川,愛知県一宮市木曽川町黒田八ヶ池２５−１イオンモール木曽川３Ｆ
ＧｉＧＯ尾西,愛知県一宮市篭屋３−９−７アソビックスびさい１Ｆ
ゲーム　アルカナ,愛知県稲沢市朝府町２−３３
ＡＤＸマミー岡崎店,愛知県岡崎市井田新町６−１
ゲームファンタジアン岡崎店,愛知県岡崎市錦町２−４
ゲームランド岡崎店,愛知県岡崎市戸崎町字外山３８−５イオンモール岡崎　シネマ館2階
ＧｉＧＯ岡崎,愛知県岡崎市上地３−５０−４
VIVID蟹江店,愛知県海部郡蟹江町桜一丁目２１２番地　ヨシズヤ２階
ポート２４幸田店,愛知県額田郡幸田町相見沖原1-3
M's PARK刈谷店,愛知県刈谷市稲場町３−２０６
アミューズメントプラザ　マルシン,愛知県刈谷市池田町4-609
ＧｉＧＯイオンタウン刈谷,愛知県刈谷市東境町京和１
ＧｉＧＯ春日井,愛知県春日井市岩野町４１８０
オークランドボウル春日井,愛知県春日井市鳥居松町３−１１　１階ゲームコーナー
ＡＤＸマミー出川店,愛知県春日井市不二ヶ丘１丁目５番地
ラウンドワンイーアス春日井店,愛知県春日井市六軒屋町東丘２２テナント区画番号３０１０
アミューズメントワールドメトロポリス小牧,愛知県小牧市村中新町３３
アミューズファクトリー常滑店,愛知県常滑市りんくう町2-20-3イオンモール常滑2F
ＧｉＧＯ東名ボール,愛知県瀬戸市西原町２−１１４
ムー大陸西尾シャオ店,愛知県西尾市下町御城下２３−１シャオ２Ｆ
ユーズランド東浦店,愛知県知多郡東浦町緒川旭１３−２イオンモール東浦２Ｆ
ＧｉＧＯギャラリエアピタ知立,愛知県知立市長篠町大山１８−１ギャラリエアピタ１Ｆ
ゲームファンタジアン長久手店,愛知県長久手市武蔵塚705
アミューズメントプラザワイド,愛知県東海市名和町二番割上16-2
ＧｉＧＯプライムツリー赤池,愛知県日進市赤池町箕ノ手１番
半田メトロポリス,愛知県半田市旭町３−１１−１
ラウンドワン半田店,愛知県半田市瑞穂町６−７−８
ラウンドワン豊橋店,愛知県豊橋市大岩町字岩田２７−２
アピナ豊橋,愛知県豊橋市藤沢町１４１ホリデイ・スクエアＡＭ棟１階
ＧｉＧＯ豊橋飯村,愛知県豊橋市飯村町字西山２５−１２１
ＭＩＲＡＩＮＯイオンモール豊川店,愛知県豊川市白鳥町兎足１丁目１６　イオンモール豊川３階
タイトーステーション豊田ＧＡＺＡ,愛知県豊田市喜多町１−１４０ＧＡＺＡ３階
M's PARK豊田店,愛知県豊田市寿町３−２１、２２
ＧｉＧＯ豊田,愛知県豊田市深田町１−６５−１
ラウンドワン名古屋西春店,愛知県北名古屋市宇福寺神明１５
ファンタジックランド西春店,愛知県北名古屋市鹿田若宮3926-10ヨシズヤ５階,楽市街道 名古屋店,愛知県北名古屋市中之郷新明４５−１
楽市楽座イオンモール名古屋茶屋店,愛知県名古屋市港区西茶屋２−１１イオンモール名古屋茶屋３階
ポート２４八事店,愛知県名古屋市昭和区広路町北石坂102番地4
ＧｉＧＯイオンタウン名西,愛知県名古屋市西区香呑町６−４９−１イオンタウン名西２Ｆ
ＧｉＧＯｍｏｚｏワンダーシティ,愛知県名古屋市西区二方町４０番
ラウンドワン千種店,愛知県名古屋市千種区新栄3-20-17タイホウ千種駅前南ビル8階
ゲーム キングジョイ,愛知県名古屋市中区栄3-3-32
コムテックスクウェア,愛知県名古屋市中区金山1-16-8
タイトーステーションフェドラ大須店,愛知県名古屋市中区大須３−３０−３１高松寺駐車場ビル1階・2階
ゲームパニック大須,愛知県名古屋市中区大須3-30-93　メガタウンB1F
ラウンドワン中川１号線店,愛知県名古屋市中川区法蔵町２−２３
ｎａｍｃｏ名古屋駅前店,愛知県名古屋市中村区椿町６−６ニッセイ名古屋西ビル別館Ｂ１
ＧｉＧＯマーケットスクエアささしま,愛知県名古屋市中村区平池町４丁目６０番地１４号
コムテックタワー,愛知県名古屋市中村区名駅４−１０−２０
名古屋レジャーランド内田橋店,愛知県名古屋市南区内田橋2-26-22
ＧｉＧＯ金山,愛知県名古屋市熱田区金山１−１９ー２
ファンタジープラザ名古屋,愛知県名古屋市北区玄馬町２３４−１ﾄﾞﾝｷﾎｰﾃ名古屋本店　クロスタウン２F
プラサカプコン徳重店,愛知県名古屋市緑区元徳重１丁目５０５ビルズウォーク徳重ガーデンズ２F
ゲームパニック大高,愛知県名古屋市緑区忠治山２０１番地
SOYU BREMEN TOWN 鳴海店,愛知県名古屋市緑区鳴海町字伝治山3-9　アピタ鳴海店2F
ラウンドワン鳴海店,愛知県名古屋市緑区鳴海町杜若２８
タイトーＦステーション弥富店,愛知県弥富市五明町蒲原１３７１‐４
ドリームキャンディ,三重県伊賀市小田町瓜谷７１１−１
ＧｉＧＯ伊勢,三重県伊勢市中須町６６６
楽市楽座イオンモール東員店,三重県員弁郡東員町大字長深字築田５１０−１
ラウンドワンみえ川越インターチェンジ店,三重県三重郡川越町南福崎８５１−１
アソビックスゲームワールド,三重県三重郡朝日町小向181
プレビ　トナリエ四日市,三重県四日市市安島１−３−３１トナリエ５階
アミューズメントスペースコミ丸四日市店,三重県四日市市鵜の森1-3-19
ＧｉＧＯ生桑,三重県四日市市生桑町字川原崎２９９−１
アピナ四日市店,三重県四日市市泊小柳町４−３４
ゲームチャオ松阪店,三重県松阪市船江町７８０
ＧｉＧＯアドバンスモール松阪,三重県松阪市田村町２３５−１
ＧｉＧＯ久居,三重県津市久居明神町字風早２５３４−１
ラウンドワン津・高茶屋店,三重県津市高茶屋小森町２７７−８
ＧｉＧＯ名張,三重県名張市希央台３番地１５
アピナ鈴鹿店,三重県鈴鹿市庄野羽山4-20-1イオンタウン鈴鹿2階
アミパラ鈴鹿店,三重県鈴鹿市西条町字東澤430-1
エースレーン愛知川,滋賀県愛知郡愛荘町長野２００
エースレーン近江八幡店,滋賀県近江八幡市出町７３６アクトビル１Ｆ
タイトーＦステーションイオン近江八幡店,滋賀県近江八幡市鷹飼町南３−７　１階
ＧｉＧＯ甲西,滋賀県湖南市夏見字二ツ橋３５６−１
エースレーン守山,滋賀県守山市播磨田町２３１−４ＡＣＴ守山３番館内
ゲームランド草津店,滋賀県草津市新浜町３００番地イオンモール草津３階
ＧｉＧＯエイスクエア草津,滋賀県草津市西渋川１−２３−２３エイスクエアＳＡＲＡ南館２階
ACT草津ACTION,滋賀県草津市野路町1161-1
滋賀レジャーランド大津店,滋賀県大津市におの浜３−１−４３　イオンタウンアヤハプラザ内
エースレーン堅田,滋賀県大津市今堅田２−４０−１０
ラウンドワン浜大津アーカス店,滋賀県大津市浜町２−１浜大津アーカス内
ゲームディーノ彦根店,滋賀県彦根市西沼波町１６６
ｎａｍｃｏビバシティ彦根店,滋賀県彦根市竹ケ鼻町４３−１ビバシティ彦根２Ｆ
ラウンドワン京都河原町店,京都府京都市中京区河原町通三条下ル山崎町２５０
楽市楽座イオンモール京都桂川店,京都府京都市南区久世高田町376-1イオンモール京都桂川店３階
バンダイナムコＣｒｏｓｓＳｔｏｒｅ京都,京都府京都市南区西九条鳥居口町1ｲｵﾝﾓｰﾙKYOTO SAKURA館4階
ラウンドワン京都伏見店,京都府京都市伏見区下鳥羽平塚町１３１
ＧｉＧＯＭＯＭＯテラス京都伏見,京都府京都市伏見区桃山町山ノ下３２京都ＳＣビルＡＭ棟２Ｆ
パルケ上賀茂店,京都府京都市北区上賀茂西河原１−１
バザールタウン舞鶴キッズワールド,京都府舞鶴市伊佐津200-5
ｎａｍｃｏらぽーる店,京都府舞鶴市南浜町２７－５らぽーる３Ｆ
あそＶＩＶＡゲームセンター,京都府福知山市字堀小字上高田２１４６−１
ゲームディーノ阪急茨木店,大阪府茨木市永代町５ ソシオビルＢ１
あそＶＩＶＡ阪急茨木店,大阪府茨木市永代町６−２スポーツプラザ茨木２Ｆ
宝島岸和田店,大阪府岸和田市春木若松町21-1ラパーク岸和田店2F
ラウンドワン岸和田店,大阪府岸和田市八阪町２−１１−１
ラウンドワン高槻店,大阪府高槻市辻子３−６−４
ラウンドワン堺駅前店,大阪府堺市堺区戎島町4-44-3
ゲームパニック堺,大阪府堺市堺区築港八幡町1番地堺浜ｼｰｻｲﾄﾞｽﾃｰｼﾞ内堺浜ｴﾝﾀﾒ館
SOYU GAME FIELD堺鉄砲町店,大阪府堺市堺区鉄砲町1番地イオンモール堺鉄砲町3F
ラウンドワン堺中央環状店,大阪府堺市東区石原町２−２４１
楽市楽座イオンモール四條畷店,大阪府四條畷市砂4-3-2イオンモール四條畷店3F
ラウンドワン守口店,大阪府守口市佐太東町２−６−１４ジャガーグリーン２Ｆ
モンキートリック,大阪府寝屋川市香里南之町32-5　YNレジデンス香里2F
ＧｉＧＯビバモール寝屋川,大阪府寝屋川市寝屋南２−２２−２ビバモール寝屋川モール棟２Ｆ
ＹＡＺ寝屋川店,大阪府寝屋川市石津中町25-26
ENTERTAINMENT FIELD ららぽーとEXPOCITY店,大阪府吹田市千里万博公園２−１ららぽーとＥＸＰＯＣＩＴＹ３Ｆ
ソユーゲームフィールド泉南店,大阪府泉南市りんくう南浜３番１２イオンモールりんくう泉南２Ｆ
ＧｉＧＯあべのアポロ３階,大阪府大阪市阿倍野区阿倍野筋１−５−３１アポロビル３Ｆ
Ｇ−ｐａｌａあべの,大阪府大阪市阿倍野区阿倍野筋３−１０−１あべのベルタ２Ｆ
ＧｉＧＯ今福,大阪府大阪市城東区今福東１−９−３４
ラウンドワン城東放出店,大阪府大阪市城東区今福南3-4-38
ラウンドワン千日前店,大阪府大阪市中央区難波１−３−１
タイトーステーション 難波店,大阪府大阪市中央区難波千日前１５−１２
ラウンドワン東淀川店,大阪府大阪市東淀川区菅原７−１４−２８
ｎａｍｃｏ梅田店,大阪府大阪市北区小松原町３−３ＯＳビル２Ｆ
ラウンドワン梅田店,大阪府大阪市北区小松原町４−１６
ＧｉＧＯ東梅田,大阪府大阪市北区堂山町９−２８
ＧｉＧＯ大阪第４ビル,大阪府大阪市北区梅田１−１１−４駅前第４ビルＢ１Ｆ
ｎａｍｃｏ大阪日本橋店,大阪府大阪市浪速区難波中2-1-17コスモビル1〜3階
ＧｉＧＯ難波アビオン,大阪府大阪市浪速区難波中２−３−１５　ＭＭＯビルＢ１Ｆ〜３Ｆ
タイトーステーション大阪日本橋店,大阪府大阪市浪速区日本橋４−９−１４
アミパラ大東店,大阪府大東市南新田２丁目３番５号
ＧｉＧＯフレスポ東大阪,大阪府東大阪市稲田新町３−９−６４
ラウンドワン東大阪店,大阪府東大阪市若江南町１−２−１２
ＧｉＧＯ布施,大阪府東大阪市長堂１−１−１ロンモール布施内
トップラン東大阪店,大阪府東大阪市東鴻池町１−６−３０イオンタウン東大阪店２Ｆ
タイトーステーション アリオ八尾店,大阪府八尾市光町２−３　イトーヨーカドーアリオ八尾３Ｆ
ゲームフェイス八尾店,大阪府八尾市天王寺屋2-68
ＧｉＧＯ新三国アルゴ７,大阪府豊中市神州町１−１５
ラウンドワン豊中店,大阪府豊中市名神口１−１−１
ラウンドワン枚方店,大阪府枚方市高野道１−２０−２０
ＧｉＧＯ枚方,大阪府枚方市須山町８３−１サンシャインプラザ枚方内
ｎａｍｃｏくずはモール店,大阪府枚方市楠葉花園町１０−８５ＫＵＺＵＨＡＭＡＬＬ南館２Ｆ
SOYUGameFieldみのおキューズモール店,大阪府箕面市西宿１−１５−３０みのおキューズモールＣ棟２階
ラウンドワンららぽーと和泉店,大阪府和泉市あゆみ野４−４−７　４階　４２１００番
アミパラ光明池店,大阪府和泉市室堂町８２４−３６
ＧｉＧＯ和泉,大阪府和泉市肥子町２−４−４１
ラウンドワン伊丹店,兵庫県伊丹市昆陽７丁目２９
ラウンドワン加古川店,兵庫県加古川市尾上町安田325番6号
アミパラ加古川店,兵庫県加古川市尾上町今福７１−２
社スポーツレーン,兵庫県加東市社1189-1
アミューズスペースミール,兵庫県三田市対中町５−２１
アミパラ垂水店,兵庫県神戸市垂水区名谷町字室山１４００−１８
遊スペース アローズ,兵庫県神戸市西区丸塚２丁目９−１８
トップラン,兵庫県神戸市西区岩岡町古郷1474-1
遊スペース マジカル,兵庫県神戸市中央区琴ノ緒町５−２−３
タイトーＦステーション三宮西館店,兵庫県神戸市中央区三宮町２丁目１１−１センタープラザ西館
ラウンドワン三宮駅前店,兵庫県神戸市中央区小野柄通6-1-17
ＧｉＧＯ神戸ｕｍｉｅモザイク,兵庫県神戸市中央区東川崎１ー６ー１神戸モザイク３Ｆ
ＧｉＧＯ神戸ｕｍｉｅサウスモール,兵庫県神戸市中央区東川崎町１ー７−２ダイヤニッセイビル４Ｆ
ＧｉＧＯフェニックスプラザ摩耶,兵庫県神戸市灘区味泥町６−１フェニックスプラザ１Ｆ
ｎａｍｃｏイオンモール神戸南店,兵庫県神戸市兵庫区中之島２−１−１ イオンモール神戸南３Ｆ
ＧｉＧＯコロワ甲子園,兵庫県西宮市甲子園高潮町３−３Ｃｒｏｗａ甲子園３Ｆ
プレイステーションネーブル西宮店,兵庫県西宮市両度町6-10
西友川西ゲームパーク,兵庫県川西市栄町１６−８
ラウンドワンＪＲ尼崎駅前店,兵庫県尼崎市潮江１−４−５プラストいきいき館４階
ＧｉＧＯつかしん,兵庫県尼崎市塚口本町４−８−１つかしん内
ＧｉＧＯ姫路駅前,兵庫県姫路市駅前町２５４姫路ＯＳビルＢ１Ｆ
タイトーＦステーション姫路,兵庫県姫路市駅前町２６９・２７０番地
ラウンドワン姫路飾磨店,兵庫県姫路市飾磨区中島１−２５４
アピナ姫路店,兵庫県姫路市東郷町１４５４−３姫路リオス２階
ｎａｍｃｏ豊岡店,兵庫県豊岡市中陰字大工６１７３階
ＧｉＧＯ明石,兵庫県明石市魚住町清水２４６４−１
タイトーＦステーションアスピア明石店,兵庫県明石市東仲ノ町６‐１　アスピア明石店南館３階
ゲームアイビス太子店,兵庫県揖保郡太子町太田2149
ＧｉＧＯイオン淡路,兵庫県淡路市志筑新島１０ー２
SOYUGameField奈良橿原店,奈良県橿原市曲川町7-20-1　イオンモール橿原3F
アミパラ橿原店,奈良県橿原市十市町1222-1ツインゲート橿原１F
楽市楽座　イオンモール大和郡山店,奈良県大和郡山市下三橋町741-333イオンモール大和郡山店
アミューズメントＣＵＥ奈良三条店,奈良県奈良市三条町478-1
ラウンドワン奈良・ミナーラ店,奈良県奈良市二条大路南１−３−１ミ・ナーラ５階
キッズサーカス奈良柏木店,奈良県奈良市柏木町４５６−１
ラウンドワン和歌山店,和歌山県和歌山市小雑賀７３９−３
ユーズランド和歌山店,和歌山県和歌山市中字楠谷５７３イオンモール和歌山２Ｆ
ピタゴラス和歌山,和歌山県和歌山市土入７３−１
ＧｉＧＯ鳥取,鳥取県鳥取市安長４１６
アミパラがいな店,鳥取県米子市日ノ出町１−８−１３
アピナ米子店,鳥取県米子市米原２丁目1320番地1MEGAドン・キホーテ米子店 ３階
ＧｉＧＯ米子,鳥取県米子市両三柳２７７８−２
ｙｏｕｍｅ　ＣＩＲＣＵＳ出雲店,島根県出雲市大塚町６５０−１ゆめタウン出雲店　東館３Ｆ
G-pala出雲,島根県出雲市渡橋町７８４−１
ＧｉＧＯ松江,島根県松江市嫁島町１２−１５
ＧｉＧＯ岡山藤崎,岡山県岡山市中区藤崎５９９−１２
ラウンドワン岡山妹尾店,岡山県岡山市南区妹尾３４１３−１
ＧｉＧＯイオンモール岡山,岡山県岡山市北区下石井１−２−１イオンモール岡山６Ｆ
アミパラ岡山店,岡山県岡山市北区青江１丁目１３−８
アミパラテクノランド店,岡山県岡山市北区大和町１−７−１２
タイトーＦステーションマルナカ新倉敷店,岡山県倉敷市玉島爪崎９８１−１
ファンタジスタ,岡山県倉敷市新倉敷駅前５−１９４
ユーズランド倉敷店,岡山県倉敷市水江１番地イオンモール倉敷２Ｆ
ＧｉＧＯ倉敷,岡山県倉敷市西中新田５３５−２
アミパラ倉敷店,岡山県倉敷市西中新田624-1アミパラボウル1F
ＧｉＧＯ海田,広島県安芸郡海田町南大正町３−３５
ｎａｍｃｏイオンモール広島府中,広島県安芸郡府中町大須2-1-1イオンモール広島府中3階
ＧｉＧＯ広,広島県呉市広中町１−９
ＧｉＧＯ中筋,広島県広島市安佐南区中筋４−１１−７
プラサカプコン広島店,広島県広島市佐伯区石内東４丁目１−１ジアウトレット広島1F
アミパラ広島店,広島県広島市西区西観音町3-17
ＧｉＧＯＬＥＣＴ広島,広島県広島市西区扇町２−１−４５ＬＥＣＴ２Ｆ
フタバ図書アルティランド,広島県広島市西区草津南４−７−１　アルパーク北棟２Ｆ
タイトーステーション広島紙屋町店,広島県広島市中区紙屋町２−２−２１
タイトーステーション広島本通店,広島県広島市中区本通３−５せらかぐ本通ビル
ＧｉＧＯ広島本通,広島県広島市中区本通９−３０ランドマークビル１Ｆ
ラウンドワン広島店,広島県広島市中区立町３−１１
アミパラここじゃ店,広島県東広島市西条町下見６−１０−１９
スペースV1廿日市店,広島県廿日市市本町４−２３
ＧｉＧＯ尾道,広島県尾道市新浜１−２−１３
あみぱらんど福山店,広島県福山市三吉町南２−８−２４
アミパラ神辺店,広島県福山市神辺町大字新道上字１−２−１
ＧｉＧＯ福山,広島県福山市瀬戸町大字山北３００
ラウンドワン福山店,広島県福山市明神町１−９−２８
フレスパランドカッタの湯,山口県宇部市海南町1675
アレックス,山口県宇部市西宇部南３−５−５３
ゆめシティ　ゆめパーク,山口県下関市伊倉新町３−１−１
アミパラ下関店,山口県下関市長府才川１−４２−４８
ＧｉＧＯイオンタウン小郡,山口県山口市小郡前田町３−６イオンタウン小郡内
タイトーＦステーション山口メルクス店,山口県山口市大字黒川８２−１ハイパーモールメルクス内
サープラ山口あそびタウン,山口県山口市湯田温泉６ー８ー３
アミパラ周南久米店,山口県周南市大字久米２８３４　イオンタウン周南久米
ＳＰＥＥＤ,山口県周南市大字久米３２１９
ネオブラボー,山口県防府市高倉１−３−３０
ソユーファミリーゲームフィールド防府店,山口県防府市鐘紡町７−１イオンタウン防府1F
アミューズメントパフェパレパレ田宮店,徳島県徳島市南田宮２−２−４６
ＧｉＧＯスエヒロボウル徳島,徳島県徳島市南末広町４−９５−２
ラウンドワン徳島・万代店,徳島県徳島市万代町４−１９−１
アミパラ丸亀店,香川県丸亀市飯野町西分字川縁甲５８４−１　ハローズ棟内
ＧｉＧＯ丸亀,香川県丸亀市蓬莱町５６−１
ＧｉＧＯイオンモール高松,香川県高松市香西本町1-1 イオンモール高松2F　227-2
ラウンドワン高松店,香川県高松市松島町２−７−４３
アミューズメントパークＭＧレインボー,香川県高松市多肥下町１５５２−１７　マルナカレインボー店内
ＧｉＧＯ高松,香川県高松市勅使町５３５
えの木　高松店,香川県高松市藤塚町３丁目３−３
アミパラ高松店,香川県高松市伏石町２１６８番２
タイトーＦステーションゆめタウン三豊店,香川県三豊市豊中町本山甲２２
マックスプラザ善通寺,香川県善通寺市中村町１７９８−２
ソユーフォレストハンター松前店,愛媛県伊予郡松前町筒井８５０ＡＭ棟１階
バンバン衣山店,愛媛県松山市衣山１−２４８−１
宮西スタジアム２,愛媛県松山市宮西二丁目４の４１
アミューズメントパークＭＧキスケ,愛媛県松山市宮田町４　キスケボックス内１階
ＧｉＧＯ松山,愛媛県松山市枝松５−７−３２
アミューズメントパークＭＧ大街道,愛媛県松山市大街道１−４−１７
ラウンドワン松山店,愛媛県松山市東長戸１−３−１０
プラサカプコン新居浜店,愛媛県新居浜市前田町８−８イオンモール新居浜２Ｆ
ＧｉＧＯ新居浜,愛媛県新居浜市徳常町６−８
アミューズメントパークＭＧ西条,愛媛県西条市新田字北新田２３５フジグラン西条　別棟
えの木,高知県高知市旭町3丁目100-3
プラサカプコン高知,高知県高知市秦南町１−４−８イオンモール高知２階
ＧｉＧＯフジグラン高知,高知県高知市朝倉東町５２−１５フジグラン高知３Ｆ
ラウンドワン高知店,高知県高知市南宝永町４−１２
ウェアハウス四万十店,高知県四万十市右山五月町８−１３アピアさつき２F
アミパラ高知店,高知県南国市篠原１９４−１
遊道楽新合川店,福岡県久留米市新合川1丁目6-7,楽市街道くるめ店,福岡県久留米市新合川2-7-10久留米アミューズメントビル内
楽市楽座くりえいと宗像,福岡県宗像市くりえいと１−４−４
サープラ新宮あそびタウン,福岡県糟屋郡新宮町美咲３−１−４０新宮ドーム１Ｆ
楽市楽座イオンモール福岡店,福岡県糟屋郡粕屋町大字酒殿字老ノ木１９２−１ 2F
最後の５ドル,福岡県糟屋郡粕屋町大字仲原2706仲原ファミリープラザ2F
ラウンドワン大野城店,福岡県大野城市御笠川１−１８−１６
楽市楽座イオンモール筑紫野店,福岡県筑紫野市立明寺４３４−１イオンモール筑紫野店３階
ＧｉＧＯ中間,福岡県中間市上蓮花寺３−１−１
プラサカプコン直方店,福岡県直方市湯野原２−１−１イオンモール直方２Ｆ
ＧｉＧＯゆめタウン飯塚,福岡県飯塚市菰田西３丁目６番１号
Ｇ−ＳＴＡＧＥ飯塚店,福岡県飯塚市枝国６８０−２
Ｇ−ＳＴＡＧＥ七隈店,福岡県福岡市城南区七隈８−４−８
楽市楽座イオンモール福岡伊都店,福岡県福岡市西区北原1-3-1イオンモール福岡伊都SC別館
ラウンドワン福岡天神店,福岡県福岡市中央区天神２−６−１２
タイトーステーション福岡天神店,福岡県福岡市中央区天神２−６−３５サザンクロスビル
ＧｉＧＯ福岡天神,福岡県福岡市中央区天神２−７−６ＤＡＤＡビル
ＧｉＧＯミーナ天神,福岡県福岡市中央区天神４丁目３番８号　ミーナ天神７階　７０,楽市街道箱崎店,福岡県福岡市東区箱崎５丁目１番８号
ｎａｍｃｏ博多バスターミナル店,福岡県福岡市博多区博多駅中央街２−１博多バスターミナル７階
ラウンドワン博多半道橋店,福岡県福岡市博多区半道橋２−２−８
Ｇ−ｐａｌａ小倉,福岡県北九州市小倉南区上葛原1−14−1
ペップ魚町,福岡県北九州市小倉北区魚町２−４−２０
楽市楽座砂津店,福岡県北九州市小倉北区砂津3-1-1チャチャタウン小倉B棟3F
ラウンドワン小倉店,福岡県北九州市小倉北区西港町15-65
Ｇ−ＳＴＡＧＥ小倉,福岡県北九州市小倉北区浅野2-14-5あるあるCITY2階
楽市楽座黒崎店,福岡県北九州市八幡西区桜ヶ丘町１−３フレスポ黒崎２階
遊道楽嘉瀬店,佐賀県佐賀市嘉瀬町中原２４８８−１
ｎａｍｃｏモラージュ佐賀店,佐賀県佐賀市巨勢町大字牛島７３０モラージュ佐賀南館１Ｆ
ラウンドワン佐賀店,佐賀県佐賀市兵庫北４−２−１
ＧｉＧＯ武雄,佐賀県武雄市武雄町富岡１２５１７−１
三冠王バッティングセンター,長崎県佐世保市相浦町２６８９−１
アミパラ佐世保店,長崎県佐世保市大塔町１８−１５
Ｇ−ｐａｌａ時津,長崎県西彼杵郡時津町野田郷５９号
ＧｉＧＯサンスパおおむら,長崎県大村市森園町６６３−３
ｎａｍｃｏアミュプラザ長崎新館,長崎県長崎市尾上町１番１号　アミュプラザ長崎新館４階
G-stage浜町,長崎県長崎市浜町2-26
ＧｉＧＯみらい長崎ココウォーク,長崎県長崎市茂里町１−５５みらい長崎ココウォーク５Ｆ
ＧｉＧＯ諫早,長崎県諫早市小川町９０−１
スポラ菊陽,熊本県菊池郡菊陽町津久礼駄飼代２６１７−２
ラウンドワン熊本店,熊本県熊本市西区春日7-25-15
ＧｉＧＯアミュプラザくまもと,熊本県熊本市西区春日三丁目１５番２６号６Ｆ　６１８区画
スポラ九品寺,熊本県熊本市中央区九品寺5丁目10-15
ｎａｍｃｏワンダーシティ南熊本店,熊本県熊本市中央区九品寺６−９−１
パスカランドはません,熊本県熊本市南区田井島1-2-1ゆめタウンはません3F
プラサカプコン大分店,大分県大分市公園通り西２−１パークプレイス大分２Ｆ
タイトーＦステーションセントポルタ大分店,大分県大分市中央町２−１−１
ラウンドワン大分店,大分県大分市萩原２−１３−１７
トライセン萩原,大分県大分市萩原４−２２７−７
ＧｉＧＯ高城,大分県大分市牧１−１６１−８
ＧｉＧＯ中津,大分県中津市沖代町１−２−１６
トライセン中津店,大分県中津市下池永６７−３
ユーズランド三光店,大分県中津市三光佐知1032イオンモール三光2F
Ｇ−ｐａｌａ日田,大分県日田市友田997-1
ＧｉＧＯ別府,大分県別府市餅ヶ浜町１６１−２
ＧｉＧＯ延岡,宮崎県延岡市平原町５−１４９２−８
楽市楽座イオンモール宮崎店,宮崎県宮崎市新別府町江口８６２−１イオンモール宮崎店２Ｆ
ラウンドワン宮崎店,宮崎県宮崎市中村東３−４−６０
ＧｉＧＯアミュプラザみやざき,宮崎県宮崎市老松２丁目２番２２号アミュプラザみやざき　うみ館
楽市楽座イオンモール都城駅前店,宮崎県都城市栄町４６７２−５ｲｵﾝﾓｰﾙ都城駅前店2階
サープラ都城あそびタウン,宮崎県都城市上川東４−５９９７ー４
ＡｍｕｓｅｍｅｎｔｃｉｔｙＧ−ＳＴＡ,鹿児島県薩摩川内市向田本町４９番
ラウンドワン鹿児島宇宿店,鹿児島県鹿児島市宇宿2-2-2
サープラ天文館あそびタウン,鹿児島県鹿児島市千日町５ー６
タイトーアミュプラザ鹿児島店,鹿児島県鹿児島市中央町１−１アミュプラザ鹿児島６Ｆ
ゲームセンター電撃ベイサイド,鹿児島県鹿児島市浜町2-2
タイトーＦステーションニシムタ出水店,鹿児島県出水市六月田町３４７番地
ｎａｍｃｏイオン具志川店,沖縄県うるま市字前原幸崎原３０３イオン具志川ＳＣ内２Ｆ
ラウンドワン沖縄・宜野湾店,沖縄県宜野湾市真志喜３−２８−８
ＧｉＧＯ北谷,沖縄県中頭郡北谷町美浜９−８
楽市楽座イオンモール沖縄ライカム店,沖縄県中頭郡北中城村字沖縄ﾗｲｶﾑ1ｲｵﾝﾓｰﾙ沖縄ﾗｲｶﾑ4階
ラウンドワン沖縄・南風原店,沖縄県島尻郡南風原町字兼城５５２番地
ｎａｍｃｏ那覇メインプレイス店,沖縄県那覇市おもろまち4-4-9サンエー那覇メインプレイス２Ｆ