m,b,第6弾「CHUNITHM オリジナルグッズプレゼントキャンペーン」 参加店舗一覧2022年2月17日(木) ～ 4月13日(水)
ラウンドワン旭川店,北海道旭川市永山三条１−４−７
ソユーゲームフィールド旭川駅前店,北海道旭川市宮下通７−２−５ｲｵﾝﾓｰﾙ旭川駅前４F
ディノスパーク旭川,北海道旭川市大雪通5丁目496番地5号 1階
SOYUGameField旭川西店,北海道旭川市緑町23-2161-3イオンモール旭川西3F
ディノスパーク音更,北海道河東郡音更町木野大通西15丁目2番地12ﾋﾞｯｸﾞﾏｰﾄB棟
ＢＩＧＢＡＮＧ釧路,北海道釧路郡釧路町木場２−１
キャッツアイ恵庭店,北海道恵庭市住吉町２丁目９−１
キャッツアイ新札幌店,北海道札幌市厚別区厚別東五条1-1-10
ゲームランド新さっぽろ,北海道札幌市厚別区中央２条５丁目７−３ カテプリさっぽろ３階
キャッツアイ宮の沢,北海道札幌市手稲区西宮の沢５条２丁目１１−１５
ディノスパーク札幌手稲,北海道札幌市手稲区前田1条11丁目 西友手稲店 3階
キャッツアイ清田店,北海道札幌市清田区清田１条１−２０−１
プラボ札幌西町店（ワンダーシティ札幌）,北海道札幌市西区西町北13丁目1番(旧国道五号線沿い)
ソユーゲームフィールド発寒,北海道札幌市西区発寒8条12丁目1　イオン札幌発寒SC3F
タイトーステーション 札幌狸小路２丁目店,北海道札幌市中央区南３条西２丁目−１４
ラウンドワン札幌すすきの店,北海道札幌市中央区南五条西3-6-1
namco札幌エスタ店,北海道札幌市中央区北5条西2-1-1札幌エスタ9F
ソユーゲームフィールド苗穂店,北海道札幌市東区東苗穂2条3-1-1　イオンモール札幌苗穂２Ｆ
キャッツアイ東苗穂店,北海道札幌市東区東苗穂6条2丁目1-25
アドアーズ札幌北４２条,北海道札幌市東区北４２条東７−１−１　嶋ビル２階
ラウンドワン札幌北２１条店,北海道札幌市東区北二十一条東１−１−２１
ラウンドワン札幌白石本通店,北海道札幌市白石区本通１６丁目北１−５０
キャッツアイミュンヘン大橋店,北海道札幌市豊平区平岸１条２３丁目８０１−１
キャッツアイ篠路店,北海道札幌市北区篠路1条4丁目6-30
キャッツアイ新川店,北海道札幌市北区新川二条7丁目1-7
ＢＩＧＢＡＮＧ室蘭,北海道室蘭市中島本町２−８−１
イオン千歳　キッズパーク,北海道千歳市栄町６−６１
タイトーステーション 千歳店,北海道千歳市北栄２−１２−５
ディノスパーク帯広稲田,北海道帯広市稲田町南八線西12番地1 ｽｽﾞﾗﾝﾎﾞｳﾙ 1、2階
ディノスパーク帯広,北海道帯広市白樺16条西2丁目 ﾄﾞﾘｰﾑﾀｳﾝ白樺 1階
ＢＩＧＢＡＮＧ滝川,北海道滝川市東町１−８−１４
ディノスパーク苫小牧,北海道苫小牧市柳町3丁目1番20号 ｲｵﾝﾓｰﾙ苫小牧 2階
キャッツアイ静内店,北海道日高郡新ひだか町静内木場町２丁目１−４１
ディノスパーク函館昭和,北海道函館市昭和3丁目24-18ｹﾞｵ函館昭和店 1階
ラウンドワン函館店,北海道函館市西桔梗町８４８−１１
ＢＩＧＢＡＮＧ函館,北海道函館市梁川町９−３テキサスビル３Ｆ
ディノスパーク北見店,北海道北見市西三輪5丁目1番地16号
ＢＩＧＢＡＮＧ北見店,北海道北見市中央三輪7丁目４４６−１
ゲームランドつがる柏店,青森県つがる市柏稲盛幾世41イオンモールつがる柏2F
ｎａｍｃｏエルムの街ショッピングセンター,青森県五所川原市大字唐笠柳字藤巻517-1ｴﾙﾑの街SC　本棟2階
ゲームフェスタミタマ店,青森県弘前市駅前町5-5
ソユースペースファンタジーインフィニ,青森県弘前市城東北３−１０−１さくら野百貨店弘前店４Ｆ
セガ弘前,青森県弘前市末広1-3-3
ユーズランド下田店,青森県上北郡おいらせ町中野平４０−１イオンモール下田１Ｆ
ソユーゲームフィールド青森店,青森県青森市浜田1-14-1イトーヨーカドー青森店2F
ラウンドワン青森店,青森県青森市浜田３−１−１
ソユーゲームフィールド八戸店,青森県八戸市沼館4-7-112八戸ピアドゥＢ棟2F
セガ八戸,青森県八戸市城下4-25-14
テクノワールド,岩手県奥州市江刺区愛宕字梁川127-1
セガ水沢,岩手県奥州市水沢区佐倉河字鎧田4-1
ソユーファミリーゲームフィールド花巻店,岩手県花巻市高木第１６地割６８−６　銀河モール１Ｆ
ソユーゲームフィールド釜石店,岩手県釜石市港町２−１−１イオンタウン釜石店３F
キッズランド,岩手県紫波郡紫波町桜町１丁目１２−１　ナックス内キッズランド
タイトーステーション 盛岡マッハランド店,岩手県盛岡市上堂１−２−３８マッハランド内
ラウンドワン盛岡店,岩手県盛岡市盛岡駅西通２−１０−３５
ゲームランド盛岡店,岩手県盛岡市前潟４−７−１イオンモール盛岡２Ｆ
ソユーゲームフィールド盛岡南,岩手県盛岡市本宮7-1-1ｲｵﾝﾓｰﾙ盛岡南1F
アミューズメントゾーン北上店,岩手県北上市本通2-2-1さくら野北上店4F
Ｇ３ポロスイオンタウン北上店,岩手県北上市里分四地割２０番地１
スーパーノバ仙台利府,宮城県宮城郡利府町加瀬字新前谷地５５−１
アピナ新利府　北館店,宮城県宮城郡利府町利府字新屋田前２２イオンモール新利府北館２
プラサカプコン石巻店,宮城県石巻市茜平4丁目104番地 ｲｵﾝ石巻ｼｮｯﾋﾟﾝｸﾞｾﾝﾀｰ2F
セガワールド石巻,宮城県石巻市大街道東4-1-45
ラウンドワン仙台苦竹店,宮城県仙台市宮城野区苦竹１−７−１０
セガ仙台コロナワールド,宮城県仙台市宮城野区福室字田中前1番53-1
THE 3RD PLANET BiVi仙台店,宮城県仙台市宮城野区榴岡2-1-25
ゲームコーナー東部,宮城県仙台市若林区六丁の目中町26-60 斎喜東部ビル2F
タイトーステーション 仙台名掛丁店,宮城県仙台市青葉区中央１−７−１３
タイトーステーション 仙台クリスロード店,宮城県仙台市青葉区中央２−３−２５
セガ仙台,宮城県仙台市青葉区中央２−５−５
プレイランドエフワンＲ,宮城県仙台市青葉区中央２−６−６タベイビルＢ１Ｆ
ビーカム松森店,宮城県仙台市泉区松森字斎兵衛５８−１
ＧＡＭＥＢＡＮＫ仙台泉店,宮城県仙台市泉区大沢２−５−４
スーパーノバイオン仙台中山,宮城県仙台市泉区南中山１−３５−５７別館３Ｆ
ゲームフィールド仙台長町店,宮城県仙台市太白区長町７丁目２０番３号ザ・モール仙台長町店３階
ＳＯＹＵ　ＧＡＭＥ　ＦＩＥＬＤ古川店,宮城県大崎市古川沢田字筒場浦１５番地イオンタウン古川内
ゲームランド佐沼店,宮城県登米市南方町新島前４６−１イオンタウン佐沼ＳＣ
セガワールド佐沼,宮城県登米市迫町佐沼字中江2-5-8
セガ名取セッツウイングス,宮城県名取市飯野坂字土城堀57-1
ソユーゲームフィールド　能代店,秋田県能代市鰄渕字古屋布1番イオンタウン能代内
ゲームフィールド十文字店,秋田県横手市十文字町仁井田字東22-1スーパーモールラッキー内
セガ秋田,秋田県秋田市茨島1-1-16
ラウンドワン秋田店,秋田県秋田市卸町１−１−２
SOYUGameField御所野店,秋田県秋田市御所野地蔵田1-1-1イオンモール秋田2F
ｎａｍｃｏイオンタウン大館西店,秋田県大館市根下戸新町18-121イオンタウン大館西内
メルヘンランド大館,秋田県大舘市御成町3-7-58いとく大館3F
プラサカプコン大曲店,秋田県大仙市和合字坪立１７７イオン大曲ＳＣ２Ｆ
リスチャイルド湯沢店,秋田県湯沢市字上萩生田162イオンスーパーセンター湯沢店内
ＡＮ・ＫＩＮ・ＴＡＮ五城目店,秋田県南秋田郡五城目町大字大川西野字田屋前138ｲｵﾝSUC五城店
プレイランドソピアいとくアクロス能代店,秋田県能代市字寺向70いとくアクロス能代店内
ゲームフィールド鷹巣店,秋田県北秋田市栄字前綱76　いとく鷹巣SC内
リスチャイルドたかのす店,秋田県北秋田市栄字中綱31-1イオンタウンたかのす店内
リスチャイルド本荘店,秋田県由利本荘市石脇字田中138SC本荘店内
スタジオプリモ山形店,山形県山形市城南町１−１−１　霞城セントラル２Ｆ
ビーカム成沢店,山形県山形市成沢西５−３−２７
セガワールド北山形,山形県山形市北町1-3-20
トレジャーサバイバル,山形県山形市北町２−２−４５
トレジャー新庄店,山形県新庄市金沢沖１０６８
アピナ鶴岡店,山形県鶴岡市文下字広野１−１
スーパーノバ天童,山形県天童市南町1-5-26
ソユーゲームフィールド天童店,山形県天童市芳賀タウン北４−１−１ イオンモール天童２Ｆ
ソユーゲームフィールド三川店,山形県東田川郡三川町大字猪子字和田庫１２８−１イオン三川１Ｆ
セガ庄内,山形県東田川郡三川町猪字大堰端３２６番地６
セガ米沢,山形県米沢市大字花沢字タナコ原177
ソユーゲームフィールド小名浜店,福島県いわき市小名浜字辰巳町７９イオンモールいわき小名浜３Ｆ
嶺宝スポーツセンター,福島県いわき市小名浜住吉折返２−２
セガ小名浜,福島県いわき市小名浜林城字塚前18-1
ドリームファクトリーいわき店,福島県いわき市中央台飯野4-1
セガワールド勿来,福島県いわき市勿来町四沢字鍵田13
スーパーノバ会津インター,福島県会津若松市町北町上荒久田字宮下１４２
タイトーＦ郡山オリエントパーク店,福島県郡山市安積町荒井字大久保３５−１
ラウンドワン郡山店,福島県郡山市向河原町４−５５
ｎａｍｃｏイオンタウン郡山店,福島県郡山市松木町２−８８イオンタウン郡山内
セガ日和田,福島県郡山市日和田町字西中島7-1
ＳＯＹＵ　Ｅ−ＳＴＵＤＩＯ須賀川店,福島県須賀川市古河１０５イオンタウン須賀川Ｂ棟内
G3ポロス原町店,福島県南相馬市原町区北原本屋敷188
セガワールド白河,福島県白河市新高山1-1 メガステージ白河内
THE 3RD PLANET ピボット福島店,福島県福島市栄町1-1 パワーシティーピボット内
スーパーノバ福島,福島県福島市黒岩字中島7-2
ラウンドワン福島店,福島県福島市太田町14-18
セガワールド福島,福島県福島市本内中井1-2
ゲームメガつくば店,茨城県つくば市小野崎177-2
ピンクパンサーつくばみらい店,茨城県つくばみらい市陽光台1-14-1
ＡＭジャムジャムつくば店,茨城県つくば市竹園１—９−２デイズタウンつくば地下１Ｆ
ＡＭジャムジャムひたちなか本店,茨城県ひたちなか市田中後４０−２
アミューズビバ,茨城県ひたちなか市東大島２−１１−１１
セガ霞ヶ浦,茨城県稲敷市西代1473-1
ドリームファクトリーブイブイ！境町店,茨城県猿島郡境町１３２７−１ＭＧＭパワーセンター内１Ｆ
ピンクパンサー下妻店,茨城県下妻市小島884-10
ピンクパンサー結城店,茨城県結城市結城10520-1
ＧＡＭＥ ＰＡＤＤＯＣＫ＋１,茨城県古河市小堤１９１６−１
宝島鹿嶋店,茨城県鹿嶋市宮中290-1ショッピングセンターチェリオ1F
ＳＯＹＵ　ＴＯＹ’Ｓ　ＮＹ　守谷店,茨城県守谷市百合ヶ丘3-249-1　イオンタウン守谷2Ｆ
ＡＭジャムジャム神栖店,茨城県神栖市神栖１ー８−１
ピンクパンサー水戸赤塚店,茨城県水戸市河和田1-1
スタジオプリモ水戸店,茨城県水戸市宮町１−２−４マイム１F
セガ水戸,茨城県水戸市宮町1-7-44コムボックス310
ピンクパンサー水戸けやき台店,茨城県水戸市酒門町3276-1
セガ水戸南,茨城県水戸市千波町２０１７−１
ユーズランド水戸内原店,茨城県水戸市内原２−１イオンモール水戸内原２Ｆ
セガ石岡,茨城県石岡市東大橋中峯1976-1
アピナ下館店,茨城県筑西市玉戸１０１２−３
楽市楽座イオンモール土浦店,茨城県土浦市上高津３６７イオンモール土浦ＳＣ３階
ゲームパニックつくば,茨城県土浦市中村東1-1-1サンタスワールド内
ピンクパンサー土浦店,茨城県土浦市木田余４５８５−３
ピンクパンサー那珂店,茨城県那珂市菅谷1593-8
セガワールド日立,茨城県日立市田尻町3-26-1
ピンクパンサー日立店,茨城県日立市東多賀町5-10-10
セガ龍ケ崎,茨城県龍ケ崎市藤ケ丘4-2-8
INTER PARK+1宇都宮,栃木県宇都宮市インターパーク６−５−１
TFSトナリエ宇都宮,栃木県宇都宮市駅前通り１丁目４番６号トナリエ宇都宮
スタジオプリモ宇都宮店,栃木県宇都宮市曲師町2-8宇都宮フェスタ1F
ラウンドワン宇都宮店,栃木県宇都宮市江曽島町２０７２−１
セガワールド宇都宮,栃木県宇都宮市東宿郷5-1-7
シーサイドリゾートアミューズメントパーク,栃木県宇都宮市睦町７−３
ナムコプラボ宇都宮店,栃木県宇都宮市簗瀬町１６０６−１　Ｐ＆Ｄビル
namcoフェドラP&D佐野店,栃木県佐野市高萩町１３４０
ドリームファクトリーアロハ！鹿沼店,栃木県鹿沼市睦町２８７−１
アピナ小山店,栃木県小山市駅南町４−２７−１８
タイトーＦステーション小山店,栃木県小山市喜沢1475ハーヴェストウォーク内スポーツシネマ棟
タイトーＦステーションVAL小山,栃木県小山市城山町３丁目３番地２２号小山駅ビル３Ｆ
セガ小山,栃木県小山市東城南1-1-18
アドアーズアシコタウンあしかが,栃木県足利市大月町３番地２　アシコタウンあしかが
ドラマ足利店,栃木県足利市朝倉町244-1
大田原スポーツランド,栃木県那須塩原市一区町１０４−６０
セガ西那須野,栃木県那須塩原市南郷屋2-106-27
セガ今市,栃木県日光市芹沼1448-1
インターワールド伊勢崎店,群馬県伊勢崎市宮子町3425-4
セガスマーク伊勢崎,群馬県伊勢崎市小保方町３６８番地スマーク伊勢崎３Ｆ北−３０２
群馬レジャーランド伊勢崎店,群馬県伊勢崎市連取町3066-1
セガワールド館林,群馬県館林市小桑原町949-1
宝島　桐生店,群馬県桐生市永楽町５−１０ＭＥＧＡドン・キホーテ桐生店３Ｆ
THE 3RD PLANET 高崎店,群馬県高崎市下和田町5-3-8 メディアメガ高崎内
群馬レジャーランド高崎駅東口店,群馬県高崎市江木町３３３−１高崎ＥＸビル
ユーズランド高崎店,群馬県高崎市棟高町１４００番地イオンモール高崎２Ｆ
タイト—Ｆステーション高崎オ—パ店,群馬県高崎市八島町４６−１　高崎オ—パ７階
群馬レジャーランド渋川店,群馬県渋川市八木原1364
セガワールド沼田,群馬県沼田市下久屋町1100-1
ゲームパークＭ１,群馬県前橋市国領町２−１３−６
マトリクス前橋,群馬県前橋市小相木町５５８−１
ゲームシティボストン,群馬県前橋市大友町3-7-3
ラウンドワン前橋店,群馬県前橋市天川大島町１１０１−１
ｎａｍｃｏけやきウォーク前橋,群馬県前橋市文京町２−１−１けやきウォーク前橋2F
群馬レジャーランド太田店,群馬県太田市西矢島町162-2
セガワールド太田,群馬県太田市西矢島町575-1
ユーズランド太田店,群馬県太田市石原町８１番地イオンモール太田２Ｆ
アピナ太田店,群馬県太田市内ケ島町９０７−１
群馬レジャーランド藤岡店,群馬県藤岡市中2002-1
アミューズメントクラブ浦和,埼玉県さいたま市浦和区仲町1-10-7
ウェアハウス岩槻店,埼玉県さいたま市岩槻区加倉３−３−６３
ウェアハウス三橋店,埼玉県さいたま市西区三橋６−９５５−１
ラウンドワン大宮店,埼玉県さいたま市大宮区宮町４−９０−７
タイトーＦステーションダイエー大宮店,埼玉県さいたま市大宮区桜木町２丁目３番地
タイトーステーション 大宮店,埼玉県さいたま市大宮区大門町１−１
アピナ大宮店,埼玉県さいたま市大宮区仲町１−１９
Ｓｐｉｃａ大宮南銀店,埼玉県さいたま市大宮区仲町1-57
セガ与野,埼玉県さいたま市中央区本町西5-2-9イオンモール与野3F
宝島　浦和美園店,埼玉県さいたま市緑区美園５−５０−１イオンモール浦和美園２Ｆ
アミューズメントフィールドバイヨン,埼玉県ふじみ野市うれし野２−１６−１LCモールうれし野２Ｆ
プラサカプコン羽生店,埼玉県羽生市川崎２−２８１−３イオンモール羽生２階
ユーズランド越谷店,埼玉県越谷市レイクタウン4-2-2イオンレイクタウンKAZE3F
ベネクス越谷店,埼玉県越谷市南荻島２７７０−１
ウェアハウス越谷店,埼玉県越谷市南荻島８４１−１
ラウンドワンさいたま・栗橋店,埼玉県久喜市小右衛門１９２−１
ソユーゲームフィールド菖蒲店,埼玉県久喜市菖蒲町菖蒲６００５番地１　モラージュ菖蒲３Ｆ
キャッツアイ狭山店,埼玉県狭山市入間川３１４１
ＳＯＹＵＧａｍｅＦｅｉｌｄ熊谷,埼玉県熊谷市銀座2-245ﾆｯﾄﾓｰﾙ4F
ｎａｍｃｏ熊谷店,埼玉県熊谷市銀座2-97CARPA1階
セガワールド籠原,埼玉県熊谷市美土里町1-169
ギガステーション戸田店,埼玉県戸田市大字美女木943-7
プリモピア鴻巣店,埼玉県鴻巣市北新宿２２５−１ウニクス鴻巣１階
ラウンドワンさいたま・鴻巣店,埼玉県鴻巣市箕田３１６３−７
キャロム坂戸店,埼玉県坂戸市関間2-151-1
ゲームパニック三郷,埼玉県三郷市ピアラシティ1-1-200
ラウンドワンららぽーと新三郷店,埼玉県三郷市新三郷ららシティ3-1-1ららぽーと新三郷2F20000番
ラウンドワンさいたま・上里店,埼玉県児玉郡上里町大字金久保３９４−１
ユーズランド春日部店,埼玉県春日部市下柳４２０−１イオンモール春日部２Ｆ
埼玉レジャーランド春日部店,埼玉県春日部市大字増富字谷際163-1
タイトーステーション 所沢店,埼玉県所沢市日吉町３−７
セガ所沢,埼玉県所沢市日吉町8-1
ＦＥＳＴＡ上尾店,埼玉県上尾市愛宕３−１−４０バリュープラザ上尾愛宕店２Ｆ
ラウンドワン上尾店,埼玉県上尾市大字平塚９１７−１
ウェアハウス上尾店,埼玉県上尾市二ツ宮１０４４
アピナ上尾店,埼玉県上尾市緑丘３−３−１１−２　Ｐ・Ａ・Ｐ・Ａ上尾ＳＣ別棟
セガ花園,埼玉県深谷市荒川359
タイトーＦステーションクレアモール川越店,埼玉県川越市新富町２−１−１３
アミューズランドモナコ川越店,埼玉県川越市新富町2-4-1
アピナ川越店,埼玉県川越市泉町１−１　ウニクス南古谷シネマ棟１Ｆ
ベネクス川越店,埼玉県川越市大仙波340-1
ゲームシティ川口店,埼玉県川口市栄町1-10-5
シルクハット　川口,埼玉県川口市栄町３−１−１６イート川口ビル４Ｆ
楽市楽座イオンモール川口前川店,埼玉県川口市前川1-1-11イオンモール川口前川店3F
セガ川口,埼玉県川口市東領家2-2-10
ソユーゲームフィールド川口店,埼玉県川口市並木元町１−７９　アリオ川口３Ｆ
ウェアハウス草加店別館,埼玉県草加市稲荷２−３６−３３
ラウンドワン草加店,埼玉県草加市谷塚上町２０４番１
ゲームファクトリーマグマ草加店,埼玉県草加市氷川町2125-1
ラウンドワン朝霞店,埼玉県朝霞市膝折町２−１６−１０
ラウンドワン入間店,埼玉県入間市小谷田３−７−２５
セガ入間,埼玉県入間市東藤沢2-18
THE 3RD PLANET フレスポ八潮店,埼玉県八潮市大瀬1-1-3 フレスポ八潮3F
嵐山ドライブイン,埼玉県比企郡嵐山町大字志賀1822
セガららぽーと富士見,埼玉県富士見市山室1-1313 ららぽーと富士見3F
ビッグボウル杉戸,埼玉県北葛飾郡杉戸町大字杉戸２３３８
タイトーステーション 和光店,埼玉県和光市丸山台１−４−５
アドアーズ和光,埼玉県和光市本町３−５ワコーステーション３　１−３Ｆ
アドアーズ蕨,埼玉県蕨市塚越1-4-4ラ・セーヌビル2階
ラウンドワンわらび店,埼玉県蕨市北町５−１−６
セガ旭,千葉県旭市二字野場3150-1
アピナ印西店,千葉県印西市原１−２ビッグホップガーデンモール印西２Ｆ
ゲームランド千葉ニュータウン店,千葉県印西市中央北３丁目　イオンモール　千葉ＮＴモール棟３Ｆ
宝島新浦安店,千葉県浦安市入船１−４−１イオン新浦安店４Ｆ
ゲームプラザセントラル浦安店,千葉県浦安市北栄1-16-15
セガ我孫子,千葉県我孫子市柴崎字天王谷47-1
佐原ミナミボウル,千葉県香取市佐原イ-4200
ラッキー佐倉店,千葉県佐倉市井野1475
千葉レジャーランド成東店,千葉県山武市姫島111-1
ゲームランドちはら台店,千葉県市原市ちはら台西３−４ｕｎｉｍｏちはら台２Ｆ
イスカンダル五井金杉店,千葉県市原市五井金杉1-47
チャリオット五井店,千葉県市原市五井中央西２−１−２
アピナ市原店,千葉県市原市更級４丁目２番１号アクロスプラザ市原更級Ｆ棟１階
チャリオット辰巳店,千葉県市原市市原500-1
ラウンドワン市原店,千葉県市原市八幡北町３−５−１
ラウンドワン市川鬼高店,千葉県市川市鬼高４−１−３
アミューズメントエース市川,千葉県市川市市川１−９−１１サン市川ハイツ１階
本八幡ゲームUNO,千葉県市川市八幡２丁目１６ー６八幡ハタビルB1F
タイトーＦステーション市川妙典店,千葉県市川市妙典4-1-1　イオン市川妙典店2番街2F
スーパービバホーム新習志野店２階,千葉県習志野市茜浜１−１−２　スーパービバホーム２Ｆ
ラウンドワン習志野店,千葉県習志野市芝園１−４−５
シルクハット　津田沼,千葉県習志野市津田沼１−２−１十三ビル地下１階
ゲームランド津田沼店,千葉県習志野市津田沼１−２３−１イオンモール津田沼２Ｆ
ゲームソニックビーム松戸,千葉県松戸市松戸1172-1
ｎａｍｃｏ松戸店,千葉県松戸市松戸１２３０−１ピアザ松戸１Ｆ
セガ松戸,千葉県松戸市日暮1-1-1八柱駅第2ﾋﾞﾙ2F
プラサカプコン成田店,千葉県成田市ウイング土屋２４イオン成田ＳＣ２Ｆ
テクモピアロックダム公津の杜店,千葉県成田市公津の杜4-5-3成田ユアエルム3F
セガワールド成田,千葉県成田市東町157-5
アミューズメントパレスワンダーヴュー成田,千葉県成田市飯仲11-18
クラブセガ稲毛オーツーパーク,千葉県千葉市稲毛区園生町380-1
千葉レジャーランド稲毛店,千葉県千葉市稲毛区小仲台2-5-7海宝ビル2F
スポーツウェーブ鉄腕24稲毛長沼店,千葉県千葉市稲毛区長沼原町697番地
パレパレ稲毛長沼店,千葉県千葉市稲毛区長沼原町731-17フレスポ稲毛Ａ２棟４
ラッキー西千葉店,千葉県千葉市稲毛区弥生町1-15
ＧａｍｅＦｉｅｌｄ千城台店,千葉県千葉市若葉区千城台北３丁目２１−１イコアス千城台３Ｆ
セガアリーナ蘇我,千葉県千葉市中央区川崎町51-1ハーバーシティ蘇我FW AM棟1F
スポーツウェーブ鉄腕24,千葉県千葉市中央区浜野町1025-59
セガ千葉,千葉県千葉市中央区富士見2-4-1
アドアーズ千葉,千葉県千葉市中央区富士見２−４−１５第一東和ビル
ラッキー中央店・フェリシダ,千葉県千葉市中央区富士見2-8-1
セガ幕張,千葉県千葉市美浜区ひび野1-8メッセ・アミューズ・モール１Ｆ
アミューズメントエース津田沼,千葉県船橋市前原西２−１５−１ファシービル
セガららぽーとTOKYO−BAY,千葉県船橋市浜町2-1-1北館1F
アドアーズ船橋,千葉県船橋市本町１−３１−２６セブン船橋Ｂ１Ｆ〜３Ｆ
タイトーステーション 船橋店,千葉県船橋市本町１−６−１
セガイオンモール銚子,千葉県銚子市三崎町2-2660-1イオンモール銚子2F
タイトーFステーション柏中央,千葉県柏市十余二２４９−５
ラウンドワンアリオ柏店,千葉県柏市大島田１丁目６番地１セブンパークアリオ柏　１０７０
ゲームゴジラ,千葉県柏市柏１−１−１１ファミリかしわＢ１
ハイテクセガ柏,千葉県柏市柏1-1-11丸井デパート内B1F
柏ガリバー,千葉県柏市柏１−１−１１丸井ビルＢ１Ｆ
タイトーステーション 柏店,千葉県柏市柏２−３−１フーサワビル
キャッツアイ八千代店,千葉県八千代市吉橋１８５１　ｉｓｍ緑ヶ丘内
ラウンドワン八千代村上店,千葉県八千代市村上南１丁目５番地５４
ラッキーバッティングドーム八千代店,千葉県八千代市大和田新田1088
プラサカプコン富津店,千葉県富津市青木1-5-1イオンモール富津内ゲームコーナー
ＧＡＭＥ　ＳＱＵＡＲＥ茂原店,千葉県茂原市六ツ野八貫野２７８５−１ライフガーデン茂原内
ソユーゲームフィールド木更津店,千葉県木更津市築地１−４イオンモール木更津２F
イスカンダル木更津店,千葉県木更津市潮見４−１−２
千葉レジャーランド野田店,千葉県野田市吉春776-1
アピナ野田七光台店,千葉県野田市七光台４−２
ｎａｍｃｏ流山おおたかの森Ｓ・Ｃ店,千葉県流山市おおたかの森南１−５−１おおたかの森Ｓ・Ｃ３Ｆ
ウェアハウス南流山店,千葉県流山市南流山４−１６−６
ｎａｍｃｏイオンモール幕張新都心店,千葉県千葉市美浜区豊砂１−１ｲｵﾝｸﾞﾗﾝﾄﾞﾓｰﾙ３F
ゲームパニック　新宿歌舞伎町店,東京都新宿区歌舞伎町1丁目20番1号ヒューマックスパピリオン1F
東京レジャーランド亀有店,東京都葛飾区亀有3-21-2
アドアーズ新小岩,東京都葛飾区新小岩１−４４−４　ＶＯＲＴ新小岩ビル
○×△□（ラくトス）,東京都葛飾区新小岩１−４４−６
ハイテクランドセガ立石,東京都葛飾区立石7-2-1
ハイテクセガ葛西,東京都江戸川区西葛西5-1-14第一保志ビル
セガ船堀,東京都江戸川区船堀1-6-11
ドットコム葛西,東京都江戸川区中葛西３−３５−５
セガワールド葛西,東京都江戸川区東葛西9-3-3イトーヨーカドー3F
アドアーズ亀戸店,東京都江東区亀戸５−２−６サンエービル１〜５階
アドアーズ南砂町ＳＵＮＡＭＯ,東京都江東区新砂３−４−３１
ラウンドワンダイバーシティ東京プラザ店,東京都江東区青海1-1-10ダイバーシティ東京プラザ6階61000
ラウンドワン南砂店,東京都江東区南砂６−７−１５トピレックプラザ４Ｆ
セガ有明ガーデン,東京都江東区有明２−１−８有明ガーデン５Ｆ５０１区画
タイトーステーション国分寺店,東京都国分寺市本町３−５−１１
アドアーズ渋谷,東京都渋谷区宇田川町１３−１１　ＫＮ渋谷１ビル
アミューズメントスペースASO：VIBA！,東京都渋谷区恵比寿1-10-5三恵エビスビル2F
ハイテクランドセガ渋谷,東京都渋谷区渋谷１−１４−１４ＥＳＴ１階・７階
タイトーステーション 渋谷店,東京都渋谷区渋谷１−２４−１２渋谷東映プラザ
ウェアハウス一橋学園店,東京都小平市学園東町一丁目４番３９号平山ビル３Ｆ
タイトーＢＩＧＢＯＸ高田馬場店,東京都新宿区高田馬場１−３５−３　ＢＩＧＢＯＸ６Ｆ
新宿スポーツランド本館,東京都新宿区新宿3-22-12
タイトーステーション新宿東口店,東京都新宿区新宿３−２２−７　指田ビル
タイトー新宿南口ゲームワールド店,東京都新宿区新宿３−３５−８
セガ神楽坂,東京都新宿区神楽坂2-11第2カグラヒルズ1F
クラブセガ新宿西口,東京都新宿区西新宿1-12-5
ゲームスタジオキューブ高円寺店,東京都杉並区高円寺南4-26-12-B1
アピナ荻窪店,東京都杉並区上荻１−１３−１０ハクサンビル
ドラマ瑞穂店,東京都西多摩郡瑞穂町武蔵382-1
ユーズランド日の出店,東京都西多摩郡日の出町大字平井237-3イオンモール日の出３Ｆ
キャロム青梅店,東京都青梅市千ケ瀬町4-326-1
Ｈｅｙ,東京都千代田区外神田１−１０−５廣瀬本社ビル１階〜４階
セガ秋葉原１号館,東京都千代田区外神田1-10-9
セガ秋葉原３号館１,東京都千代田区外神田１−１１−１１外神田１丁目ビルディング
セガ秋葉原4号館,東京都千代田区外神田1-15-9
東京レジャーランド秋葉原店,東京都千代田区外神田1-9-5
タイトーステーション 秋葉原店,東京都千代田区外神田４−２−２貴三ビル
東京レジャーランド秋葉原2号店,東京都千代田区外神田4-3-3ミナミビル6F・7F
ハイテクランドキューデン,東京都足立区西新井栄町2-7-2
セガ竹の塚,東京都足立区竹の塚6-8-6 ピーくんPlaza-B
ウェアハウス入谷店,東京都足立区入谷７−８−１１
ウェアハウス保木間店,東京都足立区保木間１−１−１９
アミューズメントスペースカプセル,東京都多摩市永山１−３−４ヒューマックスパビリオン永山B1-2F
タイトーステーション 上野アメ横店,東京都台東区上野４−１０−１７
アドアーズ上野アメ横,東京都台東区上野４−９−１４上野Ｋ．ＫビルＢ１〜４階
タイトーステーション 浅草店,東京都台東区浅草１−２７−５ＲＯＸ ＤＯＭＥ１Ｆ
セガワールド大森,東京都大田区山王2-1-5大森駅ララビル2F
シルクハット　蒲田西口,東京都大田区西蒲田７−２−３第二醍醐ビル地下１階〜２階
SOYU ZAURUS WORLD 大森店　,東京都大田区大森北2-13-1イトーヨーカドー大森店3F
ハイテクランドセガ池上,東京都大田区池上6-2-3松山ビル2Ｆ
タイトーステーションＢＩＧＦＵＮ平和島店,東京都大田区平和島１丁目１−１ＢＩＧＦＵＮ平和島
アドアーズ中野,東京都中野区中野５−５２−１５　ブロードウェイ１８５
セガ町田,東京都町田市原町田6-13-17アーバンミサワビルB1
タイトーステーション 町田店,東京都町田市原町田６−２１−２３　松山ビル１階
アドアーズ町田,東京都町田市原町田６−２１−２５　大正堂第２ビル１〜４Ｆ
ラウンドワン町田店,東京都町田市森野１−１３−１４
セガ南町田ＧＢＰシアター,東京都町田市鶴間３−４−１ワンダーシアター１階Ｈ１０３区画
アドアーズ仙川,東京都調布市仙川町２−２１−１２　ＶＩＣビル７
アミューズランドモナコ調布駅前店,東京都調布市布田４−２−２２
アピナ八王子みなみ野店,東京都八王子市みなみ野１−２−１アクロスモール３Ｆ
シルクハット　八王子,東京都八王子市旭町２−５　八王子ツインタワービル３階
ソユープレイランドソピア八王子店,東京都八王子市狭間町1462-1イトーヨーカドー八王子店3F
ドラマ八王子高倉店,東京都八王子市高倉町55-4
アドアーズ八王子,東京都八王子市東町１１−３　センチュリーＳＴビル
ゲームプラザセントラル八王子店,東京都八王子市東町12-15第5セントラル
タイトーＦステーション南大沢店,東京都八王子市南大沢２−３ｆａｂ南大沢２Ｆ
ラウンドワン板橋店,東京都板橋区相生町１６−１３
ゲームサファリ大山,東京都板橋区大山東町60-10やすだ大山駅前店2F
アピナＳ武蔵小山店,東京都品川区小山３−２３−３ＳＤビルＢ１Ｆ
セガワールド府中,東京都府中市西原町1-6-2フレスポ府中1F・2F
ラウンドワン府中本町駅前,東京都府中市本町１−１３−３カネタビル
ラウンドワン武蔵村山店,東京都武蔵村山市伊奈平３−１−１
セガイオンモールむさし村山,東京都武蔵村山市榎1-1-3-2059
プラサカプコン吉祥寺店,東京都武蔵野市吉祥寺本町1-10-1いなりやビルB1F
ラウンドワン吉祥寺店,東京都武蔵野市吉祥寺本町1-11-22
フォルム武蔵境,東京都武蔵野市境南町２−７−２０ダイヤパレス第２　１階
セガワールド福生,東京都福生市福生1076-1
セガ東京ドームシティ,東京都文京区後楽1-3-61
タイトーステーション 池袋西口店,東京都豊島区西池袋１−１５−９第一西池ビル
ラウンドワン池袋店,東京都豊島区東池袋１−１４−１
ｎａｍｃｏ池袋店ＲＥＤ,東京都豊島区東池袋１−２２−１０　ＨＵＭＡＸパビリオン１Ｆ
ゲームＷ,東京都豊島区南長崎5-27-6
ｎａｍｃｏ王子サンスクエア店,東京都北区王子１−４−１サンスクエア２階
セガ赤羽駅前,東京都北区赤羽１−２−４
セガ赤羽,東京都北区赤羽1-7-9赤羽第一葉山ビルB1
タイトーステーション 錦糸町楽天地店,東京都墨田区江東橋４−２７−１４楽天地ビルＢ１Ｆ
タイトーＦステーションオリナス錦糸町店,東京都墨田区太平4-1-2オリナスモール地下1F
クラブセガ自由が丘,東京都目黒区自由が丘2-10-9
ゲームセンターＷＩＬＬ　ＷＧＣ,東京都立川市羽衣町２−４−１３羽衣長田ビル１０１ＷＧＣ
クラブセガ立川,東京都立川市柴崎町3-2-1グランデュオビル1.2F
アドアーズ立川,東京都立川市柴崎町3-4-3TE柴崎ビルB1〜3F
タイトーステーション立川北口店,東京都立川市曙町２−４−５クリサス立川２・３Ｆ
ミラクルイン中村橋,東京都練馬区貫井１−１−２ＹＫビル２Ｆ
アミュージアムＯＳＣ店,東京都練馬区東大泉２−３４−１オズスタジオシティ２Ｆ
セガ高田馬場,東京都新宿区高田馬場4-7-5高田馬場グランド東京
シルクハット　横須賀中央,神奈川県横須賀市若松町１−５プライムビル２階
プラサカプコン横須賀店,神奈川県横須賀市若松町2-30モアーズシティ4F
アドアーズ横須賀,神奈川県横須賀市本町３−２７横須賀ＡＰＴ１階
パラダイス・シティ,神奈川県横浜市旭区二俣川1-43-28
クラブセガ新杉田,神奈川県横浜市磯子区杉田1-1-1らびすた新杉田2F
ゲームコスモ金沢文庫店,神奈川県横浜市金沢区谷津町344
タイトーステーション 戸塚西口店,神奈川県横浜市戸塚区戸塚町４０２３
ソユーゲームフィールド上大岡店,神奈川県横浜市港南区上大岡西１−１８−３　ミオカリスト館６階
アミューズメントパークジアス上大岡,神奈川県横浜市港南区上大岡西2-1-28
クラブセガ綱島,神奈川県横浜市港北区綱島西2-6-29
ラウンドワン横浜綱島店,神奈川県横浜市港北区樽町２−６−４０Ｔ-PLATZ内
イミグランデ日吉店３,神奈川県横浜市港北区日吉2−2−4
タイトーステーション 横浜西口五番街店,神奈川県横浜市西区南幸１−１２ー９
ラウンドワン横浜駅西口店,神奈川県横浜市西区南幸２−８−１６
シルクハット　伊勢佐木町,神奈川県横浜市中区伊勢佐木町３—９６日活会館３階
ゲームコスモ鶴見店,神奈川県横浜市鶴見区豊岡町１７−４
セガセンター南,神奈川県横浜市都筑区茅ヶ崎中央３−２５
THE 3RD PLANET 横浜本店,神奈川県横浜市都筑区中川中央1-25-1 NPモール6F
ネバーランド港北店,神奈川県横浜市都筑区中川中央1-36-16
ドラマ港北インター店,神奈川県横浜市都筑区東方町321-6
タイトーステーション海老名ビナウォーク店,神奈川県海老名市中央１−１８−１　ビナウォーク６番館２Ｆ
セガ海老名,神奈川県海老名市中央一丁目４番３１号海老名プラザビル１階
シルクハット　大船,神奈川県鎌倉市大船１−２４　大船駅前ビル１〜３Ｆ
神奈川レジャーランド厚木店,神奈川県厚木市戸室5-31-1
イミグランデ本厚木店,神奈川県厚木市中町３−２−１
シルクハット本厚木,神奈川県厚木市中町３−４−２２第二会田ビル２階
パームトップス,神奈川県厚木市中町4-15-9
ネバーランド2座間店,神奈川県座間市ひばりが丘４−１１−４８
タイトーステーション 小田原店,神奈川県小田原市栄町１−３−１２
タイトー小田原シティーモール店,神奈川県小田原市前川１２０　フレスポ小田原シティーモール２Ｆ
セガ小田原ダイナシティ,神奈川県小田原市中里296-1 ダイナシティイーストモール3F
タイトーステーション溝の口,神奈川県川崎市高津区溝口１−１１−８ＯＫＫＡ６３４ビル３階
イミグランデ溝口店,神奈川県川崎市高津区溝口１−１４−７　第二カスタムビル
ラウンドワン高津店,神奈川県川崎市高津区二子４−８−１
シルクハット川崎モアーズ,神奈川県川崎市川崎区駅前本町７番地　岡田屋モアーズ１・２階
シルクハット　川崎ダイス,神奈川県川崎市川崎区駅前本町８番地ダイスビル地下２階
ベネクス川崎,神奈川県川崎市川崎区鋼管通り４−８−３
プレイランド川崎,神奈川県川崎市川崎区小田栄2-2-1-3F
ラウンドワン川崎大師店,神奈川県川崎市川崎区殿町１−５−１
タイトーFステーション向ヶ丘遊園店,神奈川県川崎市多摩区登戸2718-1
ジョイランド中原,神奈川県川崎市中原区上小田中6-19-6
ムトス相模原店,神奈川県相模原市中央区中央２−１−５
セガイト—ヨーカドー古淵,神奈川県相模原市南区古淵3-13-33 イトーヨーカドー3F
クラブセガ相模大野,神奈川県相模原市南区相模大野3-13-2 東和ビル2F・3F
アドアーズ橋本,神奈川県相模原市緑区橋本３−３−１ＳＩＮＧビル２Ｆ
アピナ橋本店,神奈川県相模原市緑区西橋本５−１−１ラ・フロール駐車場棟１階
プレビ　アリオ橋本店,神奈川県相模原市緑区大山町１−２２アリオ橋本店内２階
プレイランド大和鶴間,神奈川県大和市下鶴間１−３−１イトーヨーカドー大和鶴間店３Ｆ
アドアーズ大和店Ａ館,神奈川県大和市大和東１−４−３大黒屋ビル１、２階
ゲームインファンファン藤沢店,神奈川県藤沢市鵠沼石上１−３−８
ＳＯＹＵ　GAME　FIELD湘南店,神奈川県藤沢市辻堂新町4-1-1湘南モールＦＩＬＬ2F
楽市楽座湘南藤沢店,神奈川県藤沢市辻堂新町4-3-5ﾐｽﾀｰﾏｯｸｽ湘南藤沢SC２F
アドアーズ藤沢北口,神奈川県藤沢市藤沢４６０−１　３〜４Ｆ
タイトーステーション 藤沢店,神奈川県藤沢市南藤沢２１−１
ドラマ藤沢店,神奈川県藤沢市本藤沢5-6-8
ゲームファンタジア平塚,神奈川県平塚市紅谷町１４−２１
ベネクス平塚店,神奈川県平塚市四之宮６−１０−２７
ラウンドワンららぽーと湘南平塚店,神奈川県平塚市天沼１０−１３階 ３３２８０番
メジャーロード24,新潟県見附市今町4-20-568-1
アピナ上越インター店,新潟県上越市下門前１６６１
上越レジャーランボウル,新潟県上越市下門前薬島827-2
タイトーＦステーション上越店,新潟県上越市富岡3524 J-MAXシアター内1F
メジャーロード黒埼,新潟県新潟市西区山田３３０３番地（３３０２番地）
ｎａｍｃｏ新潟店,新潟県新潟市中央区南笹口１−１−１　ひもろぎビル２Ｆ
ラウンドワン新潟店,新潟県新潟市中央区美咲町２−１−３８
カプコサーカス新潟東店,新潟県新潟市東区大形本町３−１−２　ジャスコシティ新潟東
ソユーゲームフィールド新発田店,新潟県新発田市住吉町５丁目１１番５号　イオンモール新発田２Ｆ
アピナ長岡店,新潟県長岡市堺東町２２
スターフィールド,新潟県長岡市新組町2003番地1
ゲームセンターテクノポリス,新潟県長岡市要町1-8-50
サービスエリアin入善,富山県下新川郡入善町上野7253-2
ゲームスポットアップル,富山県魚津市吉島二丁目４０７−１
サービスエリアIN高岡,富山県高岡市下石瀬857-1
セガイオンモール高岡,富山県高岡市下伏間３８３　イオンモール高岡２Ｆ２００１Ａ区画
ユーズランド高岡店,富山県高岡市下伏間江３８３イオンモール高岡２Ｆ
ゲームスポット２０７,富山県高岡市鐘紡町１６５５−３
キッズサーカス五福店,富山県富山市五福1143-1
アピナ富山新庄店,富山県富山市荒川３−２−１２
トヤマレジャーランド呉羽店,富山県富山市高木字貝塚2054
タイトーステーション ファボーレ婦中店,富山県富山市婦中町下轡田１６５−１フューチャーファボーレ２F
アピナ富山豊田店,富山県富山市豊田町２丁目１２−６６
アピナ富山南店,富山県富山市堀川町３５５−３　マイプラザ内
バイパスレジャーランド加賀店,石川県加賀市箱宮町ヲ1-1
ラウンドワン金沢店,石川県金沢市横川6-120-1
セガイオンタウン金沢示野,石川県金沢市戸板西2-1
セガアルプラザ金沢,石川県金沢市諸江町30-1
バイパスレジャーランド藤江新館,石川県金沢市藤江南2-105
タイトーステーション 金沢店,石川県金沢市片町２−１−７宇都宮片町ビル
ゲーム・パラダイス,石川県金沢市堀川新町５−１ｱﾐｭｰｽﾞﾒﾝﾄｽｸｴｱ3Ｆ
楽市楽座イオンモール新小松店,石川県小松市清六町３１５イオンモール新小松店２Ｆ
ＭＩＲＡＩＮＯイオンモール白山店,石川県白山市横江町土地区画整理事業施行地区内１衛区１番地
アピナ野々市バッティングスタジアム,石川県野々市市若松町５−５
アピナ野々市店,石川県野々市市白山町４−１イオンタウン野々市店内
セガワールド武生,福井県越前市新町3-13-4
タイトーＦステーションアル・プラザ鯖江店,福井県鯖江市下河端町１６−１６−１アルプラザ鯖江アミューズ棟内
アル・プラザボウル鯖江,福井県鯖江市下河端町１６字下町６−１
ＪＯＹＬＡＮＤ敦賀店,福井県敦賀市木崎４０号土三田１２番
福井レジャーランド板垣店,福井県福井市下馬３−１０２
セガ福井,福井県福井市丸山1-410
フクイレジャーランドワイプラザ店,福井県福井市新保北1-303　ヤスサキワイプラザＢ棟2Ｆ
ジョイランド大和田店,福井県福井市大和田町2-1002
ゲームQ,山梨県富士吉田市上吉田2-5-1富士山駅ビルショッピングセンターQ-STA内4F
スタジオプリモ甲府店,山梨県甲府市丸の内１−１６−２０　ココリ２F
ゲームパニック甲府,山梨県甲府市国母5-20-24
プラサカプコン甲府店,山梨県中巨摩郡昭和町西条字北河原３７１７
楽市楽座イオンモール甲府店,山梨県中巨摩郡昭和町飯喰１５０５−１イオンモール２０１１
ラウンドワン山梨・石和店,山梨県笛吹市石和町広瀬７３７−１
セガワールド豊科,長野県安曇野市豊科南穂高1115
アピナ伊那店,長野県伊那市大字西町５０９３
アピナ塩尻店,長野県塩尻市広丘野村１７９４−１
ゲームゾーン岡谷店,長野県岡谷市中央町２−２−１イルプラザ１Ｆ
セガ岡谷,長野県岡谷市塚間町2-1-21
アピナ佐久インター店,長野県佐久市岩村田北１−１３−１
ｎａｍｃｏイオンモール佐久平店,長野県佐久市佐久平駅南11-10ｲｵﾝﾓｰﾙ佐久平2階
セガ松本,長野県松本市渚1-7-1なぎさライフサイト内
アピナ松本店,長野県松本市双葉１９−１０
楽市楽座イオンモール松本店,長野県松本市中央四丁目９番５１号
アピナ上田店,長野県上田市秋和３５９−１
セガ上田,長野県上田市大字上田1847-1
ソユーゲームフィールド長野店,長野県長野市三輪９−４３−２４イオンタウン長野三輪店
アピナ長野大橋店,長野県長野市若里７−９−１２
アピナ長野川中島店,長野県長野市川中島町御厨９６７−１
アピナ長野村山店,長野県長野市村山５０２−１
ラウンドワン長野店,長野県長野市大字東和田８２７番地６
ドルフィン長野駅前店,長野県長野市大字南長野南石堂町１３６７−５
アピナ飯田店,長野県飯田市座光寺３７２８−１
ＧＡＭＥタカラ島　可児店,岐阜県可児市広見字古川２５１９ー１２　
ゲームゾーン各務原店,岐阜県各務原市鵜沼各務原町５−２８６ ペタルビル１Ｆ
アピナ各務原店,岐阜県各務原市蘇原花園町２丁目９番地１
セガマーゴ関,岐阜県関市倉知516
Ａ．Ｃ．グランド,岐阜県岐阜市茜部大川1-77
セガワールド高山,岐阜県高山市上岡本町7-7
岐阜レジャーランド穂積店,岐阜県瑞穂市稲里630番地
セガ多治見,岐阜県多治見市住吉町1-1-1
大垣メトロポリス,岐阜県大垣市三塚町西沼５２３−１
ゲームハウスアリババ,岐阜県大垣市池尻町９４０−１
セガワールドアクアウォーク大垣,岐阜県大垣市林町6-80-21アクアウォーク大垣2F
ラウンドワンモレラ岐阜店,岐阜県本巣市三橋１１００
セガ掛川,静岡県掛川市細田248
ACT御殿場店,静岡県御殿場市東山字石橋296-1
ジョイランドアミューズみしま,静岡県三島市梅名３０８−６
セガサントムーン柿田川,静岡県駿東郡清水町玉川61-2サントムーン柿田川２Ｆ
沼津バッティングスタジアム,静岡県沼津市岡一色１９−２
THE 3RD PLANET BiVi沼津店,静岡県沼津市大手町1-1-5
スタジオプリモ沼津店,静岡県沼津市大手町３−４−１沼津ラクーン５Ｆ
ジョイランドアミューズ諏訪店,静岡県沼津市大諏訪２０−２
アップルグランリバー大井川店,静岡県焼津市下江留１３２７
シートピアYAZ焼津店,静岡県焼津市道原585
THE 3RD PLANET 焼津店,静岡県焼津市八楠3-18-5
アップル新北街道店,静岡県静岡市葵区沓谷5-13-4
タイトーＦステーション静岡,静岡県静岡市葵区呉服町２−５−４　ふしみや第２ビル
マークイズ静岡店,静岡県静岡市葵区柚木１９１ＭＡＲＫ ＩＳ 静岡３Ｆ
ラウンドワン静岡・駿河店,静岡県静岡市駿河区手越７５
ソユー竜宮タウン静岡店,静岡県静岡市駿河区石田1-5-1アピタ静岡ＳＣ2Ｆ
THE 3RD PLANET 静岡インター店,静岡県静岡市駿河区中野新田383-3
セガベイドリーム清水,静岡県静岡市清水区駒越北8-1ベイドリーム清水2F
スーパーウェーブ静岡,静岡県静岡市清水区鳥坂８６０
セガ袋井,静岡県袋井市川井1142-1
THE 3RD PLANET 島田店,静岡県島田市中溝町2531
アップル島田店,静岡県島田市宝来町8-5
アピナ磐田店,静岡県磐田市西貝塚横須賀道北3690イオンタウン磐田内
プラサカプコン志都呂店,静岡県浜松市西区志都呂町二丁目37番1号 ｲｵﾝﾓｰﾙ浜松志都呂3F
ポート２４浜松店,静岡県浜松市西区坪井町4183-1
アピナ浜松店,静岡県浜松市中区葵西２−２７−１０
タイトーステーション新浜松ザザシティ店,静岡県浜松市中区鍛冶町１５サザンシティ西館２Ｆ
THE 3RD PLANET OZ浜松店,静岡県浜松市東区宮竹町322-1
ラウンドワン浜松店,静岡県浜松市東区天王町諏訪１９８１−１７
楽市楽座サンストリート浜北店,静岡県浜松市浜北区平口２８６１サンストリート浜北
タイトーＦステーションイオン富士宮店,静岡県富士宮市浅間町１−８
ＴＨＥ　３ＲＤ　ＰＬＡＮＥＴ　富士,静岡県富士市永田町２−９９
ラウンドワン富士店,静岡県富士市八代町４−１５
セガ静岡,静岡県静岡市葵区七間町4番地
セガ安城,愛知県安城市百石町2-35-13
ゲームゾーンＲ一宮,愛知県一宮市更屋敷門６０
セガイオンモール木曽川,愛知県一宮市木曽川町黒田八ヶ池25-1　イオンモール木曽川3F
セガ尾西,愛知県一宮市篭屋3-9-7アソビックスびさい1F
ゲーム　アルカナ,愛知県稲沢市朝府町２−３３
プラサカプコン稲沢店,愛知県稲沢市長野７丁目１−２リーフウォーク稲沢２Ｆ
ＡＤＸマミー岡崎店,愛知県岡崎市井田新町６−１
ゲームファンタジアン岡崎店,愛知県岡崎市錦町２−４
ゲームランド岡崎店,愛知県岡崎市戸崎町字外山３８−５イオンモール岡崎　シネコン棟
セガ岡崎,愛知県岡崎市上地3-50-4
ポート２４幸田店,愛知県額田郡幸田町相見沖原1-3
M's PARK刈谷店,愛知県刈谷市稲場町３−２０６
アミューズメントプラザ　マルシン,愛知県刈谷市池田町4-609
セガイオンタウン刈谷,愛知県刈谷市東境町京和１
セガ春日井,愛知県春日井市岩野町4180
オークランドボウル春日井,愛知県春日井市鳥居松町３−１１　１階ゲームコーナー
ＡＤＸマミー春日井Ｒ１５５出川店,愛知県春日井市不二ヶ丘１丁目５番地
小牧メトロポリス,愛知県小牧市間々片山１８１
パラボランド小牧店,愛知県小牧市東1-126　イオン小牧店２F
アミューズファクトリー常滑店,愛知県常滑市りんくう町2-20-3イオンモール常滑2F
セガ東名ボール,愛知県瀬戸市西原町2-114
カーニバル・Ｃ・ドーム,愛知県西尾市上町南又七山31番
楽市楽座イオンモール扶桑店,愛知県丹羽郡扶桑町南山名高塚5番地イオンモール扶桑2階
ユーズランド東浦店,愛知県知多郡東浦町緒川旭１３−２イオンモール東浦２Ｆ
セガワールド知立,愛知県知立市長篠町大山18-1ギャラリエアピタ1F
バッティングセンター甲子園,愛知県津島市寺野町字五反田４３
アミュージアム津島店,愛知県津島市大字津島字北新開351番地ﾖｼﾂﾞﾔ津島本店ｼﾈﾏ館2F
アミューズメントプラザワイド,愛知県東海市名和町二番割上16-2
コムテックプラザ赤池,愛知県日進市赤池１−２９０１
セガプライムツリー赤池,愛知県日進市赤池町箕ノ手1番
半田メトロポリス,愛知県半田市旭町３−１１−１
ラウンドワン半田店,愛知県半田市瑞穂町６−７−８
M's PARK三郷店西館,愛知県尾張旭市南原山町赤土２０７
Ｌａ・Ｆｉｅｓｔａ,愛知県豊橋市広小路１−６−２フェイス豊橋ビルＢ１
ラウンドワン豊橋店,愛知県豊橋市大岩町字岩田２７−２
セガ飯村,愛知県豊橋市飯村町字西山25-121
豊川メトロポリス,愛知県豊川市下長山町上アライ１４−１
タイトーキッズランドＧＡＺＡ,愛知県豊田市喜多町１−１４０ＧＡＺＡ３階
M's PARK豊田店,愛知県豊田市寿町３−２１、２２
セガ豊田,愛知県豊田市深田町1-65-1
ラウンドワン名古屋西春店,愛知県北名古屋市宇福寺神明１５
楽市街道 名古屋店,愛知県北名古屋市中之郷新明４５−１
楽市楽座イオンモール名古屋茶屋店,愛知県名古屋市港区西茶屋２−１１イオンモール名古屋茶屋３階
ポート２４八事店,愛知県名古屋市昭和区広路町北石坂102番地4
セガイオンタウン名西,愛知県名古屋市西区香呑町６−４９−１イオンタウン名西２Ｆ
セガｍｏｚｏワンダーシティ上小田井,愛知県名古屋市西区二方町40
ＧＲＥＡ,愛知県名古屋市千種区今池５−２２−１７
ラウンドワン千種店,愛知県名古屋市千種区新栄3-20-17タイホウ千種駅前南ビル8階
ゲーム キングジョイ,愛知県名古屋市中区栄3-3-32
コムテックスクウェア,愛知県名古屋市中区金山1-16-8
タイトーステーション 大須店,愛知県名古屋市中区大須３−２０−７
タイトーステーションフェドラ大須店,愛知県名古屋市中区大須３−３０−３１
ＶＡＭＰ中川店,愛知県名古屋市中川区新家１−２００７
ラウンドワン中川１号線店,愛知県名古屋市中川区法蔵町２−２３
ｎａｍｃｏ名古屋駅前店,愛知県名古屋市中村区椿町６−６ニッセイ名古屋西ビル別館Ｂ１
セガマーケットスクエアささしま,愛知県名古屋市中村区平池町４丁目６０番地１４号
コムテックタワー,愛知県名古屋市中村区名駅４−１０−２０
名古屋レジャーランド内田橋店,愛知県名古屋市南区内田橋2-26-22
セガ金山,愛知県名古屋市熱田区金山1-19-2
ファンタジープラザ名古屋,愛知県名古屋市北区玄馬町２３４−１ﾄﾞﾝｷﾎｰﾃ名古屋本店２階
名古屋レジャーランド大高店,愛知県名古屋市緑区忠治山201番地
namcoイオンモール大高店,愛知県名古屋市緑区南大高2-450ｲｵﾝ大高3階
SOYU BREMEN TOWN 鳴海店,愛知県名古屋市緑区鳴海町字伝治山3-9　アピタ鳴海店2F
ラウンドワン鳴海店,愛知県名古屋市緑区鳴海町杜若２８
プラサカプコン徳重店,愛知県名古屋市緑区鳴海町徳重１８−４４ヒルズウォーク徳重
タイトーステーション 弥富店,愛知県弥富市五明１３７１−４
ドリームキャンディ,三重県伊賀市小田町７１１−１
セガ伊勢,三重県伊勢市中須町666
楽市楽座イオンモール東員店,三重県員弁郡東員町大字長深字築田５１０−１
セガワールド桑名,三重県桑名市大仲新田宮前158
ゲームパークＭＥＣＨＡ菰野店,三重県三重郡菰野町大字宿野字神明田357　イオンタウン菰野内
ラウンドワンみえ川越インターチェンジ店,三重県三重郡川越町南福崎８５１−１
プレビ　トナリエ四日市,三重県四日市市安島１−３−３１トナリエ５階
セガ生桑,三重県四日市市生桑町字川原崎299-1
アピナ四日市店,三重県四日市市泊小柳町４−３４
ゲームチャオ松阪店,三重県松阪市船江町７８０
セガアドバンスモール松阪,三重県松阪市田村町２３５−１
セガワールド久居,三重県津市久居明神町字風早2534-1
ラウンドワン津・高茶屋店,三重県津市高茶屋小森町２７７−８
クラブセガ名張,三重県名張市希央台3番地15
ｎａｍｃｏイオンモール鈴鹿,三重県鈴鹿市庄野羽山４−１−２イオンモール鈴鹿２Ｆ
アピナ鈴鹿店,三重県鈴鹿市庄野羽山4-20-1イオンタウン鈴鹿2階
アミパラ鈴鹿店,三重県鈴鹿市西条町字東澤430-1
エースレーン愛知川,滋賀県愛知郡愛荘町長野２００
エースレーン近江八幡店,滋賀県近江八幡市出町７３６アクトビル１Ｆ
タイトーＦステーションイオン近江八幡店,滋賀県近江八幡市鷹飼町南３−７　１階
セガ甲西,滋賀県湖南市夏見字二ツ橋356-1
エースレーン守山,滋賀県守山市播磨田町２３１−４ＡＣＴ守山３番館内
ゲームランド草津店,滋賀県草津市新浜町３００番地イオンモール草津３階
セガエイスクエア草津,滋賀県草津市西渋川1-23-23エイスクエアSARA南館2階
アミパラ草津店,滋賀県草津市木川町72
ACT草津ACTION,滋賀県草津市野路町1161-1
滋賀レジャーランド大津店,滋賀県大津市におの浜３−１−４３　イオンタウンアヤハプラザ内
エースレーン堅田,滋賀県大津市今堅田２−４０−１０
ラウンドワン浜大津アーカス店,滋賀県大津市浜町２−１浜大津アーカス内
ゲームディーノ彦根店,滋賀県彦根市西沼波町１６６
ｎａｍｃｏビバシティ彦根店,滋賀県彦根市竹ケ鼻町４３−１ビバシティ彦根２Ｆ
アミパラ久御山店,京都府久世郡久御山町森大内３３７ イオンタウン久御山内
プラサカプコン京都店,京都府京都市右京区西院追分町２５−１イオンモール京都五条３Ｆ
ラウンドワン京都河原町店,京都府京都市中京区河原町通三条下ル山崎町２５０
プレイランドキング円町店,京都府京都市中京区西ノ京西円町40
THE 3RD PLANET BiVi京都二条店,京都府京都市中京区西ノ京栂尾町107
楽市楽座イオンモール京都桂川店,京都府京都市南区久世高田町376-1イオンモール京都桂川店３階
ラウンドワン京都伏見店,京都府京都市伏見区下鳥羽平塚町１３１
セガワールド六地蔵,京都府京都市伏見区桃山町山ノ下32京都SCビルAM棟2F
パルケ上賀茂店,京都府京都市北区上賀茂西河原１−１
バザールタウン舞鶴キッズワールド,京都府舞鶴市伊佐津200-5
あそＶＩＶＡゲームセンター,京都府福知山市字堀小字下高田２１４６−１
ゲームディーノ阪急茨木店,大阪府茨木市永代町５ ソシオビルＢ１
あそＶＩＶＡ阪急茨木店,大阪府茨木市永代町６−２スポーツプラザ茨木２Ｆ
星狩物語岸和田店,大阪府岸和田市作才町1-3-2
ラウンドワン岸和田店,大阪府岸和田市八阪町２−１１−１
タイトーステーション摂津富田店,大阪府高槻市大畑町１３−１　イオン摂津富田店２階
ラウンドワン高槻店,大阪府高槻市辻子３−６−４
ラウンドワン堺駅前店,大阪府堺市堺区戎島町4-44-3
ゲームパニック堺,大阪府堺市堺区築港八幡町1番地堺浜ｼｰｻｲﾄﾞｽﾃｰｼﾞ内堺浜ｴﾝﾀﾒ館
SOYU GAME FIELD堺鉄砲町店,大阪府堺市堺区鉄砲町1番地イオンモール堺鉄砲町3F
ラウンドワン堺中央環状店,大阪府堺市東区石原町２−２４１
セガワールド松原,大阪府堺市東区八下町3-10
スポーツセンター　２１世紀,大阪府堺市南区岩室108-1
楽市楽座イオンモール四條畷店,大阪府四條畷市砂4-3-2イオンモール四條畷店3F
ラウンドワン守口店,大阪府守口市佐太東町２−６−１４ジャガーグリーン２Ｆ
モンキートリック,大阪府寝屋川市香里南之町32-5　YNレジデンス香里2F
セガビバモール寝屋川,大阪府寝屋川市寝屋南2-22-2ビバモール寝屋川 モール棟2F
ＹＡＺ寝屋川店,大阪府寝屋川市石津中町25-26
関大前フタバボウル,大阪府吹田市千里山東１−７−１８
ENTERTAINMENT FIELD ららぽーとEXPOCITY店,大阪府吹田市千里万博公園２−１ららぽーとＥＸＰＯＣＩＴＹ３Ｆ
フタバボウル泉大津店,大阪府泉大津市松之浜町１−２−５３
ソユーゲームフィールド泉南店,大阪府泉南市りんくう南浜３番１２イオンモールりんくう泉南２Ｆ
タイトーＦステーションあべのアポロ店,大阪府大阪市阿倍野区阿倍野筋1-5-1 きんえいアポロビル4F
セガワールドアポロ,大阪府大阪市阿倍野区阿倍野筋1-5-31 アポロビル3F
Ｇ−ｐａｌａあべの,大阪府大阪市阿倍野区阿倍野筋３−１０−１あべのベルタ２Ｆ
ＭＥＣＨＡ天保山店,大阪府大阪市港区海岸通１−１−１０天保山マーケットプレイス内
セガ今福,大阪府大阪市城東区今福東1-9-34
ラウンドワン城東放出店,大阪府大阪市城東区今福南3-4-38
楽市楽座イオンモール大阪ドーム店,大阪府大阪市西区千代崎３−１３−１
ラウンドワン千日前店,大阪府大阪市中央区難波１−３−１
タイトーステーション 難波店,大阪府大阪市中央区難波千日前１５−１２
ラウンドワン東淀川店,大阪府大阪市東淀川区菅原７−１４−２８
ｎａｍｃｏ梅田店,大阪府大阪市北区小松原町３−３ＯＳビル２Ｆ
ラウンドワン梅田店,大阪府大阪市北区小松原町４−１６
アミュージアム茶屋町店,大阪府大阪市北区茶屋町15-34
クラブセガ東梅田,大阪府大阪市北区堂山町9-28
セガミスト２,大阪府大阪市北区梅田１−１１−４駅前第４ビルＢ１Ｆ
ハイテクランドセガ西中島,大阪府大阪市淀川区西中島3-16-8深井センタービル1・2F
ｎａｍｃｏ大阪日本橋店,大阪府大阪市浪速区難波中2-1-17コスモビル1〜3階
セガ難波アビオン,大阪府大阪市浪速区難波中２−３−１５ＭＭＯビルＢ１〜３Ｆ
タイトーステーション 大阪日本橋店,大阪府大阪市浪速区日本橋４−９−１４
アミパラ大東店,大阪府大東市南新田２丁目３番５号
セガ東大阪,大阪府東大阪市稲田新町3-9-64
ラウンドワン東大阪店,大阪府東大阪市若江南町１−２−１２
エンジョイパラダイス,大阪府東大阪市長栄寺７−３パーラーメトロ永和店２Ｆ
セガワールド布施,大阪府東大阪市長堂1-1-1ロンモール布施内
プラサカプコン藤井寺,大阪府藤井寺市岡２丁目１０番１１号イオン藤井寺ＳＣ２Ｆ
ゲームフェイス八尾店,大阪府八尾市天王寺屋2-68
セガ新三国アルゴ７,大阪府豊中市神州町1-15
ラウンドワン豊中店,大阪府豊中市名神口１−１−１
ラウンドワン枚方店,大阪府枚方市高野道１−２０−２０
セガワールド枚方,大阪府枚方市須山町83-1サンシャインプラザ枚方内
セガニトリモール枚方,大阪府枚方市北山1-2-1
SOYUGameFieldみのおキューズモール店,大阪府箕面市西宿１−１５−３０みのおキューズモールＣ棟２階
ラウンドワンららぽーと和泉店,大阪府和泉市あゆみ野４−４−７　４階　４２１００番
セガワールド和泉,大阪府和泉市肥子町2-4-41
ラウンドワン伊丹店,兵庫県伊丹市昆陽７丁目２９
ｎａｍｃｏニッケパークタウン加古川店,兵庫県加古川市加古川町寺家町173-1
ラウンドワン加古川店,兵庫県加古川市尾上町安田325番6号
アミパラ加古川店,兵庫県加古川市尾上町今福７１−２
社スポーツレーン,兵庫県加東市社1189-1
アミューズスペースミール,兵庫県三田市対中町5-21
アミパラ垂水店,兵庫県神戸市垂水区名谷町字室山１４００−１８
遊スペース アローズ,兵庫県神戸市西区丸塚２丁目９−１８
遊スペース マジカル,兵庫県神戸市中央区琴ノ緒町５−２−３
タイトーＦステーション三宮 西館店,兵庫県神戸市中央区三宮町２丁目１１−１センタープラザ西館
ラウンドワン三宮駅前店,兵庫県神戸市中央区小野柄通6-1-17
セガ神戸ｕｍｉｅサウスモール,兵庫県神戸市中央区東川崎町1-7-2ダイヤニッセイビル4F
セガフェニックスプラザ摩耶,兵庫県神戸市灘区味泥町6-1フェニックスプラザ1F
ｎａｍｃｏイオンモール神戸南店,兵庫県神戸市兵庫区中之島２−１−１ イオンモール神戸南３Ｆ
楽市楽座イオンモール神戸北店,兵庫県神戸市北区上津台８−１−１
セガコロワ甲子園,兵庫県西宮市甲子園高潮町3−3Crowa甲子園3F
プレイステーションネーブル西宮店,兵庫県西宮市両度町6-10
西友川西ゲームパーク,兵庫県川西市栄町１６−８
アミューズアイランド和田山,兵庫県朝来市和田山町枚田岡774番地イオン和田山店1F
セガあまがさきキューズモール,兵庫県尼崎市潮江1-3-1あまがさきキューズモール内4F
ラウンドワンＪＲ尼崎駅前店,兵庫県尼崎市潮江１−４−５プラストいきいき館４階
セガつかしん,兵庫県尼崎市塚口本町4-8-1つかしん内
クラブセガ姫路ＯＳ,兵庫県姫路市駅前町254姫路OSビルB1F
タイトーＦステーション姫路,兵庫県姫路市駅前町２６９・２７０番地
遊楽舎　姫路花田店,兵庫県姫路市花田町上原田２−１ビッグエムワン2F
ラウンドワン姫路飾磨店,兵庫県姫路市飾磨区中島１−２５４
Ｇ−ｐａｌａ花北店,兵庫県姫路市増位新町１−６　２Ｆ
アピナ姫路店,兵庫県姫路市東郷町１４５４−３姫路リオス２階
ジョイプラザ豊岡店,兵庫県豊岡市加広町７−３２コープデイズ豊岡内
ｎａｍｃｏ豊岡店,兵庫県豊岡市中陰字大工６１７３階
セガ明石,兵庫県明石市魚住町清水2464-1
ゲームアイビス太子店,兵庫県揖保郡太子町太田2149
SOYUGameField奈良橿原店,奈良県橿原市曲川町7-20-1　イオンモール橿原3F
アミパラ橿原店,奈良県橿原市十市町1222-1ツインゲート橿原１F
AMパークイオンモール奈良登美ヶ丘店,奈良県生駒市鹿畑町３０２７イオンモール専門店街３階
楽市楽座　イオンモール大和郡山店,奈良県大和郡山市下三橋町741-333イオンモール大和郡山店
アミューズメントＣＵＥ奈良大和高田店,奈良県大和高田市東中２−１１−１６
アミューズメントＣＵＥ奈良三条店,奈良県奈良市三条町478-1
ラウンドワン奈良・ミナーラ店,奈良県奈良市二条大路南１−３−１ミ・ナーラ５階
キッズサーカス奈良柏木店,奈良県奈良市柏木町４５６−１
ラウンドワン和歌山店,和歌山県和歌山市小雑賀７３９−３
ユーズランド和歌山店,和歌山県和歌山市中字楠谷５７３イオンモール和歌山２Ｆ
セガ鳥取,鳥取県鳥取市安長416
アミパラがいな店,鳥取県米子市日ノ出町１−８−１３
セガワールド米子,鳥取県米子市両三柳2778-2
ｙｏｕｍｅ　ＣＩＲＣＵＳ出雲店,島根県出雲市大塚町６５０−１ゆめタウン出雲店　東館３Ｆ
ジーパラ出雲,島根県出雲市渡橋町７８４−１
セガ松江,島根県松江市嫁島町12-15
アミパラ松江店,島根県松江市東朝日町２０３−１
アミューズメントプレイス・ギミック・セガ,岡山県岡山市中区藤崎599-12
ラウンドワン岡山妹尾店,岡山県岡山市南区妹尾３４１３−１
セガイオンモール岡山,岡山県岡山市北区下石井1-2-1ｲｵﾝﾓｰﾙ岡山6F　
アミパラ岡山店,岡山県岡山市北区青江１丁目１３−８
アミパラテクノランド店,岡山県岡山市北区大和町１−７−１２
ファンタジスタ,岡山県倉敷市新倉敷駅前５−１９４
セガ倉敷,岡山県倉敷市西中新田535-2
アミパラ倉敷店,岡山県倉敷市西中新田624-1アミパラボウル1F
アミパラ津山店,岡山県津山市河辺１０００−１イオンモール津山２Ｆ
セガ海田,広島県安芸郡海田町南大正町3-35
namcoイオンモール広島府中,広島県安芸郡府中町大須2-1-1イオンモール広島府中3階
シネパーク広,広島県呉市広中町１−９
セガワールドＭＥＧＡ,広島県広島市安佐南区中筋4-11-7
プラサカプコン広島店,広島県広島市佐伯区石内東４丁目１−１ジアウトレット広島
アミパラ広島店,広島県広島市西区西観音町3-17
セガＬＥＣＴ広島,広島県広島市西区扇町2-1-45LECT2F
フタバ図書アルティランド,広島県広島市西区草津南４−７−１　アルパーク北棟２Ｆ
タイトーステーション 広島紙屋町店,広島県広島市中区紙屋町２−２−２１
ビバーチャ,広島県広島市中区南竹屋町１０−１７
タイトーステーション 広島本通店,広島県広島市中区本通３−５せらかぐ本通ビル
セガ広島本通,広島県広島市中区本通９−３０ランドマークビル１Ｆ
ラウンドワン広島店,広島県広島市中区立町３−１１
セガワールド宇品,広島県広島市南区宇品西3-4フタバ図書GIGA宇品店内
楽市楽座広島店,広島県広島市南区段原南１−３−５２広島段原ＳＣ７階７００１
アミパラここじゃ店,広島県東広島市西条町下見６−１０−１９
スペースV1廿日市店,広島県廿日市市本町４−２３
セガ尾道,広島県尾道市新浜1-2-13
あみぱらんど福山店,広島県福山市三吉町南２−８−２４
アミパラ神辺店,広島県福山市神辺町大字新道上字１−２−１
セガワールド福山,広島県福山市瀬戸町大字山北300
ラウンドワン福山店,広島県福山市明神町１−９−２８
アミューズメントパークＭＧジアス,広島県福山市柳津町１−７−６０
フレスパランドカッタの湯,山口県宇部市海南町1675
アレックス,山口県宇部市西宇部南３−５−５３
アミパラ下関店,山口県下関市長府才川１−４２−４８
アミュージアム周南店,山口県下松市中央町21-3THEMALL周南3F
ギガゾーン岩国,山口県岩国市室の木町１−５−５
セガ小郡,山口県山口市小郡前田町3-6ロックタウン
タイトーＦステーション山口メルクス店,山口県山口市大字黒川８２−１ハイパーモールメルクス内
THE 3RD PLANET 山口店,山口県山口市湯田温泉6-8-3
アミパラ周南久米店,山口県周南市大字久米２８３４　イオンタウン周南久米
ＳＰＥＥＤ,山口県周南市大字久米３２１９
ネオブラボー,山口県防府市高倉１−３−３０
ソユーファミリーゲームフィールド防府店,山口県防府市鐘紡町７−１イオンタウン防府1F
アポロゲームセンター沖洲店,徳島県徳島市南沖洲１−９３
アミューズメントパフェパレパレ田宮店,徳島県徳島市南田宮２−２−４６
セガ徳島スエヒロボウル,徳島県徳島市南末広町4-95-2
ラウンドワン徳島・万代店,徳島県徳島市万代町４−１９−１
アミパラ丸亀店,香川県丸亀市飯野町西分字川縁甲５８４−１　ハローズ棟内
セガ丸亀,香川県丸亀市蓬莱町56-1
ＳＯＹＵＧａｍｅＦｉｅｌｄ高松,香川県高松市香西本町１−１イオン高松ＳＣ２Ｆ
ラウンドワン高松店,香川県高松市松島町２−７−４３
セガ高松,香川県高松市勅使町535
アミュージアム高松店,香川県高松市伏石町2144-9
アミューズメントパークＭＧ土庄,香川県小豆郡土庄町字半の池甲１３６０−１０
マックスプラザ善通寺,香川県善通寺市中村町１７９８−２
ソユーフォレストハンター松前店,愛媛県伊予郡松前町筒井８５０ＡＭ棟１階
楽市楽座イオンモール今治店,愛媛県今治市にぎわい広場1-1
バンバン衣山店,愛媛県松山市衣山１−２４８−１
宮西スタジアム２,愛媛県松山市宮西二丁目４の４１
アミューズメントパークＭＧキスケ,愛媛県松山市宮田町４　キスケボックス内１階
セガ松山,愛媛県松山市枝松5-7-32
アミパラ松山店,愛媛県松山市生石町６５５−１
アミューズメントパークＭＧ大街道,愛媛県松山市大街道１−４−１７
アミューズメントパークＭＧ朝生田,愛媛県松山市朝生田町４−４−３２　第一自動車教習所ビル１階
ラウンドワン松山店,愛媛県松山市東長戸１−３−１０
プレイドーム松山,愛媛県松山市余戸南４丁目９−４０
プラサカプコン新居浜店,愛媛県新居浜市前田町８−８イオンモール新居浜２Ｆ
ハイテクセガ新居浜,愛媛県新居浜市徳常町6-8
アミューズメントパークＭＧ西条,愛媛県西条市新田字北新田２３５フジグラン西条 別棟
えの木,高知県高知市旭町3丁目100-3
プラサカプコン高知,高知県高知市秦南町１−４−８イオンモール高知３Ｆ
セガワールドフジグラン,高知県高知市朝倉東町52-15 フジグラン高知3F
ラウンドワン高知店,高知県高知市南宝永町４−１２
ウェアハウス四万十店,高知県四万十市右山五月町８−１３アピアさつき２F
アミューズメントパークＭＧ須崎,高知県須崎市神田２５００−１マルナカ須崎店内 別棟
アミパラ高知店,高知県南国市篠原１９４−１
遊道楽新合川店,福岡県久留米市新合川1丁目6-7
楽市街道くるめ店,福岡県久留米市新合川2-7-10久留米アミューズメントビル内
ユーズボウル久留米,福岡県久留米市東櫛原町字深町１１１０
楽市楽座行橋店,福岡県行橋市西泉６−１−１
楽市楽座くりえいと宗像,福岡県宗像市くりえいと１−４−４
フタバ図書ＧＩＧＡ春日店,福岡県春日市昇町8-1-1
楽市楽座イオン小郡店,福岡県小郡市大保字弓場１１０
サンゲームス新宮店,福岡県糟屋郡新宮町美咲3-1-40新宮ドーム1F
最後の５ドル,福岡県糟屋郡粕屋町大字仲原2706仲原ファミリープラザ2F
,太宰府Jボウル
,福岡県太宰府市都府楼南5-6-12
パスカランド大川店,福岡県大川市上巻４３０−１ゆめタウン２F
大牟田Ｊ−ＧＡＭＥ,福岡県大牟田市旭町３−３−７
楽市楽座イオンモール大牟田店,福岡県大牟田市岬町３−４
ラウンドワン大野城店,福岡県大野城市御笠川１−１８−１６
楽市楽座イオンモール筑紫野店,福岡県筑紫野市立明寺４３４−１イオンモール筑紫野店３階
セガアリーナ中間,福岡県中間市上蓮花寺3-1-1
プラサカプコン直方店,福岡県直方市湯野原２−１−１イオンモール直方２Ｆ
Ｇ−ＳＴＡＧＥ飯塚店,福岡県飯塚市枝国６８０−２
ジャンボパンチ希林,福岡県飯塚市秋松947
Ｇ−ＳＴＡＧＥ七隈店,福岡県福岡市城南区七隈８−４−８
パスカランド福重店,福岡県福岡市西区拾六町１丁目７番１号ＭＥＧＡドンキ福重店３Ｆ
楽市楽座イオンモール福岡伊都店,福岡県福岡市西区北原1-3-1イオンモール福岡伊都SC別館
ラウンドワン福岡天神店,福岡県福岡市中央区天神２−６−１２
タイトーステーション 福岡天神店,福岡県福岡市中央区天神２−６−３５サザンクロスビル
セガ福岡天神,福岡県福岡市中央区天神２−７−６ＤＡＤＡビル
パスカランド博多,福岡県福岡市東区東浜1-1-1
楽市街道箱崎店,福岡県福岡市東区箱崎５丁目１番８号
ジーパラ博多,福岡県福岡市博多区東光寺町２丁目６番４０号ｺﾏｰｼｬﾙﾓｰﾙ博多２階
遊遊パークフォレオ博多店,福岡県福岡市博多区東那珂１−１４−４６フォレオ博多２F
ｎａｍｃｏ博多バスターミナル店,福岡県福岡市博多区博多駅中央街２−１博多バスターミナル７階
タイトーFステーションヨドバシ博多店,福岡県福岡市博多区博多駅中央街6-12ヨドバシカメラ4Ｆ
ラウンドワン博多半道橋店,福岡県福岡市博多区半道橋２−２−８
楽市楽座イオンモール福津店,福岡県福津市日蒔野６−１６−１　イオンモール福津店３Ｆ
Ｇ−ｐａｌａ小倉,福岡県北九州市小倉南区上葛原1−14−1
ハイパーメッセ,福岡県北九州市小倉南区北方4-6-7
ペップ魚町,福岡県北九州市小倉北区魚町２−４−２０
楽市楽座砂津店,福岡県北九州市小倉北区砂津3-1-1チャチャタウン小倉B棟3F
ラウンドワン小倉店,福岡県北九州市小倉北区西港町15-65
Ｇ−ＳＴＡＧＥ小倉,福岡県北九州市小倉北区浅野2-14-5あるあるCITY2階
楽市楽座黒崎店,福岡県北九州市八幡西区桜ヶ丘町１−３フレスポ黒崎２階
パスカランド黒崎店,福岡県北九州市八幡西区西曲里町３−１
ソニックワールド伊万里店,佐賀県伊万里市二里町八谷搦１８９−３
遊道楽嘉瀬店,佐賀県佐賀市嘉瀬町中原２４８８−１
ｎａｍｃｏモラージュ佐賀店,佐賀県佐賀市巨勢町大字牛島７３０モラージュ佐賀南館１Ｆ
ラウンドワン佐賀店,佐賀県佐賀市兵庫北４−２−１
パスカランド鳥栖,佐賀県鳥栖市本鳥栖町５３７−１フレスポ鳥栖店２階
ＦＡＳボウリングセンター,佐賀県唐津市栄町２５８１−１ＦＡＳボウリングセンター
セガ武雄,佐賀県武雄市武雄町富岡12517-1
アミパラ佐世保店,長崎県佐世保市大塔町１８−１５
サンゲームス佐世保店,長崎県佐世保市田原町38-1
遊道楽時津店,長崎県西彼杵郡時津町元村郷８６３−１０
Ｇ−ｐａｌａ時津,長崎県西彼杵郡時津町野田郷５９号
ソニックワールド大村店,長崎県大村市古賀島町３８３−１
セガワールドサンスパおおむら,長崎県大村市森園町663-3
G-stage浜町,長崎県長崎市浜町2-26
セガみらい長崎ココウォーク,長崎県長崎市茂里町1-55みらい長崎ココウォーク5F
ハイテクセガもみの木村,長崎県諫早市小川町90-1
楽市楽座　諫早店,長崎県諫早市長野町１０８６−１７
スポラ菊陽,熊本県菊池郡菊陽町津久礼駄飼代２６１７−２
ラウンドワン熊本店,熊本県熊本市西区春日7-25-15
セガアミュプラザくまもと,熊本県熊本市西区春日三丁目１５番２６号６Ｆ　６１８区画
スポラ九品寺,熊本県熊本市中央区九品寺5丁目10-15
ｎａｍｃｏワンダーシティ南熊本店,熊本県熊本市中央区九品寺６−９−１
ＴＨＥ３ＲＤＰＬＡＮＥＴ下通り店,熊本県熊本市中央区手取本町４番１２号
サンゲームス熊本インタープラザ,熊本県熊本市東区御領8-4-82
パスカランドはません,熊本県熊本市南区田井島1-2-1ゆめタウンはません3F
パスカワールドグリーンランド店,熊本県荒尾市本井手１５７４−５４
リッチモンド,熊本県八代市旭中央通２０−３
ゲームラボサイドセブン,大分県大分市上宗方1-649-1
プラサカプコン大分店,大分県大分市公園通り西２−１パークプレイス大分２Ｆ
タイトーＦステーションセントポルタ大分店,大分県大分市中央町２−１−１
ラウンドワン大分店,大分県大分市萩原２−１３−１７
トライセン萩原,大分県大分市萩原４−２２７−７
セガワールド高城,大分県大分市牧1-161-8
セガワールド中津,大分県中津市沖代町1-2-16
トライセン中津店,大分県中津市下池永６７−３
Ｇ−ｐａｌａ日田,大分県日田市友田997-1
ハイテクランドセガハーバープレイス,大分県別府市餅ヶ浜町161-2
セガ延岡,宮崎県延岡市平原町5-1492-8
楽市楽座イオンモール宮崎店,宮崎県宮崎市新別府町江口８６２−１イオンモール宮崎店２Ｆ
ラウンドワン宮崎店,宮崎県宮崎市中村東３−４−６０
セガアミュプラザみやざき,宮崎県宮崎市老松２丁目２番２２号アミュプラザみやざき　うみ館
楽市楽座イオンモール都城駅前店,宮崎県都城市栄町４６７２−５ｲｵﾝﾓｰﾙ都城駅前店2階
楽市楽座イオンタウン姶良店,鹿児島県姶良市東餅田336
ＡｍｕｓｅｍｅｎｔｃｉｔｙＧ−ＳＴＡ,鹿児島県薩摩川内市向田本町４９番
ラウンドワン鹿児島宇宿店,鹿児島県鹿児島市宇宿2-2-2
マンガ倉庫鹿児島店,鹿児島県鹿児島市小松原1-6-7
サンゲームス天文館店,鹿児島県鹿児島市千日町5-6
タイトーアミュプラザ鹿児島店,鹿児島県鹿児島市中央町１−１アミュプラザ鹿児島５Ｆ
タイトーＦステーションニシムタ出水店,鹿児島県出水市六月田町３４７番地
ｎａｍｃｏイオン具志川店,沖縄県うるま市字前原幸崎原３０３イオン具志川ＳＣ内２Ｆ
マンガ倉庫浦添店,沖縄県浦添市城間2689
ラウンドワン沖縄・宜野湾店,沖縄県宜野湾市真志喜３−２８−８
ナムコランドイオンタウン読谷ＳＣ店,沖縄県中頭郡読谷村古堅７４０イオンタウン読谷ＳＣ内
クラブセガ北谷,沖縄県中頭郡北谷町美浜9-8
楽市楽座イオンモール沖縄ライカム店,沖縄県中頭郡北中城村字沖縄ﾗｲｶﾑ1ｲｵﾝﾓｰﾙ沖縄ﾗｲｶﾑ4階
ラウンドワン沖縄・南風原店,沖縄県島尻郡南風原町字兼城５５２番地