「太鼓の達人(ゲームセンター版)」を遊んでオリジナル景品,2025年2月28日(金)10:00～2025年5月25日(日)23:59
キャッツアイ新札幌,北海道札幌市厚別区厚別東五条1　ホーマックスーパーデポ厚別東店横
GiGO ドリームタウン白樺,北海道帯広市白樺十六条西2　ドリームタウン白樺内
キャッツアイ恵庭,北海道恵庭市住吉町2-9-1
キャッツアイ東苗穂,北海道札幌市東区東苗穂六条2-1-25
GiGO 西友手稲,北海道札幌市手稲区前田一条11　西友手稲店3F
GiGO 室蘭,北海道室蘭市東町4-31-3
GiGO 帯広稲田,北海道帯広市稲田町南8線西12-1　帯広スズランボウル内
タイトーステーション千歳,北海道千歳市北栄2-12-5
GiGO 札幌駅西口,北海道札幌市北区北六条西6　JR高架下
東急百貨店さっぽろアミューズパーク,北海道札幌市中央区北四条西2-1　東急百貨店さっぽろ店9F
タイトーステーションイオンモール釧路昭和,北海道釧路市昭和中央4-18-1　イオンモール釧路昭和2F
ソユーゲームフィールド旭川西,北海道旭川市緑町23-2161-3　イオンモール旭川西3F
GiGO BOWLイオンモール苫小牧,北海道苫小牧市柳町3-1-20　イオンモール苫小牧2F
namcoウイングベイ小樽,北海道小樽市築港11-5　ウイングベイ小樽5番街2・3F
BIG BANG 函館,北海道函館市梁川町9-3　パボッツ函館3F
GiGO 函館昭和,北海道函館市昭和3-24-18　ゲオ函館昭和店内
キッズパーク イオン千歳,北海道千歳市栄町6-51　イオン千歳店2F
ラウンドワンスタジアム旭川,北海道旭川市永山三条1-4-7
ラウンドワンスタジアム函館,北海道函館市西桔梗町848-11
BIG BANG 室蘭,北海道室蘭市中島本町2-8-1
タイトーステーションイオンモール札幌平岡,北海道札幌市清田区平岡三条5-3-1　イオンモール札幌平岡2F
GiGO 北見,北海道北見市西三輪5-1-16
ラウンドワンスタジアム札幌北21条,北海道札幌市東区北二十一条東1-1-21
ラウンドワンスタジアム札幌・白石本通,北海道札幌市白石区本通16-北1-50
VEGAGIO美しが丘,北海道札幌市清田区美しが丘一条7-6-10　ベガロポリス美しが丘店内
BIG BANG 釧路,北海道釧路郡釧路町木場2-1
namcoサッポロファクトリー,北海道札幌市中央区北一条東4-1-1　サッポロファクトリー1条館内
アピナ新千歳空港,北海道千歳市美々1　新千歳空港（国内線）旅客ターミナルビル4F
ソユーゲームフィールド札幌発寒,北海道札幌市西区発寒八条12-1-1　イオンモール札幌発寒3F
ソユーゲームフィールド札幌苗穂,北海道札幌市東区東苗穂二条3-1-1　イオンモール札幌苗穂2F
アミューズメントシティ東武イーストモール,北海道北見市端野町三区572-1　東武イーストモール内
アミューズメントランドイオン室蘭,北海道室蘭市東町2-4-32　イオン室蘭店2F
キッズパーク イオン紋別,北海道紋別市花園町3-4-39　イオン紋別店2F
GiGO MEGAドン・キホーテ函館,北海道函館市美原1-7-1　MEGAドン・キホーテ函館店2F
グルグルイトーヨーカドー屯田,北海道札幌市北区屯田八条3-5-1　イトーヨーカドー屯田店2F
あそびパークウイングベイ小樽,北海道小樽市築港11-1　ウイングベイ小樽1番街3F
ソユーゲームフィールド旭川駅前,北海道旭川市宮下通7-2-5　イオンモール旭川駅前4F
ラウンドワン札幌すすきの,北海道札幌市中央区南五条西3-6-1
GiGO スーパーセンタートライアル上磯,北海道北斗市七重浜7-14-1　スーパーセンタートライアル上磯店1F
タイトーステーション札幌狸小路2丁目,北海道札幌市中央区南三条西2-14　ニコービル
ゲームランド新さっぽろ,北海道札幌市厚別区厚別中央二条5-7　新さっぽろアークシティ　カテプリ新さっぽろ3F
namcoアリオ札幌,北海道札幌市東区北七条東9-2-20　アリオ札幌スパ・レジャー館2F　233区画
namcoラソラ札幌,北海道札幌市白石区東札幌三条1-1-1　ラソラ札幌Atown 2F
HapipiLand旭川,北海道旭川市永山12条3　ウェスタンパワーズ2F
GiGO メガセンタートライアル旭川,北海道旭川市六条通14-64　メガセンタートライアル旭川2F
GiGO ココノススキノ,北海道札幌市中央区南四条西4-1-1　COCONO SUSUKINO 3F
GiGO BOWLノルベサ,北海道札幌市中央区南三条西5-1-1　ノルベサ6F
タイトーステーション札幌狸小路4丁目,北海道札幌市中央区南二条西4-2-11
ゲームフェスタミタマ,青森県弘前市駅前町5-5
GiGO 八戸,青森県八戸市城下4-25-14
ソユースペースファンタジーインフィニ,青森県弘前市城東北3-10-1　さくら野百貨店弘前店4F
GiGO 弘前,青森県弘前市末広1-3-3
ユーズランド下田,青森県上北郡おいらせ町中野平40-1　イオンモール下田1F
ゲームランドつがる柏,青森県つがる市柏稲盛幾世41　イオンモールつがる柏本館2F
namcoエルムの街ショッピングセンター,青森県五所川原市唐笠柳字藤巻517-1　エルムの街SC　C棟2F
ラウンドワン青森,青森県青森市浜田3-1-1
ソユーゲームフィールド青森,青森県青森市浜田1-14-1　イトーヨーカドー青森店2F
GiGO 水沢,岩手県奥州市水沢区佐倉河字鐙田4-1
ゲームランド盛岡,岩手県盛岡市前潟4-7-1　イオンモール盛岡2F
アミューズメントパークアルコ,岩手県紫波郡矢巾町南矢幅7-425-3　ショッピングモールアルコ内
アミューズメントゾーン北上,岩手県北上市本通り2-2-1　さくら野百貨店北上店4F
ラウンドワンスタジアム盛岡,岩手県盛岡市盛岡駅西通2-10-35
さんさんらんど大船渡,岩手県大船渡市盛町字町10-11　(協)南三陸SCサン・リア1F
ゲームシアターサンシャイン,岩手県盛岡市大通2-7-21　ソレントビル1・2F
ソユーゲームフィールド釜石,岩手県釜石市港町2-51-41　イオンタウン釜石3F
タイトーステーション仙台名掛丁,宮城県仙台市青葉区中央1-7-13
ゲームコーナー東部,宮城県仙台市若林区六丁の目中町26-60　斎喜東部ビル
GiGO 石巻,宮城県石巻市大街道東4-1-45
GiGO 佐沼,宮城県登米市迫町佐沼字中江2-5-8
GiGO 名取,宮城県名取市飯野坂字土城堀57-1
プラサカプコン石巻,宮城県石巻市茜平4-104　イオンモール石巻2F
ゲームランド佐沼,宮城県登米市南方町新島前46-1　イオンタウン佐沼1F
ラウンドワン仙台苦竹,宮城県仙台市宮城野区苦竹1-7-10
GiGO 仙台利府,宮城県宮城郡利府町加瀬字新前谷地55-1　利府ペアガーデン内
GAME BANK 泉,宮城県仙台市泉区大沢2-5-4
こころっこホームセンタームサシ名取,宮城県名取市愛島塩手字前野田48-10　ホームセンタームサシ名取店2F
ユーズランド大河原,宮城県柴田郡大河原町小島2-1　フォルテくらし館2F
GiGO 仙台コロナワールド,宮城県仙台市宮城野区福室字田中前一番53-1　仙台コロナワールド内
namcoヨークタウン市名坂,宮城県仙台市泉区市名坂字中道100-9　ヨークタウン市名坂内
namcoイオンモール富谷,宮城県富谷市大清水1-33-1　イオンモール富谷2F
ゲームフィールド仙台長町,宮城県仙台市太白区長町7-20-3　ザ・モール仙台長町3F
GiGO イオン仙台中山,宮城県仙台市泉区南中山1-35-57　イオン仙台中山SC　イオン仙台中山店別館3F
GiGO 仙台,宮城県仙台市青葉区中央2-5-5
ソユーゲームフィールド古川,宮城県大崎市古川沢田字筒場浦15　イオンタウン古川内
HapipiLand古川,宮城県大崎市古川沢田筒場浦15　ザ・ダイソーイオンタウン店2F
namcoイオンモール新利府 南館,宮城県宮城郡利府町新中道3-1-1　イオンモール利府南館3F
アピナ新利府北館,宮城県宮城郡利府町利府字新屋田前22　イオンモール新利府北館2F
GiGO 仙台一番町,宮城県仙台市青葉区一番町4-5-13　サンシャインビル1F
ピーターパンと仲間たち船岡,宮城県柴田郡柴田町西船迫2-1-15　イオン船岡店2F
アピナ富谷,宮城県富谷市大清水1-33-1　イオンモール富谷別棟109シネマズ富谷1F
ソユーゲームフィールド御所野,秋田県秋田市御所野地蔵田1-1-1　イオンモール秋田2F
GiGO 秋田,秋田県秋田市茨島1-1-16
namcoイオンタウン大館西,秋田県大館市根下戸新町18-121　イオンタウン大館西内
ラウンドワンスタジアム秋田,秋田県秋田市卸町1-1-2
プラサカプコン大曲,秋田県大仙市和合字坪立177　イオンモール大曲2F
ゲームフィールド十文字,秋田県横手市十文字町仁井田字東22-1　スーパーモールラッキー内
秋田OPAアミューズパーク,秋田県秋田市千秋久保田町4-2　秋田OPA7F
ソユーゲームフィールド能代,秋田県能代市鰄渕字古屋布1　イオンタウン能代内
ソユーゲームフィールド大館,秋田県大館市御成町3-7-58　いとく大館SC3F
GiGO 北山形,山形県山形市北町1-3-20
GiGO 天童,山形県天童市南町1-5-26
GiGO 米沢,山形県米沢市花沢字タナコ原177
ビーカム成沢,山形県山形市成沢西5-3-27
ソユーゲームフィールド三川,山形県東田川郡三川町猪子字和田庫128-1　イオンモール三川1F
アピナ鶴岡,山形県鶴岡市文下字広野1-1
namcoイオンモール山形南,山形県山形市若宮3-7-8　イオンモール山形南2F
namcoS-MALL,山形県鶴岡市錦町2-21　S-MALL 2F
GiGO ヨークベニマル米沢,山形県米沢市駅前3-1-18　ヨークベニマル米沢店内
ソユーゲームフィールド天童,山形県天童市芳賀タウン北4-1-1　イオンモール天童　モール棟2F
アミューズメントPLABIマックスバリュ白鷹,山形県西置賜郡白鷹町荒砥乙535-1　マックスバリュ白鷹店内ゲームコーナー
GiGO 新庄,山形県新庄市金沢沖1068　ZEST新庄店内
ソユーゲームフィールド酒田,山形県酒田市泉町198　イオンタウン酒田内
GiGO 福島南,福島県福島市黒岩字中島7-2
GiGO 白河,福島県白河市新高山1-1　メガステージ白河内
GiGO 日和田,福島県郡山市日和田町字西中島7-1
GiGO 福島,福島県福島市本内中井1-2
GiGO 勿来,福島県いわき市勿来町四沢字鍵田13
アミューズメントPLABI鹿島SCエブリア,福島県いわき市鹿島町米田字日渡5　鹿島SCエブリア2F
namcoイオンタウン郡山,福島県郡山市松木町2-88　イオンタウン郡山内
namco郡山西部プラザ,福島県郡山市西ノ内2-11-35　西部プラザ1F
ソユーエンターテイメントスタジオ須賀川,福島県須賀川市古河105　イオンタウン須賀川B棟内
ラウンドワンスタジアム福島,福島県福島市太田町14-18
GiGO 会津若松,福島県会津若松市町北町上荒久田字宮下142
ラウンドワンスタジアム郡山,福島県郡山市向河原町4-55
あひるのたまごヨークベニマルいわき泉,福島県いわき市泉町滝尻字折返57　ヨークベニマルいわき泉店内
タイトーFステーション郡山オリエントパーク,福島県郡山市郡山市安積町荒井字大久保35-1
ソユーゲームフィールド小名浜,福島県いわき市小名浜字辰巳町79　イオンモールいわき小名浜3F
GiGO 日立,茨城県日立市田尻町3-26-1
GiGO 霞ケ浦,茨城県稲敷市西代1473-1
ピンクパンサー下妻,茨城県下妻市小島884-10
ゲームパニックつくば,茨城県土浦市中村東1-1-1　サンタスワールド内
アピナ下館,茨城県筑西市玉戸1012-3
GiGO 神栖,茨城県神栖市神栖1-8-1
GiGO ショッピングセンターチェリオ鹿嶋,茨城県鹿嶋市宮中290-1　SCチェリオ1F
ピンクパンサー水戸赤塚,茨城県水戸市河和田1-1　フレスポ赤塚内
GiGO デイズタウンつくば,茨城県つくば市竹園1-9-2　デイズタウンつくば店B1F
ユーズランド水戸内原,茨城県水戸市中原町字西135　イオンモール水戸内原2F
ゲームメガみらい平,茨城県つくばみらい市陽光台1-14-1
GiGO 水戸,茨城県水戸市宮町1-7-44　コムボックス310　3F
アミューズビバ,茨城県ひたちなか市東大島2-11-11
ゲームメガ日立,茨城県日立市東多賀町5-10-10
GiGO 石岡,茨城県石岡市東大橋中峯1976-1
GiGO ひたちなか別館,茨城県ひたちなか市田中後40-2
GiGO 龍ヶ崎,茨城県龍ケ崎市藤ケ丘4-2-8
ゲームメガ水戸けやき台,茨城県水戸市酒門町3276-1
namco iiasつくば,茨城県つくば市研究学園5-19　iiasつくば2F　2190
ソユートイズニューヨーク守谷,茨城県守谷市百合ケ丘3-249-1　イオンタウン守谷2F
こころっこヒタチエ,茨城県日立市幸町1-16-1　ヒタチエ5F
GiGO MEGAドン・キホーテ勝田,茨城県ひたちなか市石川町1-1　MEGAドン・キホーテ勝田店2F
タイトーステーション佐原東,茨城県稲敷市西代1495　西代SCパルナ2F
namcoイオンモールつくば,茨城県つくば市稲岡66-1　イオンモールつくば3F
GiGO 水戸南,茨城県水戸市千波町2017-1
ピンクパンサー土浦,茨城県土浦市木田余4585-3
タイトーFステーションヨークタウン坂東,茨城県坂東市辺田1104-1　ヨークタウン坂東内
アミューズメントPLABI水戸オーパ,茨城県水戸市宮町1-7-33　水戸オーパ7F
ジョイフル本田ニューポートひたちなかアミューズパーク,茨城県ひたちなか市新光町34-1　ジョイフル本田ニューポートひたちなか店内ゲームコーナー
タイトーFステーションイオンモール下妻,茨城県下妻市堀篭972-1　イオンモール下妻2F
GiGO トナリエクレオつくば,茨城県つくば市吾妻1-7-1　トナリエクレオ3F
ゲームメガつくば,茨城県つくば市小野崎177-2
シーサイドリゾートアミューズメントパーク,栃木県宇都宮市睦町7-3
GiGO 宇都宮,栃木県宇都宮市東宿郷5-1-7
namco宇都宮,栃木県宇都宮市簗瀬町1606-1　フェドラP＆D UTSUNOMIYA
GiGO 小山,栃木県小山市東城南1-1-18
GiGO 西那須野,栃木県那須塩原市南郷屋2-106-27
GiGO 日光,栃木県日光市芹沼1448-1
INTER PARK +1 宇都宮,栃木県宇都宮市インターパーク6-5-1
大田原スポーツランド,栃木県那須塩原市一区町104-60
タイトーステーション宇都宮ベルモール,栃木県宇都宮市陽東6-2-1　ベルモール宇都宮2F
ラウンドワンスタジアム宇都宮,栃木県宇都宮市江曽島町2072-1
ドラマ足利,栃木県足利市朝倉町244-1
namcoフェドラP＆D佐野,栃木県佐野市高萩町1340　フェドラP＆D SANO
ファンファン那須,栃木県那須郡那須町高久甲字愛宕前484-1　イオンタウン那須内
アピナ小山,栃木県小山市駅南町4-27-18
アミューズメントPLABIヨークベニマル御幸ヶ原,栃木県宇都宮市御幸ケ原町50-1　ヨークベニマル御幸ヶ原店内
タイトーFステーション小山,栃木県小山市喜沢1475　おやまゆうえんハーヴェストウォークSC棟
タイトーFステーショントナリエ宇都宮,栃木県宇都宮市駅前通り1-4-6　ララスクエア宇都宮B1F
スコナランドトライアル宇都宮,栃木県宇都宮市睦町5-5　スーパーセンタートライアル宇都宮店1F
namcoロブレ小山,栃木県小山市中央町3-7-1　ロブレ小山店4F
namcoイオン栃木,栃木県栃木市箱森町37-9　イオン栃木店2F
GAME GET－Bee,栃木県小山市城山町3-3-22
アピナ宇都宮,栃木県河内郡上三川町磯岡421-1　ジョイフル本田宇都宮店2F
namco伊勢崎,群馬県伊勢崎市宮子町3402-6
群馬レジャーランド伊勢崎,群馬県伊勢崎市連取町3066-1
GiGO 太田,群馬県太田市西矢島町575
GiGO 沼田,群馬県沼田市下久屋町1100-1
アピナ太田,群馬県太田市内ケ島町907-1
インターワールド伊勢崎,群馬県伊勢崎市宮子町3425-4
ユーズランド太田,群馬県太田市石原町81　イオンモール太田2F
GiGO 館林,群馬県館林市小桑原町949-1
群馬レジャーランド太田,群馬県太田市西矢島町162-2
群馬レジャーランド藤岡,群馬県藤岡市中2002-1
ユーズランド高崎,群馬県高崎市棟高町1400　イオンモール高崎2F
namcoけやきウォーク前橋,群馬県前橋市文京町2-1-1　けやきウォーク前橋2F
群馬レジャーランド渋川,群馬県渋川市八木原1364
ラウンドワンスタジアム前橋,群馬県前橋市天川大島町1101-1
ゲームパークM-1,群馬県前橋市国領町2-13-6
アミューズメントPLABIニコモール新田,群馬県太田市新田市野井町592-13　ニコモール新田店1F
namcoアカマル,群馬県高崎市中尾町44-1　アカマル2F
GiGO MEGAドン・キホーテ桐生,群馬県桐生市永楽町5-10　MEGAドン・キホーテ桐生店3F
アミューズメントPLABIジョイフル本田千代田,群馬県邑楽郡千代田町萱野813-1　ジョイフル本田千代田店内2F
GiGO スマーク伊勢崎,群馬県伊勢崎市西小保方町368　スマーク伊勢崎内
タイトーFステーション高崎オーパ,群馬県高崎市八島町46-1　高崎オーパ7F
アピナ吉岡,群馬県北群馬郡吉岡町大久保364-1　ジョイホンパーク吉岡2F
GiGO 川口,埼玉県川口市東領家2-2-10
GiGO 所沢,埼玉県所沢市日吉町8-1
キャロム坂戸,埼玉県坂戸市関間2-151-1
埼玉レジャーランド春日部,埼玉県春日部市増富字谷際163-1
アミューズランドモナコ川越,埼玉県川越市新富町2-4-1
GiGO 入間,埼玉県入間市東藤沢2-18
ラウンドワンわらび,埼玉県蕨市北町5-1-6
キャロム所沢,埼玉県所沢市下安松969-1
ラウンドワン大宮,埼玉県さいたま市大宮区宮町4-90-7
GiGO 籠原,埼玉県熊谷市美土里町1-169
ウェアハウス越谷,埼玉県越谷市南荻島841-1
ウェアハウス上尾,埼玉県上尾市二ツ宮1044
ゲームファクトリーマグマ草加,埼玉県草加市氷川町2125-1
ゲームシティ川口,埼玉県川口市栄町1-10-5
ウェアハウス岩槻,埼玉県さいたま市岩槻区加倉3-3-63
namco熊谷,埼玉県熊谷市銀座2-97　カルパビル1F
GiGO 花園,埼玉県深谷市荒川359
シルクハット川口,埼玉県川口市栄町3-1-16　イート川口ビル4F
GiGO イオンモール与野,埼玉県さいたま市中央区本町西5-2-9　イオンモール与野3F
namcoステラタウン,埼玉県さいたま市北区宮原町1-854-1　ステラタウン3F
ゲームパニック三郷,埼玉県三郷市ピアラシティ1-1-200
ラウンドワンスタジアム朝霞,埼玉県朝霞市膝折町2-16-10
GiGO イオンモール浦和美園,埼玉県さいたま市緑区美園5-10-1　イオンモール浦和美園2F
ラウンドワンスタジアム上尾,埼玉県上尾市平塚917-1
ウェアハウス草加店新館,埼玉県草加市稲荷2-36-33
namcoイオンモール北戸田,埼玉県戸田市美女木東1-3-1　イオンモール北戸田3F
ラウンドワンスタジアムさいたま・栗橋,埼玉県久喜市小右衛門192-1
ラウンドワンスタジアム入間,埼玉県入間市小谷田3-7-25
ビッグボウル杉戸,埼玉県北葛飾郡杉戸町杉戸2338
プラサカプコン羽生,埼玉県羽生市川崎2-281-3　イオンモール羽生2F
ウェアハウス三橋,埼玉県さいたま市西区三橋6-955-1
ラウンドワン草加,埼玉県草加市谷塚上町204-1
ユーズランド越谷,埼玉県越谷市レイクタウン4-2-2　イオンレイクタウンkaze3F
namcoイオンレイクタウン,埼玉県越谷市レイクタウン3-1-1　イオンレイクタウンmori3F
アピナ川越,埼玉県川越市泉町1-1　ウニクス南古谷シネマ棟1F
ソユーゲームフィールド菖蒲,埼玉県久喜市菖蒲町菖蒲6005-1　モラージュ菖蒲3F
アミューズメントFUNFUN越谷,埼玉県越谷市南荻島2770-1
ラウンドワンさいたま・上里,埼玉県児玉郡上里町金久保394-1　イオンタウン上里内
タイトーステーション所沢,埼玉県所沢市日吉町3-7　スカイビュウビル1・2F
ラウンドワンスタジアムららぽーと新三郷,埼玉県三郷市新三郷ららシティ3-1-1　ららぽーと新三郷2F　20000番
ラウンドワンさいたま・鴻巣,埼玉県鴻巣市箕田3163-7
ソユーゲームフィールド川口,埼玉県川口市並木元町1-79　アリオ川口3F
GiGO HEYWORLD北本,埼玉県北本市深井6-87　HEY WORLD!! 1F
ユーズランド春日部,埼玉県春日部市下柳420-1　イオンモール春日部2F　区画No.2037
南ASOBI諸島アリオ上尾,埼玉県上尾市壱丁目367　アリオ上尾2F
アピナ上尾,埼玉県上尾市緑丘3-3-11-2　P･A･P･A上尾ショッピングアベニュー　プリンセス棟別棟
タイトーステーション大宮,埼玉県さいたま市大宮区大門町1-1
GiGO ららぽーと富士見,埼玉県富士見市山室1-1313　ららぽーと富士見3F　35200番
あそびライブラリー川口,埼玉県川口市宮町18-9　ララガーデン川口2F
宝島浦和原山,埼玉県さいたま市緑区原山4-3-3　MEGAドン・キホーテ浦和原山店2F
アミューズメントPLABI ALCo越谷ショッピングスクエア,埼玉県越谷市越ケ谷1-16-6　ALCo越谷ショッピングスクエアB1F
プレイランドイオン北浦和,埼玉県さいたま市浦和区常盤10-20-29　イオン北浦和店3F
宝島蓮田,埼玉県蓮田市東4-5-13　MEGAドン・キホーテ蓮田店2F
アミュージアム所沢,埼玉県所沢市小手指台23-1　マミーマート所沢山口店2F
ゲームスクエア三芳,埼玉県入間郡三芳町藤久保字北新埜855-403　アクロスプラザ三芳内
タイトーFステーションダイエー大宮,埼玉県さいたま市大宮区桜木町2-3　大宮西口共同ビル6F
アミュージアム川口,埼玉県川口市本町2-7-25　ミエルかわぐち3F
アミューズメントPLABIイトーヨーカドー久喜,埼玉県久喜市久喜中央4-9-11　イトーヨーカドー久喜店4F
タイトーFステーションクレアモール川越,埼玉県川越市新富町2-1-13　カシーラ本川越1～4F
HapipiLand東大宮,埼玉県さいたま市見沼区春野2-8　パトリア東大宮店3F
namcoイオンタウンふじみ野,埼玉県ふじみ野市福岡2-1-6　イオンタウンふじみ野3F
GiGO MEGAドン・キホーテ三郷,埼玉県三郷市さつき平1-1-1　MEGAドン・キホーテ三郷店2F
GiGO イオンモール川口,埼玉県川口市安行領根岸3180　イオンモール川口2F　2042区画
GiGO ビバモール蕨錦町,埼玉県蕨市錦町1-12-1　ビバモール蕨錦町店2F　 212区画
アピナ吉川美南,埼玉県吉川市美南3-25-1　イオンタウン吉川美南内2F
GiGO 南越谷ラクーン,埼玉県越谷市南越谷1-15-1　南越谷ラクーン2F
埼玉レジャーランド大宮ラクーン,埼玉県さいたま市大宮区宮町1-60　大宮ラクーン5F
GiGO 大宮アルシェ,埼玉県さいたま市大宮区桜木町2-1-1　大宮アルシェ5F
ラウンドワンスタジアム所沢,埼玉県所沢市東町5-22　TOCOTOCOSQUARE所沢6F･7F
パラボランド上尾ショーサンプラザ,埼玉県上尾市谷津2-1-1　ショーサンプラザ5F
GiGO 大宮西口,埼玉県さいたま市大宮区桜木町2-3-2
タイトーFステーション大宮大門町,埼玉県さいたま市大宮区大門町1-22-1　大宮大門町ビル1F
アピナ上里,埼玉県児玉郡上里町七本木2272-1　ウニクス上里2F	
namcoエミテラス所沢,埼玉県所沢市東住吉10　エミテラス所沢4F
タイトーステーション柏,千葉県柏市柏2-3-1　フーサワビル
GiGO 千葉,千葉県千葉市中央区富士見2-4-1
GiGO 柏,千葉県柏市柏1-1-11　ファミリかしわB1F
千葉レジャーランド野田,千葉県野田市吉春776-1
ゲームプラザセントラル浦安,千葉県浦安市北栄1-16-15　第四セントラルビル
プラサカプコン成田,千葉県成田市ウイング土屋24　イオンモール成田2F
namco松戸,千葉県松戸市松戸1230-1　ピアザ松戸1F
GiGO 我孫子,千葉県我孫子市柴崎47-1
ラッキー中央店フェリシダ,千葉県千葉市中央区富士見2-8-1
ウェアハウス南流山,千葉県流山市南流山4-16-6
GiGO イオンスタイル新浦安SC,千葉県浦安市入船1-4-1　イオンスタイル新浦安店4F
ラッキー八千代店バッティングドーム,千葉県八千代市大和田新田1088
スポーツウェーブ鉄腕24浜野,千葉県千葉市中央区浜野町1025-59
GiGO 旭,千葉県旭市ニ字野場3150-1
アミュージアム茂原,千葉県茂原市高師1619-1
GiGO 幕張,千葉県千葉市美浜区ひび野1-8　メッセ・アミューズ・モール1F
イスカンダル木更津,千葉県木更津市潮見4-1-2
ゲームガリバー柏,千葉県柏市柏1-1-11　ファミリかしわB1F
アミューズメントパフェパレパレ稲毛長沼,千葉県千葉市稲毛区長沼原町737-25　フレスポ稲毛A棟-4
GiGO 八柱,千葉県松戸市日暮1-1-1　八柱駅第2ビル2F
プラサカプコン富津,千葉県富津市青木124-1　イオンモール富津2F
シルクハット津田沼,千葉県習志野市津田沼1-2-1　十三ビルB1F
GiGO フェスティバルウォーク蘇我,千葉県千葉市中央区川崎町51-1　ハーバーシティ蘇我フェスティバルウォーク　アミューズメント棟1F
アピナ野田七光台,千葉県野田市七光台4-2　イオンタウン野田七光台内
ラッキー佐倉,千葉県佐倉市井野1475
ゲームチャリオット五井,千葉県市原市五井中央西2-1-2
ゲームランド千葉ニュータウン,千葉県印西市中央北3-2　イオンモール千葉ニュータウン　モール棟3F
フリスポ佐原,千葉県香取市佐原イ4200　佐原ミナミボウルゲームコーナー
namco流山おおたかの森S・C,千葉県流山市西初石6-185-2　おおたかの森S・C3F
アルファー柏,千葉県柏市柏1-1-11　ファミリかしわB1F
タイトーステーションアリオ蘇我,千葉県千葉市中央区川崎町52-7　アリオ蘇我2F
タイトーFステーション柏中央,千葉県柏市十余二249-5　M.E.M.1F
タイトーステーション船橋,千葉県船橋市本町1-6-1
ゲームランドちはら台,千葉県市原市ちはら台西3-4　ショッピングモールunimoちはら台2F
namcoイオンモール八千代緑が丘,千葉県八千代市緑が丘2-1-3　イオンモール八千代緑が丘4F
スポーツウェーブ鉄腕24稲毛長沼,千葉県千葉市稲毛区長沼原町697
GiGO 稲毛オーツーパーク,千葉県千葉市稲毛区園生町380-1
ラウンドワン市原,千葉県市原市八幡北町3-5-1
ラウンドワン習志野,千葉県習志野市芝園1-4-5
ラウンドワン市川鬼高,千葉県市川市鬼高4-1-3
タイトーステーション茂原アスモ,千葉県茂原市高師1735　茂原ショッピングプラザアスモ2F
GiGO ららぽーと柏の葉,千葉県柏市若柴175　ららぽーと柏の葉3F
namcoシェラトントーキョーベイ,千葉県浦安市舞浜1-9　シェラトン・グランデ・トーキョーベイ・ホテル　オアシス2F
アミュージアム稲毛,千葉県千葉市稲毛区小仲台1-4-20　イオン稲毛店3F
GiGO イオンモール銚子,千葉県銚子市三崎町2-2660-1
ハロータイトー流山,千葉県流山市流山9-800-2　イトーヨーカドー流山店3F
namcoイオンモール船橋,千葉県船橋市山手1-1-8　イオンモール船橋3F
メルヘンランドアミリー大網,千葉県大網白里市みやこ野1-1-1　アミリィ大網白里SC3F
マリンガーデンららぽーとTOKYO-BAY,千葉県船橋市浜町2-1-1　ららぽーとTOKYO-BAY西館3F
namcoイオンモール幕張新都心,千葉県千葉市美浜区豊砂1-1　イオンモール幕張新都心　グランドモール3F
タイトーFステーション市川妙典,千葉県市川市妙典4-1-1　イオン市川妙典2番街2F
ソユーゲームフィールド木更津,千葉県木更津市築地1-4　イオンモール木更津2F
ラウンドワンスタジアムアリオ柏,千葉県柏市大島田1-6-1　セブンパークアリオ柏　1070
イオンタウンユーカリが丘店ゲームコーナー,千葉県佐倉市西ユーカリが丘6-12　イオンタウンユーカリが丘3F　西街区
Morisia AMUSE PARK（モリシア アミューズパーク）,千葉県習志野市谷津1-16-1　モリシア津田沼2F
namcoトンデミ幕張 イオンモール幕張新都心,千葉県千葉市美浜区豊砂1-1他　イオンモール幕張新都心　ファミリーモール3F
GiGO イオン北小金,千葉県松戸市小金1　イオン北小金店5F
タイトーFステーションダイエー新松戸,千葉県松戸市新松戸3-2-2　ダイエー新松戸店4F
タイトーFステーションニューコースト新浦安,千葉県浦安市明海4-1-1　ニューコースト新浦安3F
GiGO MEGAドン・キホーテ四街道,千葉県四街道市めいわ2-1-1　MEGAドン・キホーテ四街道店2F
南ASOBI諸島キテミテマツド,千葉県松戸市松戸1307-1　キテミテマツド6F
アピナ印西,千葉県印西市原1-2　ビッグホップガーデンモール印西2F
namcoテラスモール松戸,千葉県松戸市八ケ崎2-8-1　テラスモール松戸内3F
アピナ市原,千葉県市原市更級4-2-1　アクロスプラザ市原更級F棟1F
南ASOBI諸島ワンズモール,千葉県千葉市稲毛区長沼町330-50　ワンズモール2F
アミューズメントPLABIモラージュ柏,千葉県柏市大山台2-3-1　モラージュ柏2F
アミューズメントエース津田沼,千葉県船橋市前原西2-15-1　ファミービル1～3F
アミューズメントPLABIジョイフル本田千葉ニュータウン,千葉県印西市牧の原2-1　ジョイフル本田千葉ニュータウン店2F
ソユーゲームフィールド千城台,千葉県千葉市若葉区千城台北3-21-1　イコアス千城台3F
GIGO イオン海浜幕張,千葉県千葉市美浜区ひび野1-3　イオン幕張店2F
アミュージアムフルルガーデン八千代,千葉県八千代市村上南1-3-1　フルルガーデン八千代3F
タイトーステーションビックカメラ千葉,千葉県千葉市中央区富士見2-1-1　ビックカメラ千葉駅前店8F
namcoアリオ市原,千葉県市原市更級4-3-2　アリオ市原2F
GiGO そよら成田ニュータウン,千葉県成田市赤坂2-1-10　そよら成田ニュータウン5F　510区画
GiGO 秋葉原1号館,東京都(23区)千代田区外神田1-10-9
GiGO 渋谷宮益坂,東京都(23区)渋谷区渋谷1-14-14　EST渋谷東口会館1F
GiGO 新宿西口,東京都(23区)新宿区西新宿1-12-5　西口三平ビル
新宿スポーツランド本館,東京都(23区)新宿区新宿3-22-12
タイトーステーション新宿南口ゲームワールド,東京都(23区)新宿区新宿3-35-8
タイトーステーション渋谷,東京都(23区)渋谷区渋谷1-24-12　渋谷東映プラザビルB1・1F
GiGO 自由が丘,東京都(23区)目黒区自由が丘2-10-9
タイトーステーションBIGBOX高田馬場,東京都(23区)新宿区高田馬場1-35-3　BIG BOX高田馬場6F
タイトーステーション新宿東口,東京都(23区)新宿区新宿3-22-7　指田ビル
GiGO 船堀,東京都(23区)江戸川区船堀1-6-11
GiGO 神楽坂,東京都(23区)新宿区神楽坂2-11　第2カグラヒルズ1F
GiGO 大森,東京都(23区)大田区山王2-1-5　大森駅ララビル2F
namco巣鴨,東京都(23区)豊島区巣鴨1-15-1　宮田ビルB1・B2F
ラウンドワン南砂,東京都(23区)江東区南砂6-7-15　南砂町SCトピレックプラザ4F
アミューズメントスペースASO:VIBA！,東京都(23区)渋谷区恵比寿1-10-5　三恵エビスビル2・3F
GiGO 西葛西,東京都(23区)江戸川区西葛西5-1-14　第一保志ビル
シルクハット蒲田西口,東京都(23区)大田区西蒲田7-2-3　第二醍醐ビルB1～2F
GiGO 池上,東京都(23区)大田区池上6-2-3　松山ビル2F
アミュージアム大泉,東京都(23区)練馬区東大泉2-10-11　LIVINオズ大泉店5F
ウェアハウス入谷,東京都(23区)足立区入谷7-8-11
ウェアハウス保木間,東京都(23区)足立区保木間1-1-19
アミュージアムOSC,東京都(23区)練馬区東大泉2-34-1　オズ・スタジオ・シティ2F
シルクハット大森,東京都(23区)大田区山王2-4-1　大森駅前ビル2F
ハイテクランドキューデン,東京都(23区)足立区西新井栄町2-7-2　球殿2F
東京レジャーランド秋葉原,東京都(23区)千代田区外神田1-9-5
namco中野,東京都(23区)中野区中野5-52-15　中野ブロードウェイ別館
ゲームサファリ大山,東京都(23区)板橋区大山東町60-10　やすだ大山駅前店2F
GiGO アリオ葛西,東京都(23区)江戸川区東葛西9-3-3　イトーヨーカドーアリオ葛西店3F
タイトーFステーションオリナス錦糸町,東京都(23区)墨田区太平4-1-2　オリナスモールB1F
ラウンドワンスタジアム板橋,東京都(23区)板橋区相生町16-13
ゲームW,東京都(23区)豊島区南長崎5-27-6
namco王子サンスクエア,東京都(23区)北区王子1-4-1　サンスクエアビル2F
namcoイトーヨーカドー木場,東京都(23区)江東区木場1-5-30　イトーヨーカドー木場店2・3F
GiGO 秋葉原3号館,東京都(23区)千代田区外神田1-11-11　外神田1丁目ビルディング
GiGO ラパーク瑞江,東京都(23区)江戸川区瑞江2-1-2　ドン・キホーテ　ラパーク瑞江店4F
GiGO 赤羽,東京都(23区)北区赤羽1-7-9　赤羽第一葉山ビルB1F
タイトーステーション錦糸町楽天地,東京都(23区)墨田区江東橋4-27-14　楽天地ビルB1F
ソユーザウルスワールド大森,東京都(23区)大田区大森北2-13-1　イトーヨーカドー大森店3F
namco東急プラザ蒲田,東京都(23区)大田区西蒲田7-69-1　東急プラザ蒲田7F
namcoイオン練馬,東京都(23区)練馬区光が丘5-1-1　イオン練馬店4F
GiGO 東京ドームシティ,東京都(23区)文京区後楽1-3-61　アミューズメント部
キッズパーク リヴィン光が丘,東京都(23区)練馬区光が丘5-1-1　IMA リヴィン光が丘5F
アミュージアム豊洲,東京都(23区)江東区豊洲2-4-9　アーバンドックららぽーと豊洲　シップIV3F
ラウンドワンスタジアムダイバーシティ東京プラザ,東京都(23区)江東区青海1-1-10　ダイバーシティ東京プラザ6F　61000番
ラウンドワン池袋,東京都(23区)豊島区東池袋1-14-1　池袋スクエア内
GiGO 竹の塚,東京都(23区)足立区竹の塚6-8-6
東京レジャーランド亀有,東京都(23区)葛飾区亀有3-21-2
タイトーステーション池袋西口,東京都(23区)豊島区西池袋1-15-9
GiGO 新宿歌舞伎町,東京都(23区)新宿区歌舞伎町1-21-1　第二東亜会館1・2F
タイトーステーション上野御徒町,東京都(23区)台東区上野4-6-9　湯島商事ビル
GiGO 赤羽駅前,東京都(23区)北区赤羽1-2-4
アピナ荻窪,東京都(23区)杉並区上荻1-13-10　ハクサンビル
プラサカプコン池袋,東京都(23区)豊島区東池袋1-30-1　キュープラザ池袋3F
GiGO 有明ガーデン,東京都(23区)江東区有明2-1-8　ショッピングシティ有明ガーデン5F　501区画
GiGO 新大久保,東京都(23区)新宿区百人町2-10-1　南雲ビルB1F
namco池袋RED,東京都(23区)豊島区東池袋1-22-10　ヒューマックスパビリオン池袋サンシャイン60通りB1F
ゲームパニック新宿歌舞伎町,東京都(23区)新宿区歌舞伎町1-20-1　ヒューマックスパビリオン新宿歌舞伎町1F・2F
GiGO 高田馬場,東京都(23区)新宿区高田馬場4-7-5　高田馬場グランド東京ビル
GiGO 池袋3号館,東京都(23区)豊島区東池袋1-1-4　池袋北辰ビル
namcoTOKYO,東京都(23区)新宿区歌舞伎町1-29-1　東急歌舞伎町タワー3F
namco秋葉原,東京都(23区)千代田区外神田1-15-9
GiGO 渋谷,東京都(23区)渋谷区宇田川町29-4
GiGO 総本店,東京都(23区)豊島区東池袋1-13-6
アピナ成増,東京都(23区)板橋区成増2-21-2　MEGAドン・キホーテ成増店5F
タイトーステーション南砂町SUNAMO,東京都(23区)江東区新砂3-4-31　南砂町SC　SUNAMO4F
GiGO 成増,東京都(23区)板橋区成増2-17-24　五曠第6ビル
ゲームプラザセントラル八王子,東京都(23区外)八王子市東町12-15　第五セントラルビル
タイトーステーション国分寺,東京都(23区外)国分寺市本町3-5-11
GiGO 立川,東京都(23区外)立川市柴崎町3-2-1　サザンビル1F
GiGO 福生,東京都(23区外)福生市福生1076-1
プラサカプコン吉祥寺,東京都(23区外)武蔵野市吉祥寺本町1-10-1　いなりやビルB1F
アミューズランドモナコ調布駅前,東京都(23区外)調布市布田4-2-22
タイトーステーション多摩センター,東京都(23区外)多摩市落合1-45-1　丘の上パティオ
ラウンドワン町田,東京都(23区外)町田市森野1-13-14
GiGO 府中,東京都(23区外)府中市西原町1-6-2　府中クレッセ2F
ドラマ八王子高倉,東京都(23区外)八王子市高倉町55-4
シルクハット八王子,東京都(23区外)八王子市旭町2-5　八王子ツインタワービルA館
キャロム青梅,東京都(23区外)青梅市千ケ瀬町4-326-1
アピナ八王子みなみ野,東京都(23区外)八王子市みなみ野1-2-1　アクロスモール3F
GiGO イオンモールむさし村山,東京都(23区外)武蔵村山市榎1-1-3　イオンモールむさし村山2F
ドラマ瑞穂,東京都(23区外)西多摩郡瑞穂町武蔵382-1
ラウンドワン武蔵村山,東京都(23区外)武蔵村山市伊奈平3-1-1
ラウンドワン府中本町駅前,東京都(23区外)府中市本町1-13-3　カネタビル
アミューズメントPLABIイトーヨーカドー東久留米,東京都(23区外)東久留米市本町3-8-1　イトーヨーカドー東久留米店3F
アミューズメントPLABIアメリア町田根岸,東京都(23区外)町田市根岸町2-18-1　アメリア町田根岸SC2F
アミュージアムモリタウン昭島,東京都(23区外)昭島市田中町562-1　モリタウン東館2F
Amusement＆Game MAGHREB,東京都(23区外)多摩市落合1-41-1　マグレブWEST 1・2F
namcoららぽーと立川立飛1号,東京都(23区外)立川市泉町935-1　ららぽーと立川立飛3F
ザ・ビッグ昭島アミューズパーク,東京都(23区外)昭島市宮沢町500-1　ザ・ビッグ昭島店3F
タイトーステーション立川北口,東京都(23区外)立川市曙町2-4-5
ラウンドワン吉祥寺,東京都(23区外)武蔵野市吉祥寺本町1-11-22
GiGO 町田,東京都(23区外)町田市原町田6-13-17　アーバンミサワビルB1・1F
ままともプラザ町田,東京都(23区外)町田市旭町1-24-1　ままともプラザ町田2F
GiGO 南町田グランベリーパークワンダーシアター,東京都(23区外)町田市鶴間3-4-1　グランベリーパークワンダーシアター1F　H103
GiGO 南町田グランベリーパークキッズディスカバリー,東京都(23区外)町田市鶴間3-4-1　グランベリーパークキッズディスカバリー2F　E201
アミューズメントPLABI SOCOLA若葉台,東京都(23区外)稲城市坂浜1325-1　SOCOLA若葉台3F
ウェアハウス一橋学園,東京都(23区外)小平市学園東町1-4-39　平山ビル3F
ゲームセンターWILL WGC,東京都(23区外)立川市羽衣町2-4-13　羽衣長田ビル101　WGC
プラサカプコン府中,東京都(23区外)府中市宮町1-41-2　ミッテン府中7F
ラウンドワンクレーンゲームパーク調布駅前,東京都(23区外)調布市小島町1-35-5　調布アミックスビル2F
タイトーステーション府中くるる,東京都(23区外)府中市宮町1-50　くるるB1F
シルクハット町田モディ,東京都(23区外)町田市原町田6-2-6　町田モディ4F
ピーターパンと仲間たち昭島,東京都(23区外)昭島市田中町573-1-2　モリタウン北館店内
タイトーステーション溝の口,神奈川県川崎市高津区溝口1-11-8　OKKA634ビル1F
シルクハット伊勢佐木町,神奈川県横浜市中区伊勢佐木町3-96　日活会館3F
GiGO 相模原,神奈川県相模原市中央区中央2-1-5　ムトス内
タイトーステーション戸塚西口,神奈川県横浜市戸塚区戸塚町4023
シルクハット本厚木,神奈川県厚木市中町3-4-22　第二会田ビル2F
シルクハット川崎モアーズ,神奈川県川崎市川崎区駅前本町7　川崎モアーズ1・2F
GiGO 相模大野,神奈川県相模原市南区相模大野3-13-2　東和ビル2・3F
プラサカプコン磯子,神奈川県横浜市磯子区磯子1-1-1　マリコム磯子SC2F
アミューズメントパークジアス上大岡,神奈川県横浜市港南区上大岡西2-1-28　赤い風船パーク本館2F
GiGO 本厚木,神奈川県厚木市中町4-15-9
プラサカプコン横須賀,神奈川県横須賀市若松町2-30　横須賀モアーズシティ4F
ラウンドワン高津,神奈川県川崎市高津区二子4-8-1
ラウンドワン横浜綱島,神奈川県横浜市港北区樽町2-6-40　T-PLATZ
タイトーステーション小田原,神奈川県小田原市栄町1-3-12
ラウンドワン横浜駅西口,神奈川県横浜市西区南幸2-8-16
namco伊勢佐木町,神奈川県横浜市中区伊勢佐木町3-95
GiGO 綱島,神奈川県横浜市港北区綱島西2-6-29　城田ビル1～3F
シルクハット川崎ダイス,神奈川県川崎市川崎区駅前本町8　ダイスビルB2F
GiGO 新杉田,神奈川県横浜市磯子区杉田1-1-1　らびすた新杉田2F
シルクハット大船,神奈川県鎌倉市大船1-24　大船駅前ビル1～3F
namcoOSC湘南シティ,神奈川県平塚市代官町33-1　OSC湘南シティ内
ラウンドワンスタジアム川崎大師,神奈川県川崎市川崎区殿町1-5-1
ドラマ藤沢,神奈川県藤沢市本藤沢5-6-8
namco港北TOKYU S.C.,神奈川県横浜市都筑区茅ケ崎中央5-1　港北TOKYU SC6F
ドラマ港北インター,神奈川県横浜市都筑区東方町321-6
namcoラゾーナ川崎,神奈川県川崎市幸区堀川町72-1　LAZONA川崎プラザ4F
namco横浜ワールドポーターズ,神奈川県横浜市中区新港2-2-1　横浜ワールドポーターズ5F
イミグランデ本厚木,神奈川県厚木市中町3-2-1　新中川ビル
イミグランデ日吉,神奈川県横浜市港北区日吉2-2-4　日吉ビル
タイトーステーション横浜西口五番街,神奈川県横浜市西区南幸1-12-9
namcoららぽーと横浜,神奈川県横浜市都筑区池辺町4035-1　ららぽーと横浜2F
タイトーステーション藤沢,神奈川県藤沢市南藤沢21-1
GiGO アリオ橋本,神奈川県相模原市緑区大山町1-22　アリオ橋本2F
イオン新百合ヶ丘ファミリーパーク,神奈川県川崎市麻生区上麻生1-19　イオン新百合ヶ丘店4F
プレイランド川崎,神奈川県川崎市川崎区小田栄2-2-1　エスパ川崎店3F
こころっこホームズ川崎大師,神奈川県川崎市川崎区中瀬3-20-20　島忠ホームズ川崎大師店2F
ソユーゲームフィールド湘南,神奈川県藤沢市辻堂新町4-1-1　湘南モールフィル2F
キッズパーク リヴィンよこすか,神奈川県横須賀市平成町3-21-4　リヴィンよこすか店2F
キッズパーク イトーヨーカドー能見台,神奈川県横浜市金沢区能見台東3-1　イトーヨーカドー能見台店3F
GiGO ダイナシティ小田原,神奈川県小田原市中里296-1　小田原ダイナシティイーストモール　イトーヨーカドー小田原店3F
GiGO イトーヨーカドー古淵,神奈川県相模原市南区古淵3-13-33　イトーヨーカドー古淵店3F
イミグランデ溝口,神奈川県川崎市高津区溝口1-14-7　第2カスタムビル
GiGO 横浜中華街,神奈川県横浜市中区山下町80-1
アピナ橋本,神奈川県相模原市緑区西橋本5-1-1　ラ・フロール駐車場棟1F
namcoトレッサ横浜,神奈川県横浜市港北区師岡町700　トレッサ横浜南棟3F
ラウンドワンららぽーと湘南平塚,神奈川県平塚市天沼10-1　ららぽーと湘南平塚3F
namcoダイナシティ小田原,神奈川県小田原市中里208　小田原ダイナシティWEST MALL 3F
namcoイオンモール座間,神奈川県座間市広野台2-10-4　イオンモール座間3F
アピナ山下公園,神奈川県横浜市中区新山下1-2-8　港山下ナナイロビル2F
GiGO 海老名,神奈川県海老名市中央1-4-31　海老名プラザビル1F
GiGO センター南,神奈川県横浜市都筑区茅ケ崎中央3-25　aune港北1F
バンダイナムコ Cross Store 横浜,神奈川県横浜市中区新港2-2-1　横浜ワールドポーターズ2F
タイトーFステーション向ヶ丘遊園,神奈川県川崎市多摩区登戸2718-1
ソユーゲームフィールド上大岡,神奈川県横浜市港南区上大岡西1-18-3　ミオカリスト館6F
namcoコースカベイサイドストアーズ（横須賀）,神奈川県横須賀市本町2-1-12　コースカベイサイドストアーズ5F
タイトーFステーション川崎ルフロン,神奈川県川崎市川崎区日進町1-11　川崎ルフロン10F
HapipiLandこどもの国,神奈川県横浜市青葉区奈良町1-2-1　W.A.OこどものくにSC　スーパー三和子供の国店3F
GiGO 相模原ラクーン,神奈川県相模原市中央区小山1-1-14　相模原ラクーン1F
シルクハットマルイファミリー海老名,神奈川県海老名市中央1-6-1　ビナウォーク3番館3F
GiGO 西武東戸塚SCアネックス館,神奈川県横浜市戸塚区品濃町536-1　西武東戸塚SCアネックス館7F
クレハピ横浜アソビル,神奈川県横浜市西区高島2-14-9　アソビル3F
GiGO クレーンゲームオアシス都筑,神奈川県横浜市都筑区川和町846−1
カプコサーカス新潟東,新潟県新潟市東区大形本町3-1-2　イオン新潟東店内ゲームコーナー
メジャーロード24,新潟県見附市今町4-20-568-1
タイトーFステーション燕三条,新潟県燕市井土巻3-150　イオン県央店アメニティ棟1F
namco新潟,新潟県新潟市中央区南笹口1-1-1　ひもろぎビル2F
ビルボードプレイスゲームコーナー,新潟県新潟市中央区八千代2-5-7　万代シテイビルボードプレイス／BP2内
ラウンドワンスタジアム新潟,新潟県新潟市中央区美咲町2-1-38
アピナ上越インター,新潟県上越市下門前1661
アピナ長岡,新潟県長岡市堺東町22
ナムコランドイオン長岡,新潟県長岡市古正寺1-249-1　イオン長岡店3F
タイトーFステーションイオン新潟西,新潟県新潟市西区小新南2-1-10　イオン新潟西店3F
namcoMEGAドン・キホーテ柏崎,新潟県柏崎市東長浜町4-15　MEGAドン・キホーテ柏崎店2F
namcoイオン三条,新潟県三条市西裏館2-12-20　イオン三条店2F
タカラ島新村上,新潟県村上市仲間町200　村上プラザ1F
タイトーFステーション上越,新潟県上越市富岡3524　J-MAXシアター内1F
GiGO 万代シテイバスセンタービル,新潟県新潟市中央区万代1-6-1　万代シテイバスセンタービル2・3F
タイトーステーション新潟ラブラ2,新潟県新潟市中央区万代1-4-8　ラブラ2　3F
タイトーステーションファボーレ婦中,富山県富山市婦中町下轡田165-1　フューチャーシティーファボーレ2F
ユーズランド高岡,富山県高岡市下伏間江383　イオンモール高岡2F
アピタ富山東店ゲームコーナー,富山県富山市上冨居3-8-38　アピタ富山東店2F
アピナ富山新庄,富山県富山市荒川3-2-12
アピナ富山豊田,富山県富山市豊田町2-12-66
キッズサーカス五福,富山県富山市五福1143-1
namcoアピタ富山,富山県富山市上袋100-68　アピタ富山店2F
MEGAドン・キホーテUNY魚津店ゲームコーナー,富山県魚津市住吉600　MEGAドン・キホーテUNY魚津店2F
MEGAドン・キホーテUNY砺波店ゲームコーナー,富山県砺波市太郎丸3-69　MEGAドン・キホーテUNY砺波店2F
アピナ富山南,富山県富山市堀川町355-3　マイプラザ内
GiGO イオンモール高岡,富山県高岡市下伏間江383　イオンモール高岡西館2F
GiGO マリエとやま,富山県富山市桜町1-1-61　マリエとやま4F
富山レジャーランド掛尾,富山県富山市掛尾町360-1
バイパスレジャーランド藤江新館,石川県金沢市藤江南2-105
GiGO アルプラザ金沢,石川県金沢市諸江町30-1　アル・プラザ金沢2F
タイトーステーション金沢,石川県金沢市片町2-1-7　宇都宮片町ビル
アピナ野々市バッティングスタジアム,石川県野々市市若松町5-5
アピタ松任店ゲームコーナー,石川県白山市幸明町280　フェアモール松任　アピタ松任店2F
namcoアルプラザ鹿島,石川県鹿島郡中能登町井田と部1-1　アル・プラザ鹿島2F
ラウンドワンスタジアム金沢,石川県金沢市横川6-120-1
namcoイオンモールかほく,石川県かほく市内日角タ25　イオンモールかほく2F
GiGO イオンタウン金沢示野,石川県金沢市戸板西2-1　イオンタウン金沢示野内
アピナ野々市,石川県野々市市白山町4-1　イオンタウン野々市内
アミュージアム小松,石川県小松市園町ハ23-1　アル・プラザ小松2F
アミュージアム津幡,石川県河北郡津幡町北中条1-1　アル・プラザ津幡2F
MIRAINOイオンモール白山,石川県白山市横江町土地区画整理事業施行地区内1街区　イオンモール白山3F
バイパスレジャーランド御経塚,石川県野々市市御経塚4-46
GiGO 福井,福井県福井市丸山1-410
GiGO 武生,福井県越前市新町3字13-4　シピィタウン内
namcoフェアモール福井大和田,福井県福井市大和田2-1230　フェアモール福井　アピタ福井大和田店2F
Let&#039;s Waku2 ジョイランドベル,福井県福井市花堂南2-16-1　ショッピングシティベル2F
ジョイランド敦賀,福井県敦賀市木崎40　土三田12
Let&#039;s Waku2 エルパ,福井県福井市大和田2-1212　フェアモール福井　ラブリーパートナーLPA2F
namcoMEGAドン・キホーテUNY福井,福井県福井市飯塚町11-111　MEGAドン・キホーテUNY福井店2F
namcoMEGAドン・キホーテUNY敦賀,福井県敦賀市中央町1-5-5　アピタ敦賀店2F
キッズサーカスシピィ,福井県越前市新町7-8　シピィ本館2F
福井レジャーランド板垣,福井県福井市下馬3-112
ゲームパニック甲府,山梨県甲府市国母5-20-24
プラサカプコン甲府,山梨県中巨摩郡昭和町西条字北河原3717
タイトーFステーションラザウォーク甲斐双葉,山梨県甲斐市志田616-1　ラザウォーク甲斐双葉　アミューズメント棟2F
アミュージアム河口湖,山梨県南都留郡富士河口湖町船津2986　河口湖SCベル3F
Game Q,山梨県富士吉田市上吉田2-5-1　富士山駅ビルQ-STA 4F
アミュージアム南アルプス,山梨県南アルプス市小笠原1423-1　スーパーセンタートライアル南アルプス店1F
アピナ長野村山,長野県長野市村山502-1
GiGO 上田,長野県上田市上田1847-1
アピナ長野大橋,長野県長野市若里7-9-12
GiGO 豊科,長野県安曇野市豊科南穂高1115　スワンガーデン安曇野内
アピナ伊那,長野県伊那市西町5093
アピナ松本,長野県松本市双葉19-10
GiGO 岡谷,長野県岡谷市塚間町2-1-21
ラウンドワンスタジアム長野,長野県長野市東和田827-6
アピナ塩尻,長野県塩尻市広丘野村1794-1
アピナ飯田,長野県飯田市座光寺3728-1
namcoイオンモール佐久平,長野県佐久市佐久平駅南11-10　イオンモール佐久平2F
レイクウォーク岡谷店ゲームコーナー,長野県岡谷市銀座1-1-5　レイクウォーク岡谷2F
namcoアリオ上田,長野県上田市天神3-5-1　アリオ上田1F
アピナ長野川中島,長野県長野市川中島町御厨967-1
アピナ佐久インター,長野県佐久市岩村田北1-13-1
タカラ島駒ヶ根,長野県駒ヶ根市赤穂1568　ベルシャイン駒ヶ根店1F
ソユーゲームフィールドイオンタウン長野三輪,長野県長野市三輪9-43-24　イオンタウン長野三輪2F
アピナ上田,長野県上田市秋和359-1
アピナ長野駅前,長野県長野市南石堂町1418
アピタ飯田店ゲームコーナー,長野県飯田市鼎名古熊2461　アピタ飯田店2F
namco軽井沢プリンスショッピングプラザ,長野県北佐久郡軽井沢町軽井沢字中谷地1178　軽井沢・プリンスショッピングプラザ　軽井沢プリンスボウル1F
岐阜レジャーランド穂積,岐阜県瑞穂市稲里630
ゲームファンタジアン柳津,岐阜県岐阜市柳津町上佐波西3-68
ACグランド茜部,岐阜県岐阜市茜部大川1-77
GiGO 高山,岐阜県高山市上岡本町7-7
GiGO マーゴ関,岐阜県関市倉知516　サンサンシティマーゴ　シネマ館2F
namcoカラフルタウン岐阜,岐阜県岐阜市柳津町丸野3-3-6　カラフルタウン岐阜内
namcoイオンモール各務原インター,岐阜県各務原市那加萱場町3-8　イオンモール各務原インター2F
GiGO アクアウォーク大垣,岐阜県大垣市林町6-80-21　アクアウォーク大垣2F
ラウンドワンモレラ岐阜,岐阜県本巣市三橋1100　モレラ岐阜2Fスノープラザ
アミューズメントPLABI Vタウン芥見,岐阜県岐阜市芥見南山2-1-8　Vタウン芥見内ゲームコーナー
namcoイオンモール大垣,岐阜県大垣市外野2-100　イオンモール大垣2F
namcoモレラ岐阜,岐阜県本巣市三橋1100　モレラ岐阜2F
アピナ各務原,岐阜県各務原市蘇原花園町2-9-1
MIRAINOイオンモール土岐,岐阜県土岐市土岐津町土岐口中山1372-1　イオンモール土岐2F
アピナ美濃加茂,岐阜県美濃加茂市野笹町2-5-65　MEGAドン・キホーテUNY美濃加茂店2F
ラウンドワン富士,静岡県富士市八代町4-15
GiGO 袋井,静岡県袋井市川井1142-1
GiGO 掛川,静岡県掛川市細田248
アップル新北街道,静岡県静岡市葵区沓谷5-13-4
アピナ焼津,静岡県焼津市道原585
GiGO サントムーン柿田川,静岡県駿東郡清水町玉川61-2　サントムーン柿田川本館2F
アミュージアム清水,静岡県静岡市清水区入船町13-15　エスパルスドリームプラザ3F
アピナ浜松,静岡県浜松市中央区葵西2-27-10
タイトーステーション新浜松ザザシティ,静岡県浜松市中央区鍛冶町15　ザザシティ浜松西館2F
プラサカプコン志都呂,静岡県浜松市中央区志都呂2-37-1　イオンモール浜松志都呂3F
プラザアピア静岡,静岡県静岡市駿河区中吉田15-8　プラザアピア静岡2F
ラウンドワンスタジアム浜松,静岡県浜松市中央区天王町字諏訪1981-17
アップルグランリバー大井川,静岡県焼津市下江留1327
ラウンドワン静岡・駿河,静岡県静岡市駿河区手越75
namcoららぽーと磐田,静岡県磐田市高見丘1200　ららぽーと磐田2F
GiGO ベイドリーム清水,静岡県静岡市清水区駒越北町8-1　ベイドリーム清水2F
カプコンマークイズ静岡,静岡県静岡市葵区柚木191　マークイズ静岡3F
アップル島田,静岡県島田市宝来町8-5
タイトーFステーションイオンモール浜松市野,静岡県浜松市東区天王町字諏訪1981-3　イオンモール浜松市野2F
タイトーFステーション静岡,静岡県静岡市葵区呉服町2-5-4　ふしみや第2ビル
namcoアピタ磐田,静岡県磐田市今之浦3-1-11　アピタ磐田店2F
アピナ磐田,静岡県磐田市西貝塚横須賀道北3690　イオンタウン磐田内
タイトーFステーションイオン富士宮,静岡県富士宮市浅間町1‐8　イオンモール富士宮内
GiGO サントムーンオアシス,静岡県駿東郡清水町伏見52-7　サントムーン柿田川サントムーンオアシス3F
SUPER WAVE 静岡,静岡県静岡市清水区鳥坂860　フレスポ静岡2F
GiGO 静岡,静岡県静岡市葵区七間町4
namcoプレ葉ウォーク浜北,静岡県浜松市浜名区貴布祢1200　プレ葉ウォーク浜北2F
GiGO 春日井,愛知県春日井市岩野町4180
GiGO 金山,愛知県名古屋市熱田区金山1-19-2
ゲームパニック大高,愛知県名古屋市緑区忠治山201　名古屋グランドボウルB2F
名古屋レジャーランド内田橋,愛知県名古屋市南区内田橋2-26-22
ゲーム・キング・ジョイ,愛知県名古屋市中区栄3-3-32
M&#039;sPARK豊田,愛知県豊田市寿町3-21・22　トヨタグランドビル
GiGO 岡崎,愛知県岡崎市上地3-50-4
アミューズメントプラザワイド,愛知県東海市名和町二番割上16-2
GiGO 豊田,愛知県豊田市深田町1-65-1
コムテックタワー,愛知県名古屋市中村区名駅4-10-20
ラウンドワン千種,愛知県名古屋市千種区新栄3-20-17　タイホウ千種駅南ビル8F
ラウンドワン鳴海,愛知県名古屋市緑区鳴海町字杜若28
アミューズメントプラザマルシン,愛知県刈谷市池田町4-609
GiGO 豊橋飯村,愛知県豊橋市飯村町西山25-121
M&#039;sPARK刈谷,愛知県刈谷市稲場町3-206
GiGO 安城,愛知県安城市百石町2-35-13
GiGO 東名ボール,愛知県瀬戸市西原町2-114
GiGO ギャラリエアピタ知立,愛知県知立市長篠町大山18-1　ギャラリエアピタ知立店1F
コムテックスクウェア,愛知県名古屋市中区金山1-16-8
GiGO 尾西,愛知県一宮市篭屋3-9-7　アソビックスびさい1F
ポート24幸田,愛知県額田郡幸田町高力字沖原15　カメリアガーデン幸田内
ゲームファンタジアン岡崎,愛知県岡崎市錦町2-4
namcoイオンモール熱田,愛知県名古屋市熱田区六野1-2-11　イオンモール熱田4F
ラウンドワンスタジアム中川1号線,愛知県名古屋市中川区法蔵町2-23
GiGO イオンモール木曽川,愛知県一宮市木曽川町黒田字南八ツケ池25-1　イオンモール木曽川3F
ラウンドワンスタジアム名古屋西春,愛知県北名古屋市宇福寺神明15
GiGO イオンタウン刈谷,愛知県刈谷市東境町京和1　イオンタウン刈谷内
namcoイオンモールナゴヤドーム前,愛知県名古屋市東区矢田南4-102-3　イオンモールナゴヤドーム前3F
namcoアピタ稲沢,愛知県稲沢市天池五反田町1　アピタタウン稲沢店シネマ＆アミューズ館2・3F
ラウンドワンスタジアム半田,愛知県半田市瑞穂町6-7-8
ラウンドワンスタジアム豊橋,愛知県豊橋市大岩町字岩田27-2
ゲームファンタジアン長久手,愛知県長久手市武蔵塚705
ファンタジープラザ名古屋,愛知県名古屋市北区玄馬町234-1　CROSS TOWN　ドン・キホーテ名古屋本店2F
namcoイオンモール大高,愛知県名古屋市緑区大高町字奥平子1-1　イオンモール大高3F
namcoエアポートウォーク名古屋,愛知県西春日井郡豊山町大字豊場字林先1-8　エアポートウォーク名古屋3F
ゲームランド岡崎,愛知県岡崎市戸崎町字外山38-5　イオンモール岡崎シネマ館3F
プラサカプコン稲沢,愛知県稲沢市長野7-1-2　リーフウォーク稲沢　モール棟2F　区画No.201
モーリーファンタジーワンダーシティ,愛知県名古屋市西区二方町40　mozoワンダーシティ　イオンワンダーシティ店3F
タイトーステーション豊田GAZA,愛知県豊田市喜多町1-140　3F
namcoヨシヅヤ清洲,愛知県清須市西市場5-5-3　ヨシヅヤ清洲店3F
アズパークファミリータウン,愛知県名古屋市中川区新家1-2421　SCアズパーク2F
西友岡崎店ゲームコーナー,愛知県岡崎市戸崎町越舞2-1　西友岡崎店2F
GiGO イオンタウン名西,愛知県名古屋市西区香呑町6-49-1　イオンタウン名西2F　区画No.213
タイトーステーション大須,愛知県名古屋市中区大須3-20-7
namcoテラスウォーク一宮,愛知県一宮市両郷町1-6　テラスウォーク一宮2F
namco名古屋駅前,愛知県名古屋市中村区椿町6-6　ビックカメラ名古屋駅西店B1・6F
アミューズファクトリー常滑,愛知県常滑市りんくう町2-20-3　イオンモール常滑2F
namcoイオンモール長久手1号,愛知県長久手市長久手中央土地区画整理事業地内5・10・11街区　イオンモール長久手3F
プラサカプコン徳重,愛知県名古屋市緑区鳴海町字徳重18-44　ヒルズウォーク徳重ガーデンズ　ガーデンズ棟2F
namcoららぽーと名古屋みなとアクルス,愛知県名古屋市港区港明2-3-2　ららぽーと名古屋みなとアクルス3F
タイトーステーションフェドラ大須,愛知県名古屋市中区大須3-30-31　萬松寺駐車場ビル1・2F
アミュージアム津島,愛知県津島市新開351　ヨシヅヤ津島本店シネマ館2F
namcoリソラ大府,愛知県大府市柊山町1-98　リソラ大府ショッピングテラス2F
GIGO マーケットスクエアささしま,愛知県名古屋市中村区平池町4-60-14　マーケットスクエアささしま1F
namcoららぽーと愛知東郷,愛知県愛知郡東郷町東郷中央土地区画事業62街区1、3　ららぽーと愛知東郷3F
namco則武新町,愛知県名古屋市西区則武新町3-1-17　イオンモールNagoya Noritake Garden内
ラウンドワンスタジアムイーアス春日井,愛知県春日井市六軒屋町東丘22　iias春日井　3010区画
namcoリーフウォーク稲沢,愛知県稲沢市下津穂所1-1-1　リーフウォーク稲沢　ツリー棟2F
アピナ豊橋,愛知県豊橋市藤沢町141　ホリデイ・スクエアアミューズメント棟1F
アピナ蒲郡,愛知県蒲郡市鹿島町浅井新田1-26　クラスポ蒲郡2F
バローガーデン戸田,愛知県名古屋市中川区戸田明正2-110　ルビットタウン戸田バロー戸田店2F
MIRAINOイオンモール豊川,愛知県豊川市白鳥町兎足1-16　イオン新豊川3F
ゲームパニック大須,愛知県名古屋市中区大須3-30-93　メガタウンB1F
namcoイオンモール長久手2号,愛知県長久手市勝入塚501　イオンモール長久手4F
あそびの広場名西,愛知県名古屋市西区名西2-33-8　ヨシヅヤ名古屋名西2F
ピーターパンと仲間たち小牧,愛知県小牧市東1-126　イオン小牧2F
アピナ名古屋栄,愛知県名古屋市中区錦3-17-15　ドン・キホーテ栄本店B1～B3F
タイトーステーション名古屋名駅,愛知県名古屋市中村区名駅4-10-22
タイトーFステーション弥富,愛知県弥富市五明町蒲原1371-4　イオンタウン弥富内
ソユーゲームフィールド赤池,愛知県日進市赤池町箕ノ手1　プライムツリー赤池3F
GiGO 生桑,三重県四日市市生桑町字川原崎299-1
GiGO アドバンスモール松阪,三重県松阪市田村町235-1　アドバンスモール松阪内
GiGO 久居,三重県津市久居明神町風早2534-1　久居インターガーデン内
アミューズメントPLABIトナリエ四日市,三重県四日市市安島1-3-31　トナリエ四日市5
アピナ四日市,三重県四日市市泊小柳町4-34
namcoイオンモール鈴鹿,三重県鈴鹿市庄野羽山4-1-2　イオンモール鈴鹿2F
GiGO 名張,三重県名張市希央台3番町15
ラウンドワンスタジアムみえ・川越IC,三重県三重郡川越町南福崎851-1
ラウンドワン津・高茶屋,三重県津市高茶屋小森町277-8
GiGO 伊勢,三重県伊勢市中須町666
タイトーステーションイオンモール明和,三重県多気郡明和町中村1223　イオンモール明和2F
アピナ鈴鹿,三重県鈴鹿市庄野羽山4-20-1　イオンタウン鈴鹿2F
アミパラ鈴鹿,三重県鈴鹿市西條町字東澤430-1
カヨーアミューズパーク,三重県四日市市日永4-2-41
GiGO エイスクエア草津,滋賀県草津市西渋川1-23-23　草津駅前SC　A-SQUARE SARA南棟2F
GiGO 甲西,滋賀県湖南市夏見二ツ橋356-1
namcoビバシティ彦根,滋賀県彦根市竹ケ鼻町43-1　ビバシティ彦根2F
アクション草津,滋賀県草津市野路3-1-11　ACT草津2号館
エースレーン近江八幡,滋賀県近江八幡市出町736　ACT近江八番2番館1F
namcoアルプラザ水口,滋賀県甲賀市水口町名坂419-1　アル・プラザ水口別館2F
エースレーン守山,滋賀県守山市播磨田町231-4　ACT守山3番館2F
エースレーン愛知川,滋賀県愛知郡愛荘町長野200
エースレーン堅田,滋賀県大津市今堅田2-40-10　ACT堅田2F
ゲームランド草津,滋賀県草津市新浜町300　イオンモール草津3F
タイトーFステーションイオン近江八幡,滋賀県近江八幡市鷹飼町南3-7　イオン近江八幡SC1番街　イオン近江八幡店1F
ラウンドワンスタジアム浜大津アーカス,滋賀県大津市浜町2-1　浜大津アーカス内
ゲームフィールドピエリ守山,滋賀県守山市今浜町2620-5　琵琶湖クルージングモール　ピエリ守山1F
アミパラ草津,滋賀県草津市木川町72
滋賀レジャーランド大津,滋賀県大津市におの浜3-1-43
アピナキッズパーク大津京,滋賀県大津市二本松1-1　BRANCH大津京A棟
ラウンドワン京都河原町,京都府京都市中京区河原町通三条下る山崎町250
GiGO MOMOテラス京都伏見,京都府京都市伏見区桃山町山ノ下32　MOMOテラス別館2F
プラサカプコン京都,京都府京都市右京区西院追分町25-1　イオンモール京都五条3F
ラウンドワンスタジアム京都伏見,京都府京都市伏見区下鳥羽平塚町131
namcoミップル,京都府宮津市浜町3012　宮津シーサイドマートMipple5F
namcoアルプラザ宇治東,京都府宇治市莵道平町28-1　アル・プラザ宇治東3F
パルケ上賀茂,京都府京都市北区上賀茂西河原町1-1
namcoらぽーる,京都府舞鶴市南浜町27-5　らぽーる3F
あそVIVAゲームセンター,京都府福知山市堀上高田2146-1　あそVIVA1F
namcoイオンモールKYOTO,京都府京都市南区西九条鳥居口町1　イオンモールKYOTO　Sakura館4F
namcoアルプラザ城陽,京都府城陽市富野荒見田112　アル・プラザ城陽4F
プレイランド京都,京都府京都市右京区山ノ内池尻町1-1　京都ファミリー3F
アミュージアム木津川,京都府木津川市州見台1-1-1-1　ガーデンモール木津川2F
アミューズメントパークあそびばイオン亀岡,京都府亀岡市古世町西中坪101　イオン亀岡店3F
GiGO 布施,大阪府東大阪市長堂1-1-1　ロンモール布施内
GiGO 難波アビオン,大阪府大阪市浪速区難波中2-3-15　MMOビルB1～3F
ラウンドワン守口,大阪府守口市佐太東町2-6-14　ジャガーグリーン2F
GiGO 東梅田,大阪府大阪市北区堂山町9-28　スプラウトビル1F
GiGO 大阪第4ビル,大阪府大阪市北区梅田1-11-4　駅前第4ビルB1F
ラウンドワン東大阪,大阪府東大阪市若江南町1-2-12
ゲームフェイス八尾,大阪府八尾市天王寺屋2-68
GiGO 今福,大阪府大阪市城東区今福東1-9-34
GiGO 枚方,大阪府枚方市須山町83-1　サンシャインプラザ枚方内
ラウンドワン東淀川,大阪府大阪市東淀川区菅原7-14-29
ラウンドワン豊中,大阪府豊中市名神口1-1-1
アミュージアム岸和田,大阪府岸和田市下松町1-3-1　ウィンディ岸和田店内
GiGO 和泉,大阪府和泉市肥子町2-4-41
namcoマグスミノエ,大阪府大阪市住之江区泉1-1-82　マグスミノエ1F
モンキートリック,大阪府寝屋川市香里南之町32-5　YNレジデンス香里2F
関大前フタバボウル,大阪府吹田市千里山東1-7-18
namco梅田,大阪府大阪市北区小松原町3-3　OSビル1～3F
ソユーゲームフィールド泉南,大阪府泉南市りんくう南浜3-12　イオンモールりんくう泉南2F
ラウンドワンスタジアム高槻,大阪府高槻市辻子3-6-4
ラウンドワンスタジアム堺中央環状,大阪府堺市東区石原町2-241
ラウンドワンスタジアム城東放出,大阪府大阪市城東区今福南3-4-38
ラウンドワンスタジアム堺駅前,大阪府堺市堺区戎島町4-44-3
ラウンドワンスタジアム枚方,大阪府枚方市高野道1-20-20
ゲームパニック堺,大阪府堺市堺区築港八幡町1-1　堺浜シーサイドステージ　堺浜えんため館内
namcoイオンモール鶴見緑地,大阪府大阪市鶴見区鶴見4-17-1　イオンモール鶴見緑地4F
namcoイオンモール大日,大阪府守口市大日東町1-18　イオンモール大日4F
namcoなんばパークス,大阪府大阪市浪速区難波中2-10-70　なんばパークス6F
泉大津フタバボウル,大阪府泉大津市松之浜町1-2-53
タイトーステーションアリオ八尾,大阪府八尾市光町2-3　イトーヨーカドーアリオ八尾店3F
namcoアリオ鳳,大阪府堺市西区鳳南町3-199-12　アリオ鳳3F　3280
タイトーステーション難波,大阪府大阪市中央区難波千日前15-12
G-pala あべの,大阪府大阪市阿倍野区阿倍野筋3-10-1　あべのベルタ2F
ラウンドワン岸和田,大阪府岸和田市八阪町2-11-1
GiGO フレスポ東大阪,大阪府東大阪市稲田新町3-9-64　フレスポ東大阪2F
ラウンドワン梅田,大阪府大阪市北区小松原町4-16
GiGO あべのキューズモール,大阪府大阪市阿倍野区阿倍野筋1-6-1　あべのキューズモール3F　Q-332
GiGO ビバモール寝屋川,大阪府寝屋川市寝屋南2-22-2　ビバモール寝屋川　モール棟2F
namco大阪日本橋,大阪府大阪市浪速区難波中2-1-17　コスモビル1～3F
YAZ寝屋川,大阪府寝屋川市石津中町25-26
タイトーステーション大阪日本橋,大阪府大阪市浪速区日本橋4-9-14
ラウンドワンスタジアム千日前,大阪府大阪市中央区難波1-3-1
キッズサーカスベスピア堺インター,大阪府堺市西区太平寺711-1　ベスピア堺インター2F
GiGO 新三国アルゴ７,大阪府豊中市神州町1-15
namcoくずはモール,大阪府枚方市楠葉花園町10-85　KUZUHA MALL南館2F
ラウンドワンららぽーと和泉,大阪府和泉市あゆみ野4-4-7　ららぽーと和泉4F　42100番
エンターテイメントフィールドららぽーとEXPOCITY,大阪府吹田市千里万博公園2-1　ららぽーとEXPO CITY3F
トップラン東大阪,大阪府東大阪市東鴻池町1-6-30　イオンタウン東大阪店2F
ソユーゲームフィールド堺鉄砲町,大阪府堺市堺区鉄砲町1　イオンモール堺鉄砲町3F
GiGO イオンモール日根野,大阪府泉佐野市日根野2496-1　イオンモール日根野2F
あそびのひろば鴻池,大阪府東大阪市鴻池町1-1-72　イオン鴻池店2F
バンダイナムコ Cross Store 大阪梅田,大阪府大阪市北区角田町5-15　HEP FIVE 8F
プラサカプコン藤井寺,大阪府藤井寺市岡2-10-11　イオン藤井寺SC2F
あそVIVA阪急茨木,大阪府茨木市永代町6-2　スポーツプラザ茨木2F
ソユーゲームフィールドみのおキューズモール,大阪府箕面市西宿1-15-30　みのおキューズモールCENTER棟2F
namcoセブンパーク天美,大阪府松原市天美東3-500　セブンパーク天美3F
アミュージアム枚方,大阪府枚方市岡本町7-1　枚方ビオルネ3F
namcoららぽーと堺2F,大阪府堺市美原区黒山22-1　ららぽーと堺2F
GiGO あべのアポロ4F,大阪府大阪市阿倍野区阿倍野筋1-5-31　アポロビル4F
namcoららぽーと門真,大阪府門真市松生町204-3　ららぽーと門真3F
GiGO かみしんプラザ,大阪府大阪市東淀川区大隅1-6-12　かみしんプラザ2F
GiGO Arcade Cafe KITTE大阪,大阪府大阪市北区梅田3-2-2　JPタワー大阪6F
GiGO 大阪道頓堀本店,大阪府大阪市中央区道頓堀1-8-22
namco枚方モール,大阪府枚方市岡東町19-14　枚方モール4F
ラウンドワン三宮駅前,兵庫県神戸市中央区小野柄通6-1-17
GiGO 明石,兵庫県明石市魚住町清水2464-1　ドライブインながさわ内
namco豊岡,兵庫県豊岡市中陰字大工617　3F
GiGO 姫路駅前,兵庫県姫路市駅前町254　姫路OSビルB1F
ゲームアイビス太子,兵庫県揖保郡太子町太田2149
ラウンドワン加古川,兵庫県加古川市尾上町安田325-6
ラウンドワン伊丹,兵庫県伊丹市昆陽7-29
GiGO つかしん,兵庫県尼崎市塚口本町4-8-1　つかしんにしまち2F
ラウンドワンJR尼崎駅前,兵庫県尼崎市潮江1-4-5　プラストいきいき館4F
アルゴ,兵庫県神戸市中央区下山手通1-1-8
G-pala 花北,兵庫県姫路市増位新町1-6　ヴィーナスタウン花北2F
プレイステーションネーブル西宮,兵庫県西宮市両度町6-10　両度ビル1F
GiGO ららぽーと甲子園,兵庫県西宮市甲子園八番町1-100　ららぽーと甲子園　ウッズウォークモール2F
ラウンドワン姫路飾磨,兵庫県姫路市飾磨区中島1-254
GiGO あまがさきキューズモール,兵庫県尼崎市潮江1-3-1　あまがさきキューズモール4F
namcoイオン赤穂,兵庫県赤穂市中広字別所55-3　イオン赤穂店2F
タイトーステーション尼崎つかしん,兵庫県尼崎市塚口本町4-8-1　つかしんひがしまち北館3F
姫路セントラルパークサイバーステーション,兵庫県姫路市豊富町神谷1436-1　姫路セントラルパーク内
GiGO 神戸umieサウスモール,兵庫県神戸市中央区東川崎町1-7-2　umie SOUTH MALL 4F
タイトーFステーションHAT神戸,兵庫県神戸市中央区脇浜海岸通2-2-2　ブルメールHAT神戸2F
GiGO フェニックスプラザ摩耶,兵庫県神戸市灘区味泥町6-1　フェニックスプラザ1F
GiGO 神戸umieモザイク,兵庫県神戸市中央区東川崎町1-6-1　神戸モザイク3F
タイトーFステーション三宮西館,兵庫県神戸市中央区三宮町2-11-1　センタープラザ西館3F
namcoニッケパークタウン加古川,兵庫県加古川市加古川町寺家町173-1　ニッケパークタウン加古川店2F
namcoイオンモール神戸南,兵庫県神戸市兵庫区中之島2-1-1　イオンモール神戸南3F
タイトーFステーション姫路,兵庫県姫路市駅前町269
GiGO コロワ甲子園,兵庫県西宮市甲子園高潮町3-3　Corowa甲子園3F
アピナ姫路,兵庫県姫路市東郷町1454-3　姫路リオス2F
ゆめパーク姫路,兵庫県姫路市神子岡前3-12‐17　ゆめタウン姫路4F
タイトーFステーションアスピア明石,兵庫県明石市東仲ノ町6-1　アスピア明石南館3F
GiGO イオン淡路,兵庫県淡路市志筑新島10-2　イオン淡路店内
GiGO 三宮南口,兵庫県神戸市中央区三宮町1-7-17　三慶ビル
GiGO 三宮北口,兵庫県神戸市中央区北長狭通1-8-1　コスモビル2F
ラウンドワンスタジアム奈良ミ・ナーラ,奈良県奈良市二条大路南1-3-1　ミ・ナーラ5F
ソユーゲームフィールド奈良橿原,奈良県橿原市曲川町7-20-1　イオンモール橿原3F
アミューズメントCUE奈良大和高田,奈良県大和高田市東中2-11-16
キッズサーカス奈良柏木,奈良県奈良市柏木町456-1
ラスパ西大和店ゲームコーナー,奈良県北葛城郡上牧町ささゆり台1-1　ラスパ西大和2F
namcoトナリエ大和高田,奈良県大和高田市幸町3-18　トナリエ大和高田3F
エンターテイメントフィールド奈良橿原,奈良県橿原市曲川町7-20-1　イオンモール橿原2F
namcoオークワパビリオンシティ田辺,和歌山県田辺市稲成町新江原3165　パビリオンシティ田辺C館2F
namcoパームシティ和歌山,和歌山県和歌山市中野31-1　パームシティ和歌山店2F
ラウンドワンスタジアム和歌山,和歌山県和歌山市小雑賀739-3
ユーズランド和歌山,和歌山県和歌山市中字楠谷573　イオンモール和歌山　モール棟2F
ピタゴラス和歌山,和歌山県和歌山市土入73-1
GiGO 米子,鳥取県米子市両三柳2778-2
GiGO 鳥取,鳥取県鳥取市安長416
アミパラがいな,鳥取県米子市日ノ出町1-8-13
アピナ米子,鳥取県米子市米原2-1320-1　MEGAドン・キホーテ米子店3F
G-pala 出雲,島根県出雲市渡橋町784-1
GiGO 松江,島根県松江市嫁島町12-15
you me CIRCUS,島根県出雲市大塚町650-1　ゆめタウン出雲東館3F
ゆめパークゆめタウン斐川,島根県出雲市斐川町上直江1301-1　ゆめタウン斐川内
ピノッキースパティオ益田,島根県益田市高津7-21-12　ゆめタウン益田2F
アミパラ松江,島根県松江市東朝日町203-1
アミパラテクノランド,岡山県岡山市北区大和町1-7-12
ユーズランド倉敷,岡山県倉敷市水江1　イオンモール倉敷2F
GiGO 倉敷,岡山県倉敷市西中新田535-2
GiGO 岡山藤崎,岡山県岡山市中区藤崎599-12
アミパラ倉敷,岡山県倉敷市西中新田624-1　アミパラボウル1F
アミパラ岡山,岡山県岡山市北区青江1-13-8
ラウンドワンスタジアム岡山妹尾,岡山県岡山市南区妹尾3413-1
タイトーFステーションマルナカ新倉敷,岡山県倉敷市玉島爪崎981-1
GiGO イオンモール岡山,岡山県岡山市北区下石井1-2-1　イオンモール岡山6F
こころっこ天満屋ハピータウン岡南,岡山県岡山市南区築港新町1-18-5　天満屋ハピータウン岡南店3F
アミューズメントPLABI天満屋ハピータウン児島,岡山県倉敷市児島駅前2-35　天満屋ハピータウン児島店3F
アミューズメントPLABIショッピングモールメルカ玉野,岡山県玉野市宇野1-38-1　天満屋ハピータウン玉野店3F
こころっこ天満屋ハピータウン原尾島,岡山県岡山市中区原尾島1-6-20　天満屋ハピータウン原尾島店3F
アミューズメントPLABI天満屋ハピータウン岡北,岡山県岡山市北区中井町2-2-7　天満屋ハピータウン岡北店3F
こころっこポルカ天満屋ハピータウン高梁,岡山県高梁市中原町1084-1　ポルカ天満屋ハピータウン2F
ゆめタウン平島,岡山県岡山市東平島163　ゆめタウン平島2F
キッズスマイルエブリイOkanaka津高,岡山県岡山市北区横井上83-3　エブリイOkanaka津高内
タイトーステーション広島本通,広島県広島市中区本通3-5　せらかぐ本通ビル
GiGO 中筋,広島県広島市安佐南区中筋4-11-7　フタバ図書MEGA祇園中筋店2F　レンタルコーナー奥
GiGO 海田,広島県安芸郡海田町南大正町3-35
アミパラここじゃ,広島県東広島市西条町下見6-10-19
GiGO 福山,広島県福山市瀬戸町山北300
GiGO 尾道,広島県尾道市新浜1-2-13
GiGO 広,広島県呉市広中町1-9　フタバ図書ソフトピア広店2F
ブラックジャック東広島,広島県東広島市西条町御薗宇6120
あみぱらんど福山,広島県福山市三吉町南2-8-24
タイトーステーション広島紙屋町,広島県広島市中区紙屋町2-2-21
ラウンドワン広島,広島県広島市中区立町3-11
namcoイオンモール広島府中,広島県安芸郡府中町大須2-1-1　イオンモール広島府中3F
namcoフジグラン尾道,広島県尾道市東尾道19-7　フジグラン尾道3F
アミパラ神辺,広島県福山市神辺町新道上1-2-1　フジグラン神辺向かい
タイトーステーションフジグラン神辺,広島県福山市神辺町新道上2-10-26　フジグラン神辺3F
namcoゆめタウン広島,広島県広島市南区皆実町2-8-17　ゆめタウン広島3F
ラウンドワン福山,広島県福山市明神町1-9-28
GiGO アルパーク北棟,広島県広島市西区草津南4-7-1　アルパーク北棟2F
namcoフジグラン東広島,広島県東広島市西条町御薗宇4405　フジグラン東広島内
namcoフジグラン三原,広島県三原市円一町1-1-7　フジグラン三原2F
namcoフジグラン広島,広島県広島市中区宝町2-1　フジグラン広島3F
namcoフジグラン高陽,広島県広島市安佐北区亀崎1-1-6　フジグラン高陽3F
フジグラン安芸店子供の国,広島県安芸郡坂町北新地2-3-30　フジグラン安芸2F
namcoフジグランナタリー,広島県廿日市市阿品3-1-1　フジグランナタリー2F
namco広島紙屋町,広島県広島市中区大手町2-3-3　大手町ナルミヤビル1F
namcoゆめタウン廿日市,広島県廿日市市下平良東2-2-1　ゆめタウン廿日市3F
GiGO LECT広島,広島県広島市西区扇2-1-45　LECT 2F
プラサカプコン広島,広島県広島市佐伯区石内東4-1-1　ジ・アウトレット広島1F
GiGO 広島本通,広島県広島市中区本通9-30　ランドマークビルB1・1F
タイトーFステーションゆめタウン東広島,広島県東広島市西条町土与丸1-5-7　ゆめタウン東広島4F
アピナ東広島,広島県東広島市西条町助実1229　ゆめモール西条1F
タイトーステーションビックカメラ広島駅前,広島県広島市南区松原町5-1　ビックカメラ広島店ビルB2F
アミュージアム周南,山口県下松市中央町21-3　ザ・モール周南3F
ゲームスポットSPEED,山口県周南市久米3219
GiGO イオンタウン小郡,山口県山口市小郡前田町3-6
namcoフジグラン宇部,山口県宇部市明神町3-1-1　フジグラン宇部2F
GAME ALEX,山口県宇部市西宇部南3-5-53
ソユーファミリーゲームフィールド防府,山口県防府市鐘紡町7-1　イオンタウン防府1F
namcoおのだサンパーク,山口県山陽小野田市中川6-4-1　おのだサンパーク2F
ゆめシティゆめパーク,山口県下関市伊倉新町3-1-1　ゆめシティ3F
フジグラン岩国店アミューズメントパーク,山口県岩国市麻里布町2-9-8　フジグラン岩国5F
アミパラ周南久米,山口県周南市久米2834　イオンタウン周南久米内
アピナ徳山,山口県周南市青山町1-18　ゆめタウン徳山2F
GiGO スエヒロボウル徳島,徳島県徳島市南末広町4-95-2　スエヒロボウル内
ラウンドワン徳島・万代,徳島県徳島市万代町4-19-1
namcoフジグラン石井,徳島県名西郡石井町高川原字天神544-1　フジグラン石井2F
namcoゆめタウン徳島,徳島県板野郡藍住町奥野東中須88-1　ゆめタウン徳島2F
ナムコランド鳴門,徳島県鳴門市撫養町大桑島字濘岩浜4-1　パワーシティ鳴門別棟
HapipiLand徳島,徳島県徳島市寺島本町西1-61　徳島駅クレメントプラザ4F
GiGO 高松,香川県高松市勅使町535
マックスプラザ善通寺,香川県善通寺市中村町1798-2
アミュージアム高松,香川県高松市伏石町2144-9
GiGO 丸亀,香川県丸亀市蓬莱町56-1
ラウンドワンスタジアム高松,香川県高松市松島町2-7-43
アミパラ丸亀,香川県丸亀市飯野町西分字川縁甲584-1　ハローズ棟内
ゆめタウン高松店ゆめランド,香川県高松市三条町字中所608-1　ゆめタウン高松2F
namcoフジグラン十川,香川県高松市十川西町651-1　フジグラン十川別棟
タイトーFステーションゆめタウン三豊,香川県三豊市豊中町本山甲22　ゆめタウン三豊2F
GiGO イオンモール高松,香川県高松市香西本町1-1　イオンモール高松2F　227-2
アミパラ高松,香川県高松市伏石町2168-2
アピナ善通寺,香川県善通寺市金蔵寺町川添1903　メガセンタートライアル善通寺店内
GiGO 松山,愛媛県松山市枝松5-7-32
namcoフジグラン今治,愛媛県今治市東門町5-13-1　フジグラン今治2F
namcoフジグラン北宇和島,愛媛県宇和島市伊吹町甲912-2　フジグラン北宇和島別棟
タイトーステーション衣山,愛媛県松山市衣山1-188　パルティ・フジ衣山内
namcoパルティ・フジ西条玉津,愛媛県西条市玉津564-1　フジ西条玉津店2F
プラサカプコン新居浜,愛媛県新居浜市前田町8-8　イオンモール新居浜2F
ソユーフォレストハンター松前,愛媛県伊予郡松前町筒井850　エミフルMASAKI　エミアミューズ1F
ラウンドワン松山,愛媛県松山市東長戸1-3-10
namcoフジグラン松山,愛媛県松山市宮西1-2-1　フジグラン松山4F
namcoフジ砥部,愛媛県伊予郡砥部町重光239　フジ砥部店2F
namcoフジグラン北浜,愛媛県八幡浜市北浜1-4-33　フジグラン北浜2F
namcoエミフルMASAKI,愛媛県伊予郡松前町筒井850　エミフルMASAKI別棟2F
namcoフジグラン重信,愛媛県東温市野田3-1-13　フジグラン重信2F
GiGO そよら今治馬越,愛媛県今治市馬越町4-8-1　そよら今治馬越3F　300-1区画
アミュージアム高知,高知県高知市介良字長丁乙317-1
namcoフジグラン四万十,高知県四万十市具同2222　フジグラン四万十2F
プラサカプコン高知,高知県高知市秦南町1-4-8　イオンモール高知2F
GiGO フジグラン高知,高知県高知市朝倉東町52-15　フジグラン高知3F
ラウンドワン高知,高知県高知市南宝永町4-12
サニーアクシス南国アクシスキッズ,高知県南国市大そね乙1009　サニーアクシス南国店内
namcoフジグラン葛島,高知県高知市小倉町3-30　フジグラン葛島2F
namco博多バスターミナル,福岡県福岡市博多区博多駅中央街2-1　博多バスターミナルビル7F
タイトーステーション福岡天神,福岡県福岡市中央区天神2-6-35　サザンクロスビル
G-stage飯塚,福岡県飯塚市枝国680-2
GiGO 中間,福岡県中間市上蓮花寺3-1-1　プラザモールなかま1・2F
G-stage七隈,福岡県福岡市城南区七隈8-4-8
ラウンドワン福岡天神,福岡県福岡市中央区天神2-6-12
タイトーステーションキャナルシティ博多,福岡県福岡市博多区住吉1-2　キャナルシティ博多4・5F
プラサカプコン直方,福岡県直方市湯野原2-1-1　イオンモール直方2F
ラウンドワンスタジアム小倉,福岡県北九州市小倉北区西港町15-65
タイトーステーションリバーウォーク,福岡県北九州市小倉北区室町1-1-1　リバーウォーク北九州デコシティ4F
ラウンドワンスタジアム博多・半道橋,福岡県福岡市博多区半道橋2-2-8
ラウンドワン大野城,福岡県大野城市御笠川1-18-16
namcoゆめタウン久留米,福岡県久留米市新合川1-2-1　ゆめタウン久留米2F
ゲーム最後の5ドル,福岡県糟屋郡粕屋町仲原2706　仲原Jボウル2F
ゆめタウン八女店ゆめキッズ,福岡県八女市蒲原988-28　ゆめタウン八女2F
namcoゆめタウン筑紫野,福岡県筑紫野市針摺東3-3-1　ゆめタウン筑紫野本館2F
G-stage小倉,福岡県北九州市小倉北区浅野2-14-5　あるあるCity2F
G-pala 小倉,福岡県北九州市小倉南区上葛原1-14-1
G-pala 博多,福岡県福岡市博多区東光寺町2-6-40　コマーシャルモール博多2F
namcoゆめモール柳川,福岡県柳川市三橋町蒲船津1408-6　ゆめモール柳川2F
ピノッキースパティオ行橋,福岡県行橋市西宮市3-8-1　ゆめタウン行橋2F
namcoマークイズ福岡ももち,福岡県福岡市中央区地行浜2-2-1　マークイズ福岡ももち4F
バンダイナムコ Cross Store 博多,福岡県福岡市博多区住吉1-2-22　キャナルシティ博多B1F
GiGO 福岡天神,福岡県福岡市中央区天神2-7-6　DADAビル1～3F
namcoららぽーと福岡,福岡県福岡市博多区那珂6-23-1　ららぽーと福岡内4F
GiGO ミーナ天神,福岡県福岡市中央区天神4-3-8　ミーナ天神7F
GiGO ゆめタウン飯塚,福岡県飯塚市菰田西3-6-1
namcoサニーサイドモール小倉,福岡県北九州市小倉南区下曽根新町10-1　サニーサイドモール小倉M2F
GiGO ヨドバシ博多,福岡県福岡市博多区博多駅中央街6-12　4F
ピーターパンと仲間たちうきは,福岡県うきは市吉井町千年153　ゆめマートうきは1F
ピーターパンと仲間たち遠賀,福岡県遠賀郡遠賀町松の本1-1-1　ゆめタウン遠賀2F
GiGO 武雄,佐賀県武雄市武雄町富岡12517-1
ゆめタウン武雄店ゆめキッズ,佐賀県武雄市武雄町武雄4992　ゆめタウン武雄2F
ラウンドワンスタジアム佐賀,佐賀県佐賀市兵庫北4-2-1
namcoゆめタウン佐賀,佐賀県佐賀市兵庫北5-14-1　ゆめタウン佐賀2F
namcoモラージュ佐賀,佐賀県佐賀市巨勢町大字牛島730　モラージュ佐賀1・2F
GiGO 諫早,長崎県諫早市小川町90-1
G-pala 時津,長崎県西彼杵郡時津町野田郷59
GiGO サンスパおおむら,長崎県大村市森園町663-3
namcoゆめタウン夢彩都,長崎県長崎市元船町10-1　夢彩都4F
GiGO みらい長崎ココウォーク,長崎県長崎市茂里町1-55　みらい長崎ココウォーク5F
アミパラ佐世保,長崎県佐世保市大塔町18-15
G-stage浜の町,長崎県長崎市浜町2-26
namcoアミュプラザ長崎 新館,長崎県長崎市尾上町1-1　アミュプラザ長崎新館4F　9401
namcoワンダーシティ南熊本,熊本県熊本市中央区九品寺6-9-1
namcoゆめタウン光の森,熊本県菊池郡菊陽町光の森7-39-1　ゆめタウン光の森南館3F
ゆめタウンサンピアンアミューズパーク,熊本県熊本市東区上南部町2-2-2　ゆめタウンサンピアン3F
ラウンドワンスタジアム熊本,熊本県熊本市西区春日7-25-15
namcoイオンモール宇城,熊本県宇城市小川町河江1-1　イオンモール宇城2F
namcoイオン大津ショッピングプラザ,熊本県菊池郡大津町室137　大津ショッピングプラザ2F
namcoサクラマチクマモト,熊本県熊本市中央区桜町3-13-14　サクラマチクマモト3F
GiGO アミュプラザくまもと,熊本県熊本市西区春日3-15-26  アミュプラザくまもと6F
GiGO 高城,大分県大分市牧1-161-8
GiGO 別府,大分県別府市餅ケ浜町161-2
GiGO 中津,大分県中津市沖代町1-2-16
G-pala 日田,大分県日田市友田字萩鶴986-1
プラサカプコン大分,大分県大分市公園通り西2-1　パークプレイス大分2F
namcoトキハわさだタウン,大分県大分市玉沢755-1　トキハわさだタウン2F
namco杉乃井ホテル,大分県別府市観海寺1　スギノイパレスU-zone1F
namco明野,大分県大分市明野東1-1-1　あけのアクロスタウン一番街4F
ラウンドワンスタジアム大分,大分県大分市萩原2-13-17
タイトーFステーションゆめタウン別府,大分県別府市楠町382-6　ゆめタウン別府3F
namcoミスターマックス宇佐,大分県宇佐市法鏡寺500　MrMax宇佐店内
ピーターパンと仲間たち臼杵,大分県臼杵市江無田266-5　サンリブ臼杵2F
ユーズランド三光,大分県中津市三光佐知1032　イオンモール三光2F
ゆめタウン中津店ゆめキッズ,大分県中津市蛭子町3-99　ゆめタウン中津3F
namcoアムス大在,大分県大分市大在浜2-1-1　アムス大在内
namcoトキハインダストリー佐伯,大分県佐伯市池田2064　トキハインダストリー佐伯2F
トキハ別府店ゲームコーナー,大分県別府市北浜2-9-1　トキハ別府店4F
タイトーステーションアミュプラザおおいた,大分県大分市要町1-14　アミュプラザおおいた4F
アミュージアム光吉,大分県大分市光吉825-1　イオン光吉1F
namco日向,宮崎県日向市日知屋14798-1　ハイパーモールメルクス日向1F
GiGO 延岡,宮崎県延岡市平原町5-1492-8
ラウンドワンスタジアム宮崎,宮崎県宮崎市中村東3-4-60
namco宮交シティ,宮崎県宮崎市大淀4-6-28　宮交シティ3F
GiGO アミュプラザみやざき,宮崎県宮崎市老松2-2-22　アミュプラザみやざきうみ館4F
namcoプラッセだいわ川内,鹿児島県薩摩川内市矢倉町4213-1　プラッセだいわ川内店2F
ラウンドワンスタジアム鹿児島宇宿,鹿児島県鹿児島市宇宿2-2-2
タイトーステーションアミュプラザ鹿児島,鹿児島県鹿児島市中央町1-1　アミュプラザ鹿児島5F
namcoプラッセだいわ出水,鹿児島県出水市本町4-45　プラッセだいわ出水店2F
GiGO 北谷,沖縄県中頭郡北谷町美浜9-8　シーサイドスクウェア1F
namcoイオン具志川,沖縄県うるま市前原幸崎原303　イオン具志川SC2F
namco那覇メインプレイス,沖縄県那覇市おもろまち4-4-9　サンエー那覇メインプレイス2F
namcoイオンタウン読谷SC,沖縄県中頭郡読谷村古堅740　イオンタウン読谷SC内
ラウンドワンスタジアム沖縄・宜野湾,沖縄県宜野湾市真志喜3-28-8
ラウンドワン沖縄・南風原,沖縄県島尻郡南風原町兼城552
namcoイオンとよみショッピングセンター,沖縄県豊見城市根差部710　イオンタウンとよみ内
namcoサンエー浦添西海岸パルコシティ,沖縄県浦添市西洲3-1-1　サンエー浦添西海岸PARCO CITY 3F
namcoイーアス沖縄豊崎,沖縄県豊見城市豊崎3-35　iias沖縄豊崎3F
HapipiLand南城大里,沖縄県南城市大里高平高宮城原97-2　イオンタウン南城大里内