「オンゲキ bright MEMORY オリジナルグッズプレゼントキャンペーン第11弾」,2024年12月19日(木) ～ 2025年3月12日(水) ※本情報は2024年12月17日（火）時点の店舗一覧となります。
ラウンドワン札幌白石本通店,北海道札幌市白石区本通１６丁目北１−５０
キャッツアイ新札幌店,北海道札幌市厚別区厚別東五条１ー２−１０
ゲームランド新さっぽろ,北海道札幌市厚別区中央２条５丁目７−３ カテプリさっぽろ３階
キャッツアイ清田店,北海道札幌市清田区清田１条１−２０−１
ＧｉＧＯ西友手稲,北海道札幌市手稲区前田１条１１丁目西友手稲店３階
ソユーゲームフィールド苗穂店,北海道札幌市東区東苗穂2条3-1-1　イオンモール札幌苗穂２Ｆ
ＢＩＧＢＡＮＧ函館,北海道函館市梁川町９−３テキサスビル３Ｆ
ラウンドワン函館店,北海道函館市西桔梗町８４８−１１
ＢＩＧＢＡＮＧ室蘭,北海道室蘭市中島本町２−８−１
ＧｉＧＯ室蘭,北海道室蘭市東町４丁目３１番２号１階
ＧｉＧＯイオンモール苫小牧,北海道苫小牧市柳町３丁目１番２０号イオンモール苫小牧２階
タイトーステーション札幌狸小路２丁目店,北海道札幌市中央区南３条西２丁目−１４
ＧｉＧＯ札幌駅西口,北海道札幌市北区北６条西６丁目１‐１
東急百貨店さっぽろアミューズパーク,北海道札幌市中央区北４条西２−１東急百貨店さっぽろ店９階
ソユーゲームフィールド発寒,北海道札幌市西区発寒8条12丁目1　イオン札幌発寒SC3F
ラウンドワン札幌すすきの店,北海道札幌市中央区南五条西3-6-1
ラウンドワン札幌北２１条店,北海道札幌市東区北二十一条東１−１−２１
タイトーステーション 千歳店,北海道千歳市北栄２−１２−５
イオン千歳　キッズパーク,北海道千歳市栄町６−６１
ソユーゲームフィールド旭川駅前店,北海道旭川市宮下通７−２−５ｲｵﾝﾓｰﾙ旭川駅前４F
ラウンドワン旭川店,北海道旭川市永山三条１−４−７
ＧｉＧＯドリームタウン白樺,北海道帯広市白樺１６条西２丁目ドリームタウン白樺１階
ＧｉＧＯ帯広稲田,北海道帯広市稲田町南八線西１２−１スズランボウル１・２階
ＢＩＧＢＡＮＧ釧路,北海道釧路郡釧路町木場２−１
ＢＩＧＢＡＮＧ北見店,北海道北見市中央三輪7丁目４４６−１
ＧｉＧＯ北見,北海道北見市西三輪５丁目１番地１６号
イオン紋別　キッズパーク,北海道紋別市花園3-4-39
ラウンドワン青森店,青森県青森市浜田３−１−１
ソユーゲームフィールド八戸店,青森県八戸市沼館4-7-112八戸ピアドゥＢ棟2F
ＧｉＧＯ八戸,青森県八戸市城下４−２５−１４
ゲームフェスタミタマ店,青森県弘前市駅前町5-5
ＧｉＧＯ弘前,青森県弘前市末広１−３−３
ソユースペースファンタジーインフィニ,青森県弘前市城東北３−１０−１さくら野百貨店弘前店４Ｆ
ユーズランド下田店,青森県上北郡おいらせ町中野平４０−１イオンモール下田１Ｆ
ラウンドワン盛岡店,岩手県盛岡市盛岡駅西通２−１０−３５
ＧｉＧＯ水沢,岩手県奥州市水沢区佐倉河字鎧田４−１
ソユーファミリーゲームフィールド花巻店,岩手県花巻市高木第１６地割６８−６　銀河モール１Ｆ
ソユーゲームフィールド釜石店,岩手県釜石市港町２−１−１イオンタウン釜石店３F
タイトーステーション仙台名掛丁店,宮城県仙台市青葉区中央１−７−１３
タイトーステーション 仙台クリスロード店,宮城県仙台市青葉区中央２−３−２５
ＧｉＧＯ仙台,宮城県仙台市青葉区中央２−５−５三経６０ビル
ＧｉＧＯ仙台一番町,宮城県仙台市青葉区一番町４丁目５番１３号サンシャインビル１階
ＧｉＧＯ利府,宮城県宮城郡利府町加瀬字新前谷地５５−１
ＧｉＧＯ名取,宮城県名取市飯野坂字土城堀５７−１
ＧＡＭＥＢＡＮＫ仙台泉店,宮城県仙台市泉区大沢２−５−４
ＧｉＧＯイオン仙台中山,宮城県仙台市泉区南中山１−３５−５７別館３Ｆ
アピナ富谷店,宮城県富谷市大清水１丁目３３‐１　１０９シネマズ富谷１階
ゲームフィールド仙台長町店,宮城県仙台市太白区長町７丁目２０番３号ザ・モール仙台長町店３階
ＧｉＧＯ仙台コロナワールド,宮城県仙台市宮城野区福室字田中前１番５３−１
ラウンドワン仙台苦竹店,宮城県仙台市宮城野区苦竹１−７−１０
THE 3RD PLANET BiVi仙台店,宮城県仙台市宮城野区榴岡2-1-25
ゲームコーナー東部,宮城県仙台市若林区六丁の目中町26-60 斎喜東部ビル2F
ＧｉＧＯ石巻,宮城県石巻市大街道東４−１−４５
プラサカプコン石巻店,宮城県石巻市茜平4丁目104番地 ｲｵﾝ石巻ｼｮｯﾋﾟﾝｸﾞｾﾝﾀｰ2F
ＧｉＧＯ佐沼,宮城県登米市迫町佐沼字中江２−５−８
ユーズランド大河原店,宮城県柴田郡大河原町小島2-1フォルテ2F
ＳＯＹＵ　ＧＡＭＥ　ＦＩＥＬＤ古川店,宮城県大崎市古川沢田字筒場浦１５番地イオンタウン古川内
ラウンドワン秋田店,秋田県秋田市卸町１−１−２
ＧｉＧＯ秋田,秋田県秋田市茨島１−１−１６
ＳＯＹＵＧａｍｅＦｉｅｌｄ御所野店,秋田県秋田市御所野地蔵田１ー１−１イオンモール秋田２Ｆ
ＳＯＹＵＧａｍｅＦｉｅｌｄ能代店,秋田県能代市鰄渕字古屋布１番イオンタウン能代内
ＳＯＹＵＧａｍｅＦｉｅｌｄ大館店,秋田県大館市御成町三丁目７番５８号いとく大館ＳＣ３階
ゲームフィールド十文字店,秋田県横手市十文字町仁井田字東22-1スーパーモールラッキー内
ＧｉＧＯ北山形,山形県山形市北町１−３−２０
スタジオプリモ山形店,山形県山形市城南町１−１−１　霞城セントラル２Ｆ
ＧｉＧＯ米沢,山形県米沢市大字花沢字タナコ原１７７
ＧｉＧＯ天童,山形県天童市南町１−５−２６
アピナ鶴岡店,山形県鶴岡市文下字広野１−１
ＳＯＹＵＧａｍｅＦｉｅｌｄ酒田店,山形県酒田市泉町１９８番地イオンタウン酒田内
ＧｉＧＯ福島,福島県福島市本内中井１−２
ラウンドワン福島店,福島県福島市太田町14-18
ＧｉＧＯ福島南,福島県福島市黒岩字中島７−２
ＧｉＧＯ白河,福島県白河市新高山１−１　メガステージ白河内
ＳＯＹＵ　Ｅ−ＳＴＵＤＩＯ須賀川店,福島県須賀川市古河１０５イオンタウン須賀川Ｂ棟内
タイトーＦ郡山オリエントパーク店,福島県郡山市安積町荒井字大久保３５−１
ＧｉＧＯ日和田,福島県郡山市日和田町字西中島７−１
ラウンドワン郡山店,福島県郡山市向河原町４−５５
ＧｉＧＯ会津若松,福島県会津若松市町北町上荒久田字宮下１４２
ソユーゲームフィールド小名浜店,福島県いわき市小名浜字辰巳町７９イオンモールいわき小名浜３Ｆ
ＧｉＧＯ小名浜,福島県いわき市小名浜林城字塚前１８−１
プレビ　鹿島エブリア店,福島県いわき市鹿島町米田字日渡5 鹿島エブリア店2階
ＧｉＧＯ勿来,福島県いわき市勿来町四沢字鍵田１３
ピンクパンサー土浦店,茨城県土浦市木田余４５８５−３
ＧｉＧＯ霞ヶ浦,茨城県稲敷市西代１４７３−１
ゲームパニックつくば,茨城県土浦市中村東1-1-1サンタスワールド内
ゲームメガみらい平店,茨城県つくばみらい市陽光台１−１４−１
ＧｉＧＯ龍ケ崎,茨城県龍ケ崎市藤ケ丘４−２−８
ＳＯＹＵ　ＴＯＹ’Ｓ　ＮＹ　守谷店,茨城県守谷市百合ヶ丘3-249-1　イオンタウン守谷2Ｆ
ピンクパンサー下妻店,茨城県下妻市小島884-10
ＧｉＧＯトナリエクレオつくば,茨城県つくば市吾妻１丁目７−１　トナリエクレオ３Ｆ
ＧｉＧＯデイズタウンつくば,茨城県つくば市竹園１—９−２デイズタウンつくば地下１Ｆ
ゲームメガつくば店,茨城県つくば市小野崎１７７−２
ＧＡＭＥ ＰＡＤＤＯＣＫ＋１,茨城県古河市小堤１９１６−１
タイトーＦステーションヨークタウン坂東店,茨城県坂東市辺田１１０４番地１
アピナ下館店,茨城県筑西市玉戸１０１２−３
ＧｉＧＯ水戸,茨城県水戸市宮町１−７−４４コムボックス３１０
スタジオプリモ水戸店,茨城県水戸市宮町１−２−４マイム１F
ＧｉＧＯ水戸南,茨城県水戸市千波町２０１７−１
ゲームメガ水戸けやき台店,茨城県水戸市酒門町３２７６−１
ピンクパンサー水戸赤塚店,茨城県水戸市河和田1-1
アミューズビバ,茨城県ひたちなか市東大島２−１１−１１
ＧｉＧＯショッピングセンターチェリオ鹿嶋,茨城県鹿嶋市宮中２９０−１ショッピングセンターチェリオ１階
ＧｉＧＯ神栖,茨城県神栖市神栖１ー８−１
ＧｉＧＯ石岡,茨城県石岡市東大橋中峯１９７６−１
ゲームメガ日立店,茨城県日立市東多賀町５−１０−１０
プレビ日立ショッピングセンター,茨城県日立市幸町１−１６−１日立ショッピングセンター５階
ユーズランド水戸内原店,茨城県水戸市内原２−１イオンモール水戸内原２Ｆ
ＧｉＧＯ日立,茨城県日立市田尻町３−２６−１
シーサイドリゾートアミューズメントパーク,栃木県宇都宮市睦町７−３
ラウンドワン宇都宮店,栃木県宇都宮市江曽島町２０７２−１
INTER PARK+1宇都宮,栃木県宇都宮市インターパーク６−５−１
ｎａｍｃｏ宇都宮店,栃木県宇都宮市簗瀬町１６０６−１　Ｐ＆Ｄビル
ＧｉＧＯ宇都宮,栃木県宇都宮市東宿郷５−１−７
TFSトナリエ宇都宮,栃木県宇都宮市駅前通り１丁目４番６号トナリエ宇都宮
ＧｉＧＯ日光,栃木県日光市芹沼１４４８−１
タイトーＦステーション小山店,栃木県小山市喜沢1475ハーヴェストウォーク内スポーツシネマ棟
アピナ小山店,栃木県小山市駅南町４−２７−１８
ＧｉＧＯ小山,栃木県小山市東城南１−１−１８
ドラマ足利店,栃木県足利市朝倉町244-1
アピナ宇都宮店,栃木県河内郡上三川町磯岡４２１ー１ジョイフル本田宇都宮店２階
ＧｉＧＯ西那須野,栃木県那須塩原市南郷屋２−１０６−２７
群馬レジャーランド高崎駅東口店,群馬県高崎市江木町３３３−１高崎ＥＸビル
タイト—Ｆステーション高崎オ—パ店,群馬県高崎市八島町４６−１　高崎オ—パ７階
ユーズランド高崎店,群馬県高崎市棟高町１４００番地イオンモール高崎２Ｆ
ｎａｍｃｏけやきウォーク前橋,群馬県前橋市文京町２−１−１けやきウォーク前橋2F
マトリクス前橋,群馬県前橋市小相木町５５８−１
群馬レジャーランド伊勢崎店,群馬県伊勢崎市連取町3066-1
ユーズランド太田店,群馬県太田市石原町８１番地イオンモール太田２Ｆ
アピナ太田店,群馬県太田市内ケ島町９０７−１
ＧｉＧＯ太田,群馬県太田市西矢島町５７５−１
群馬レジャーランド太田店,群馬県太田市西矢島町162-2
ＧｉＧＯ館林,群馬県館林市小桑原町９４９−１
群馬レジャーランド藤岡店,群馬県藤岡市中2002-1
ＧｉＧＯＭＥＧＡドン・キホーテ桐生,群馬県桐生市永楽町５−１０ＭＥＧＡドン・キホーテ桐生店３Ｆ
群馬レジャーランド渋川店,群馬県渋川市八木原1364
ラウンドワン前橋店,群馬県前橋市天川大島町１１０１−１
ＧｉＧＯスマーク伊勢崎,群馬県伊勢崎市西小保方町３６８スマーク伊勢崎３Ｆ　３０２区画
アミューズメントクラブ浦和,埼玉県さいたま市浦和区仲町1-10-7
ラウンドワン大宮店,埼玉県さいたま市大宮区宮町４−９０−７
埼玉レジャーランド大宮ラクーン店,埼玉県さいたま市大宮区宮町1-60 RAKUUN５階
埼玉レジャーランド大宮駅東口店,埼玉県さいたま市大宮区宮町1-8　大宮セントラルビルB1F-2F
タイトーステーション 大宮店,埼玉県さいたま市大宮区大門町１−１
タイトーＦステーションダイエー大宮店,埼玉県さいたま市大宮区桜木町２‐３　ダイエー店内７Ｆ
ＧｉＧＯ大宮西口,埼玉県さいたま市大宮区桜木町二丁目３番地２
ウェアハウス三橋店,埼玉県さいたま市西区三橋６−９５５−１
ＧｉＧＯ川口,埼玉県川口市東領家２−２−１０
ゲームシティ川口店,埼玉県川口市栄町1-10-5
シルクハット川口,埼玉県川口市栄町３−１−１６イート川口ビル４Ｆ
ソユーゲームフィールド川口店,埼玉県川口市並木元町１−７９　アリオ川口３Ｆ
ラウンドワンわらび店,埼玉県蕨市北町５−１−６
アドアーズ蕨,埼玉県蕨市塚越1-4-4ラ・セーヌビル2階
ＧｉＧＯイオンモール与野,埼玉県さいたま市中央区本町西５ー２−９イオンモール与野３Ｆ
ウェアハウス岩槻店,埼玉県さいたま市岩槻区加倉３−３−６３
ウェアハウス草加店別館,埼玉県草加市稲荷２−３６−３３
ラウンドワン草加店,埼玉県草加市谷塚上町２０４番１
ゲームファクトリーマグマ草加店,埼玉県草加市氷川町2125-1
ラウンドワンららぽーと新三郷店,埼玉県三郷市新三郷ららシティ3-1-1ららぽーと新三郷2F20000番
ゲームパニック三郷,埼玉県三郷市ピアラシティ1-1-200
ウェアハウス越谷店,埼玉県越谷市南荻島８４１−１
アミューズメントＦＵＮＦＵＮ越谷店,埼玉県越谷市南荻島２７７０−１
ユーズランド越谷店,埼玉県越谷市レイクタウン4-2-2イオンレイクタウンKAZE3F
ＧｉＧＯ南越谷ラクーン,埼玉県越谷市南越谷１丁目１５番１号南越谷ラクーン２Ｆ
埼玉レジャーランド春日部店,埼玉県春日部市大字増富字谷際163-1
ユーズランド春日部店,埼玉県春日部市下柳４２０−１イオンモール春日部２Ｆ
ソユーゲームフィールド菖蒲店,埼玉県久喜市菖蒲町菖蒲６００５番地１　モラージュ菖蒲３Ｆ
プラサカプコン羽生店,埼玉県羽生市川崎２−２８１−３イオンモール羽生２階
ラウンドワンさいたま・栗橋店,埼玉県久喜市小右衛門１９２−１
アピナ川越店,埼玉県川越市泉町１−１　ウニクス南古谷シネマ棟１Ｆ
アミューズランドモナコ川越店,埼玉県川越市新富町2-4-1
タイトーＦステーションクレアモール川越店,埼玉県川越市新富町２−１−１３
ラウンドワン朝霞店,埼玉県朝霞市膝折町２−１６−１０
ＧｉＧＯ入間,埼玉県入間市東藤沢２−１８
ラウンドワン入間店,埼玉県入間市小谷田３−７−２５
ラウンドワン所沢店,埼玉県所沢市東町５丁目２２　６階
ＧｉＧＯ所沢,埼玉県所沢市日吉町８−１
タイトーステーション 所沢店,埼玉県所沢市日吉町３−７
ｎａｍｃｏ熊谷店,埼玉県熊谷市銀座2-97CARPA1階
ＳＯＹＵＧａｍｅＦｅｉｌｄ熊谷,埼玉県熊谷市銀座2-245ﾆｯﾄﾓｰﾙ4F
ＧｉＧＯ籠原,埼玉県熊谷市美土里町１−１−１６９
ラウンドワン上尾店,埼玉県上尾市大字平塚９１７−１
アピナ上尾店,埼玉県上尾市緑丘３−３−１１−２　Ｐ・Ａ・Ｐ・Ａ上尾ＳＣ別棟
ウェアハウス上尾店,埼玉県上尾市二ツ宮１０４４
ラウンドワンさいたま・鴻巣店,埼玉県鴻巣市箕田３１６３−７
ラウンドワンさいたま・上里店,埼玉県児玉郡上里町大字金久保３９４−１
ＧｉＧＯ花園,埼玉県深谷市荒川３５９
ＧｉＧＯ千葉,千葉県千葉市中央区富士見２−４−１
ラッキー中央店・フェリシダ,千葉県千葉市中央区富士見2-8-1
スポーツウェーブ鉄腕24,千葉県千葉市中央区浜野町1025-59
ＧｉＧＯフェスティバルウォーク蘇我,千葉県千葉市中央区川崎町５１−１ハーバーシティ蘇我ＦＷ　１Ｆ
ＧｉＧＯ幕張,千葉県千葉市美浜区ひび野１−８メッセ・アミューズ・モール１Ｆ
ソユーゲームフィールド幕張店,千葉県千葉市花見川区幕張町４−４１７−２５　ＩＹ幕張店２Ｆ
パレパレ稲毛長沼店,千葉県千葉市稲毛区長沼原町731-17フレスポ稲毛Ａ２棟４
スポーツウェーブ鉄腕24稲毛長沼店,千葉県千葉市稲毛区長沼原町697番地
ＧｉＧＯ稲毛オーツーパーク,千葉県千葉市稲毛区園生町３８０−１
ＧａｍｅＦｉｅｌｄ千城台店,千葉県千葉市若葉区千城台北３丁目２１−１イコアス千城台３Ｆ
タイトーＦステーション新松戸店,千葉県松戸市新松戸３−２−２イオンフードスタイル新松戸店４階
ウェアハウス南流山店,千葉県流山市南流山４−１６−６
ＧｉＧＯ我孫子,千葉県我孫子市柴崎字天王谷４７−１
ＧｉＧＯ八柱,千葉県松戸市日暮１−１−１八柱駅第２ビル２Ｆ
ｎａｍｃｏ松戸店,千葉県松戸市松戸１２３０−１ピアザ松戸１Ｆ
ラウンドワン市川鬼高店,千葉県市川市鬼高４−１−３
タイトーＦステーション市川妙典店,千葉県市川市妙典4-1-1　イオン市川妙典店2番街2F
スタジオプリモ本八幡店,千葉県市川市八幡２−１５−１０パティオ５階
タイトーステーション 船橋店,千葉県船橋市本町１−６−１
テクモピア船橋南口店,千葉県船橋市本町１ー７ー６ドリーム船橋ビル３Ｆ
プレビ　ららぽーとＴＯＫＹＯーＢＡＹ店,千葉県船橋市浜町２−１−１ららぽーとTOKYOBAY西館３階
アミューズメントエース津田沼,千葉県船橋市前原西２−１５−１ファシービル
シルクハット津田沼,千葉県習志野市津田沼１−２−１十三ビル地下１階
ゲームランド津田沼店,千葉県習志野市津田沼１−２３−１イオンモール津田沼２Ｆ
ラウンドワン習志野店,千葉県習志野市芝園１−４−５
ラッキーバッティングドーム八千代店,千葉県八千代市大和田新田1088
ＧｉＧＯ柏,千葉県柏市柏１−１−１１丸井デパート内Ｂ１Ｆ
ゲームセンターアルファー,千葉県柏市柏１−１−１１丸井ビルＢ１Ｆ
スーパーウェーブ柏,千葉県柏市十余二２４９−５
ラウンドワンアリオ柏店,千葉県柏市大島田１丁目６番地１セブンパークアリオ柏　１０７０
ＧｉＧＯイオン新浦安ショッピングセンター,千葉県浦安市入船１−４−１イオン新浦安ＳＣ４Ｆ
ラッキー佐倉店,千葉県佐倉市井野1475
ＧｉＧＯそよら成田ニュータウン,千葉県成田市赤坂２丁目１ー１０５Ｆ５１０区画
プラサカプコン成田店,千葉県成田市ウイング土屋２４イオン成田ＳＣ２Ｆ
フリスポ佐原,千葉県香取市佐原イ−４２００
ＧｉＧＯイオンモール銚子,千葉県銚子市三崎町２−２６６０−１イオンモール銚子２Ｆ
千葉レジャーランド成東店,千葉県山武市姫島111-1
ＧｉＧＯ旭,千葉県旭市二字野場３１５０−１
アピナ市原店,千葉県市原市更級４丁目２番１号アクロスプラザ市原更級Ｆ棟１階
ラウンドワン市原店,千葉県市原市八幡北町３−５−１
チャリオット五井店,千葉県市原市五井中央西２−１−２
ゲームランドちはら台店,千葉県市原市ちはら台西３−４ｕｎｉｍｏちはら台２Ｆ
イスカンダル,千葉県木更津市潮見４−１−２
ソユーゲームフィールド木更津店,千葉県木更津市築地１−４イオンモール木更津２F
ＧｉＧＯ秋葉原１号館,東京都千代田区外神田１−１０ー９
東京レジャーランド秋葉原店,東京都千代田区外神田1-9-5
東京レジャーランド秋葉原2号店,東京都千代田区外神田4-3-3ミナミビル6F・7F
ＧｉＧＯ秋葉原３号館１,東京都千代田区外神田１−１１−１１外神田１丁目ビルディング
ゲームパニック秋葉原,東京都千代田区外神田1-13-1　Akihabara ex
東十条ゲームリボン,東京都北区東十条4-4-23
ｎａｍｃｏ王子サンスクエア店,東京都北区王子１−４−１サンスクエア２階
ＧｉＧＯ赤羽,東京都北区赤羽１−７−９赤羽第一葉山ビルＢ１
ＧｉＧＯ赤羽駅前,東京都北区赤羽１−２−４
ウェアハウス保木間店,東京都足立区保木間１−１−１９
ＧｉＧＯ竹の塚,東京都足立区竹の塚６−８−６ピーくんＰｌａｚａ−ｂ
ウェアハウス入谷店,東京都足立区入谷７−８−１１
アドアーズ新小岩,東京都葛飾区新小岩１−４４−４　ＶＯＲＴ新小岩ビル
東京レジャーランド亀有店,東京都葛飾区亀有3-21-2
タイトーＦステーションオリナス錦糸町店,東京都墨田区太平4-1-2オリナスモール地下1F
タイトーステーション錦糸町楽天地店,東京都墨田区江東橋４−２７−１４楽天地ビルＢ１Ｆ
ＧｉＧＯラパーク瑞江,東京都江戸川区瑞江２−１−２ドン・キホーテラパーク瑞江店４Ｆ
ドットコム葛西,東京都江戸川区中葛西３−３５−５
ＧｉＧＯアリオ葛西,東京都江戸川区東葛西９−３−３イトーヨーカドー３Ｆ
ＧｉＧＯ西葛西,東京都江戸川区西葛西５−１−１４第一保志ビル
ＧｉＧＯ船堀,東京都江戸川区船堀１ー６ー１１
ラウンドワンダイバーシティ東京プラザ店,東京都江東区青海1-1-10ダイバーシティ東京プラザ6階61000
ラウンドワン南砂店,東京都江東区南砂６−７−１５トピレックプラザ４Ｆ
SOYU ZAURUS WORLD 大森店　,東京都大田区大森北2-13-1イトーヨーカドー大森店3F
ＧｉＧＯ大森,東京都大田区山王２−１−５大森駅ララビル２Ｆ
シルクハット蒲田西口,東京都大田区西蒲田７−２−３第二醍醐ビル地下１階〜２階
ＧｉＧＯ池上,東京都大田区池上６−２−３松山ビル２Ｆ
タイトーステーション 渋谷店,東京都渋谷区渋谷１−２４−１２渋谷東映プラザ
ＧｉＧＯ渋谷宮益坂,東京都渋谷区渋谷１−１４−１４ＥＳＴ１階・７階
アミューズメントスペースASO：VIBA！,東京都渋谷区恵比寿1-10-5三恵エビスビル2F
ＧｉＧＯ自由が丘,東京都目黒区自由が丘２ー１０ー９
ゲームパニック新宿歌舞伎町,東京都新宿区歌舞伎町1-20-1　ﾋｭｰﾏｯｸｽﾊﾟﾋﾞﾘｵﾝ1階2階
新宿スポーツランド本館,東京都新宿区新宿3-22-12
タイトー新宿南口ゲームワールド店,東京都新宿区新宿３−３５−８
ＧｉＧＯ新宿西口,東京都新宿区西新宿１−１２−５Ｂ１Ｆ・１Ｆ
ＧｉＧＯ神楽坂,東京都新宿区神楽坂２−１１第２カグラヒルズ１Ｆ
ゲームスタジオキューブ高円寺店,東京都杉並区高円寺南4-26-12-B1
アピナ荻窪店,東京都杉並区上荻１−１３−１０ハクサンビル
ＧｉＧＯ高田馬場,東京都新宿区高田馬場４−７−５高田馬場グランド東京
池袋ゲーセンミカドINランブルプラザ,東京都豊島区東池袋１−４２−１９
ラウンドワン池袋店,東京都豊島区東池袋１−１４−１
東京レジャーランド池袋店,東京都豊島区東池袋１−２９−１サントロペ池袋２階３階
GiGO池袋3号館,東京都豊島区東池袋1-1-4池袋北辰ビル
ＧｉＧＯ総本店,東京都豊島区東池袋一丁目１３番６号
タイトーステーション 池袋西口店,東京都豊島区西池袋１−１５−９第一西池ビル
ゲームサファリ大山,東京都板橋区大山東町60-10やすだ大山駅前店2F
ラウンドワン板橋店,東京都板橋区相生町１６−１３
ＧｉＧＯ成増,東京都板橋区成増２ー１７ー２４五曠第６ビル
プラサカプコン吉祥寺店,東京都武蔵野市吉祥寺本町１−１０−１いなりやビル地下１階
ラウンドワン吉祥寺店,東京都武蔵野市吉祥寺本町1-11-22
東京レジャーランド吉祥寺店,東京都武蔵野市吉祥寺本町1-3-7　YSビル地下１階〜4階
アミューズランドモナコ調布駅前店,東京都調布市布田４−２−２２
ラウンドワン府中本町駅前,東京都府中市本町１−１３−３カネタビル
ＧｉＧＯ府中,東京都府中市西原町１−６−２フレスポ府中１Ｆ・２Ｆ
タイトーステーション国分寺店,東京都国分寺市本町３−５−１１
ウェアハウス一橋学園店,東京都小平市学園東町一丁目４番３９号平山ビル３Ｆ
タイトーステーション立川北口店,東京都立川市曙町２−４−５クリサス立川２・３Ｆ
ＷＯＲＬＤ　ＧＡＭＥ　ＣＩＲＣＵＳ,東京都立川市羽衣町２−４−１３羽衣長田ビル１０１ＷＧＣ
ＧｉＧＯ立川,東京都立川市柴崎町３−２−１サザンビル１・２Ｆ
ユーズランド日の出店,東京都西多摩郡日の出町大字平井237-3イオンモール日の出３Ｆ
ドラマ瑞穂店,東京都西多摩郡瑞穂町武蔵382-1
ドラマ八王子高倉店,東京都八王子市高倉町55-4
ゲームプラザセントラル八王子店,東京都八王子市東町12-15第5セントラル
シルクハット八王子,東京都八王子市旭町２−５　八王子ツインタワービル３階
ソユーゲームフィールド南大沢店,東京都八王子市南大沢２－２８－１イトーヨーカドー南大沢店２Ｆ
アピナ八王子みなみ野店,東京都八王子市みなみ野１−２−１アクロスモール３Ｆ
ソユープレイランドソピア八王子店,東京都八王子市狭間町1462-1イトーヨーカドー八王子店3F
タイトーステーション 町田店,東京都町田市原町田６−２１−２３　松山ビル１階
ＧｉＧＯ町田,東京都町田市原町田６−１３ー１７アーバンミサワビルＢ１
ラウンドワン町田店,東京都町田市森野１−１３−１４
ＧｉＧＯ南町田ＧＢＰシアター,東京都町田市鶴間３−４−１ワンダーシアター１階Ｈ１０３区画
ＧｉＧＯ福生,東京都福生市福生１０７６−１
Amusement&Game MAGHREB,東京都多摩市落合１−４１−１マグレブウェスト１階・２階
ＧｉＧＯイオンモールむさし村山,東京都武蔵村山市榎１−１−３−２０５９
ラウンドワン武蔵村山店,東京都武蔵村山市伊奈平３−１−１
シルクハット川崎ダイス,神奈川県川崎市川崎区駅前本町８番地ダイスビル地下２階
ラウンドワン川崎大師店,神奈川県川崎市川崎区殿町１−５−１
プレイランド川崎,神奈川県川崎市川崎区小田栄2-2-1-3F
タイトーステーション溝の口,神奈川県川崎市高津区溝口１−１１−８ＯＫＫＡ６３４ビル３階
イミグランデ溝口店,神奈川県川崎市高津区溝口１−１４−７　第二カスタムビル
ラウンドワン高津店,神奈川県川崎市高津区二子４−８−１
タイトーFステーション向ヶ丘遊園店,神奈川県川崎市多摩区登戸2718-1
ラウンドワン横浜駅西口店,神奈川県横浜市西区南幸２−８−１６
タイトーステーション横浜西口五番街店,神奈川県横浜市西区南幸１−１２ー９
ラウンドワン横浜綱島店,神奈川県横浜市港北区樽町２−６−４０Ｔ-PLATZ内
ＧｉＧＯ綱島,神奈川県横浜市港北区綱島西２−６−２９
イミグランデ日吉店３,神奈川県横浜市港北区日吉2−2−4
ＧｉＧＯセンター南,神奈川県横浜市都筑区茅ヶ崎中央３−２５
ドラマ港北インター店,神奈川県横浜市都筑区東方町321-6
ＧｉＧＯ横浜中華街,神奈川県横浜市中区山下町８０−１
シルクハット伊勢佐木町,神奈川県横浜市中区伊勢佐木町３—９６日活会館３階
ソユーゲームフィールド上大岡店,神奈川県横浜市港南区上大岡西１−１８−３　ミオカリスト館６階
ＧｉＧＯ新杉田,神奈川県横浜市磯子区杉田１−１−１らびすた新杉田２Ｆ
プラサカプコン横須賀店,神奈川県横須賀市若松町2-30モアーズシティ4F
プレイランド大和鶴間,神奈川県大和市下鶴間１−３−１イトーヨーカドー大和鶴間店３Ｆ
ＧｉＧＯ本厚木,神奈川県厚木市中町４−１５−９
シルクハット本厚木,神奈川県厚木市中町３−４−２２第二会田ビル２階
イミグランデ本厚木店,神奈川県厚木市中町３−２−１
神奈川レジャーランド厚木店,神奈川県厚木市戸室5-31-1
タイトーステーション海老名ビナウォーク店,神奈川県海老名市中央１−１８−１　ビナウォーク６番館２Ｆ
ＧｉＧＯ海老名,神奈川県海老名市中央一丁目４番３１号海老名プラザビル１階
シルクハット大船,神奈川県鎌倉市大船１−２４　大船駅前ビル１〜３Ｆ
ＧｉＧＯダイナシティ小田原,神奈川県小田原市中里２９６−１ダイナシティイーストモール３Ｆ
ＳＯＹＵGAME　FIELD湘南店,神奈川県藤沢市辻堂新町4-1-1湘南モールＦＩＬＬ2F
ドラマ藤沢店,神奈川県藤沢市本藤沢5-6-8
テクモピア座間店,神奈川県座間市ひばりが丘４−１１−４８
アピナ橋本店,神奈川県相模原市緑区西橋本５−１−１ラ・フロール駐車場棟１階
プレビ　アリオ橋本店,神奈川県相模原市緑区大山町１−２２アリオ橋本店内２階
ＧｉＧＯ相模原ラクーン,神奈川県相模原市中央区小山１ー１ー１４
ＧｉＧＯ相模原,神奈川県相模原市中央区中央２−１−５
ＧｉＧＯ相模大野,神奈川県相模原市南区相模大野３−１３−２東和ビル２Ｆ・３Ｆ
ＧｉＧＯイト—ヨーカドー古淵,神奈川県相模原市南区古淵３−１３−３３イトーヨーカドー３Ｆ
ラウンドワンららぽーと湘南平塚店,神奈川県平塚市天沼１０−１３階 ３３２８０番
アピナ長岡店,新潟県長岡市堺東町２２
上越レジャーランボウル,新潟県上越市下門前薬島827-2
アピナ上越インター店,新潟県上越市下門前１６６１
タイトーＦステーション上越店,新潟県上越市富岡3524 J-MAXシアター内1F
ＨａｐｉｐｉＬａｎｄ十日町,新潟県十日町市丑７３５−１
ＧｉＧＯ万代シティバスセンタービル,新潟県新潟市中央区万代１丁目６番１号
カプコサーカス新潟東店,新潟県新潟市東区大形本町３−１−２　ジャスコシティ新潟東
ｎａｍｃｏ新潟店,新潟県新潟市中央区南笹口１−１−１　ひもろぎビル２Ｆ
ラウンドワン新潟店,新潟県新潟市中央区美咲町２−１−３８
メジャーロード黒埼,新潟県新潟市西区山田３３０３番地（３３０２番地）
メジャーロード24,新潟県見附市今町4-20-568-1
ＧｉＧＯマリエとやま,富山県富山市桜町１丁目１番６１号マリエとやま４Ｆ
トヤマレジャーランド呉羽店,富山県富山市高木字貝塚2054
キッズサーカス五福店,富山県富山市五福1143-1
アピナ富山新庄店,富山県富山市荒川３−２−１２
アピナ富山豊田店,富山県富山市豊田町２丁目１２−６６
ユーズランド高岡店,富山県高岡市下伏間江３８３イオンモール高岡２Ｆ
ＧｉＧＯイオンモール高岡,富山県高岡市下伏間３８３　イオンモール高岡２Ｆ２００１Ａ区画
ゲームスポットアップル,富山県魚津市吉島二丁目４０７−１
アピナ富山南店,富山県富山市堀川町３５５−３　マイプラザ内
富山レジャーランド掛尾店,富山県富山市掛尾町３６０−１
ＧｉＧＯアルプラザ金沢,石川県金沢市諸江町３０−１
ＧｉＧＯイオンタウン金沢示野,石川県金沢市戸板西２−１
バイパスレジャーランド藤江新館,石川県金沢市藤江南2-105
ラウンドワン金沢店,石川県金沢市横川6-120-1
アピナ野々市店,石川県野々市市白山町４−１イオンタウン野々市店内
バイパスレジャーランド加賀店,石川県加賀市箱宮町ヲ1-1
ＧｉＧＯ福井,福井県福井市丸山１−４１０
フクイレジャーランドワイプラザ店,福井県福井市新保北1-303　ヤスサキワイプラザＢ棟2Ｆ
ＪＯＹＬＡＮＤ敦賀店,福井県敦賀市木崎４０ー１２
ＧｉＧＯ武生,福井県越前市新町３−１３−４
福井レジャーランド板垣店,福井県福井市下馬３−１０２
ゲームパニック甲府,山梨県甲府市国母5-20-24
プラサカプコン甲府店,山梨県中巨摩郡昭和町西条字北河原３７１７
ソユーゲームフィールド長野店,長野県長野市三輪９−４３−２４イオンタウン長野三輪店
アピナ長野大橋店,長野県長野市若里７−９−１２
ラウンドワン長野店,長野県長野市大字東和田８２７番地６
アピナ長野川中島店,長野県長野市川中島町御厨９６７−１
アピナ佐久インター店,長野県佐久市岩村田北１−１３−１
ＧｉＧＯ上田,長野県上田市大字上田１８４７−１
アピナ上田店,長野県上田市秋和３５９−１
アピナ松本店,長野県松本市双葉１９−１０
ＧｉＧＯ岡谷,長野県岡谷市塚間町２−１−２１
アピナ伊那店,長野県伊那市大字西町５０９３
ＧｉＧＯ豊科,長野県安曇野市豊科南穂高１１１５
Ａ．Ｃ．グランド,岐阜県岐阜市茜部大川1-77
岐阜レジャーランド穂積店,岐阜県瑞穂市稲里630番地
ラウンドワンモレラ岐阜店,岐阜県本巣市三橋１１００
ＧｉＧＯマーゴ関,岐阜県関市倉知５１６
ＧｉＧＯアクアウォーク大垣,岐阜県大垣市林町６ー８０ー２１アクアウォーク大垣２Ｆ
大垣メトロポリス,岐阜県大垣市三塚町西沼５２３−１
コミ丸アリババ大垣店,岐阜県大垣市池尻町９４０−１
アピナ各務原店,岐阜県各務原市蘇原花園町２丁目９番地１
ＧｉＧＯ高山,岐阜県高山市上岡本町７−７
オリエンタルバッティング可児店,岐阜県可児市今渡６９５−１
ＭＩＲＡＩＮＯイオンモール土岐店,岐阜県土岐市土岐津町土岐口中山１３７２番１
ゲームファンタジアン長久手店,岐阜県岐阜市柳津町下佐波西3丁目68番地
沼津バッティングスタジアム,静岡県沼津市岡一色１９−２
ＧｉＧＯサントムーン柿田川,静岡県駿東郡清水町玉川６１−２サントムーン柿田川２Ｆ
ラウンドワン富士店,静岡県富士市八代町４−１５
タイトーＦステーションイオン富士宮店,静岡県富士宮市浅間町１−８　イオンモール富士宮３Ｆ
タイトーＦステーション静岡,静岡県静岡市葵区呉服町２−５−４　ふしみや第２ビル
ＧｉＧＯ静岡,静岡県静岡市葵区七間町４番地
アップル新北街道店,静岡県静岡市葵区沓谷5-13-4
ラウンドワン静岡・駿河店,静岡県静岡市駿河区手越７５
アップルグランリバー大井川店,静岡県焼津市下江留１３２７
スーパーウェーブ静岡,静岡県静岡市清水区鳥坂８６０
ＧｉＧＯベイドリーム清水,静岡県静岡市清水区駒越北８−１ベイドリーム清水２Ｆ
アピナ焼津店,静岡県焼津市道原５８５
アップル島田店,静岡県島田市宝来町8-5
タイトーステーション新浜松ザザシティ店,静岡県浜松市中央区鍛冶町１５サザンシティ西館２Ｆ
ポート２４浜松店,静岡県浜松市中央区坪井町4183-1
アピナ浜松店,静岡県浜松市中央区葵西２−２７−１０
楽市楽座サンストリート浜北店,静岡県浜松市浜名区平口２８６１サンストリート浜北
ラウンドワン浜松店,静岡県浜松市中央区天王町諏訪１９８１−１７
ＧｉＧＯ掛川,静岡県掛川市細田２４８
ＧｉＧＯ袋井,静岡県袋井市川井１１４２−１
アピナ磐田店,静岡県磐田市西貝塚横須賀道北3690イオンタウン磐田内
ＧｉＧＯ豊橋飯村,愛知県豊橋市飯村町字西山２５−１２１
ラウンドワン豊橋店,愛知県豊橋市大岩町字岩田２７−２
アピナ豊橋,愛知県豊橋市藤沢町１４１ホリデイ・スクエアＡＭ棟１階
ＭＩＲＡＩＮＯイオンモール豊川店,愛知県豊川市白鳥町兎足１丁目１６　イオンモール豊川３階
ＡＤＸマミー岡崎店,愛知県岡崎市井田新町６−１
ポート２４幸田店,愛知県額田郡幸田町相見沖原1-3
ＧｉＧＯ岡崎,愛知県岡崎市上地３−５０−４
ゲームランド岡崎店,愛知県岡崎市戸崎町字外山３８−５イオンモール岡崎　シネコン棟
安城メトロポリス,愛知県安城市浜富町６−８
ＧｉＧＯ安城,愛知県安城市百石町２−３５−１３
ＧｉＧＯイオンタウン刈谷,愛知県刈谷市東境町京和１
M's PARK刈谷店,愛知県刈谷市稲場町３−２０６
アミューズメントプラザ　マルシン,愛知県刈谷市池田町4-609
コムテックタワー,愛知県名古屋市中村区名駅４−１０−２０
ＧｉＧＯイオンタウン名西,愛知県名古屋市西区香呑町６−４９−１イオンタウン名西２Ｆ
ＧｉＧＯｍｏｚｏワンダーシティ,愛知県名古屋市西区二方町４０番
ｎａｍｃｏ名古屋駅前店,愛知県名古屋市中村区椿町６−６ニッセイ名古屋西ビル別館Ｂ１
ＧｉＧＯマーケットスクエアささしま,愛知県名古屋市中村区平池町４丁目６０番地１４号
ラウンドワン中川１号線店,愛知県名古屋市中川区法蔵町２−２３
ＧｉＧＯ金山,愛知県名古屋市熱田区金山１−１９ー２
名古屋レジャーランド内田橋店,愛知県名古屋市南区内田橋2-26-22
ラウンドワン鳴海店,愛知県名古屋市緑区鳴海町杜若２８
SOYU BREMEN TOWN 鳴海店,愛知県名古屋市緑区鳴海町字伝治山3-9　アピタ鳴海店2F
ゲームパニック大高,愛知県名古屋市緑区忠治山２０１番地
ゲーム キングジョイ,愛知県名古屋市中区栄3-3-32
タイトーステーションフェドラ大須店,愛知県名古屋市中区大須３−３０−３１
ゲームパニック大須,愛知県名古屋市中区大須3-30-93　メガタウンB1F
コムテックスクウェア,愛知県名古屋市中区金山1-16-8
ファンタジープラザ名古屋,愛知県名古屋市北区玄馬町２３４−１ﾄﾞﾝｷﾎｰﾃ名古屋本店２階
ラウンドワン千種店,愛知県名古屋市千種区新栄3-20-17タイホウ千種駅前南ビル8階
ポート２４八事店,愛知県名古屋市昭和区広路町北石坂102番地4
ソユーゲームフィールド赤池店,愛知県日進市赤池町箕ノ手１番プライムツリー赤池３階
ユーズランド東浦店,愛知県知多郡東浦町緒川旭１３−２イオンモール東浦２Ｆ
M's PARK豊田店,愛知県豊田市寿町３−２１、２２
ＧｉＧＯ豊田,愛知県豊田市深田町１−６５−１
ＧｉＧＯギャラリエアピタ知立,愛知県知立市長篠町大山１８−１ギャラリエアピタ１Ｆ
ラウンドワン半田店,愛知県半田市瑞穂町６−７−８
半田メトロポリス,愛知県半田市旭町３−１１−１
アミューズメントプラザワイド,愛知県東海市名和町二番割上16-2
ラウンドワン名古屋西春店,愛知県北名古屋市宇福寺神明１５
アミューズメントワールドメトロポリス小牧,愛知県小牧市村中新町３３
ＧｉＧＯ春日井,愛知県春日井市岩野町４１８０
ラウンドワンイーアス春日井店,愛知県春日井市六軒屋町東丘２２テナント区画番号３０１０
オークランドボウル春日井,愛知県春日井市鳥居松町３−１１　１階ゲームコーナー
ＡＤＸマミー出川店,愛知県春日井市不二ヶ丘１丁目５番地
ＧｉＧＯ東名ボール,愛知県瀬戸市西原町２−１１４
ゲーム　アルカナ,愛知県稲沢市朝府町２−３３
ＧｉＧＯイオンモール木曽川,愛知県一宮市木曽川町黒田八ヶ池２５−１イオンモール木曽川３Ｆ
ＧｉＧＯ尾西,愛知県一宮市篭屋３−９−７アソビックスびさい１Ｆ
タイトーＦステーション弥富店,愛知県弥富市五明町蒲原１３７１‐４
ゲームファンタジアン岡崎店,愛知県岡崎市錦町2番地4
ゲームファンタジアン柳津店,愛知県長久手市武蔵塚705
アミューズメントスペースコミ丸四日市店,三重県四日市市鵜の森1-3-19
プレビ　トナリエ四日市,三重県四日市市安島１−３−３１トナリエ５階
アピナ四日市店,三重県四日市市泊小柳町４−３４
アソビックスゲームワールド,三重県三重郡朝日町小向181
ラウンドワンみえ川越インターチェンジ店,三重県三重郡川越町南福崎８５１−１
ＧｉＧＯ生桑,三重県四日市市生桑町字川原崎２９９−１
ラウンドワン津・高茶屋店,三重県津市高茶屋小森町２７７−８
ＧｉＧＯ久居,三重県津市久居明神町字風早２５３４−１
ＧｉＧＯアドバンスモール松阪,三重県松阪市田村町２３５−１
ＧｉＧＯ伊勢,三重県伊勢市中須町６６６
ＧｉＧＯ名張,三重県名張市希央台３番地１５
ラウンドワン浜大津アーカス店,滋賀県大津市浜町２−１浜大津アーカス内
エースレーン堅田,滋賀県大津市今堅田２−４０−１０
滋賀レジャーランド大津店,滋賀県大津市におの浜３−１−４３　イオンタウンアヤハプラザ内
ＧｉＧＯ甲西,滋賀県湖南市夏見字二ツ橋３５６−１
ｎａｍｃｏビバシティ彦根店,滋賀県彦根市竹ケ鼻町４３−１ビバシティ彦根２Ｆ
エースレーン近江八幡店,滋賀県近江八幡市出町７３６アクトビル１Ｆ
エースレーン守山,滋賀県守山市播磨田町２３１−４ＡＣＴ守山３番館内
ＧＡＭＥ　ＦＩＥＬＤ守山店,滋賀県守山市今浜町２６２０−５ピエリ守山1Ｆ
ＧｉＧＯエイスクエア草津,滋賀県草津市西渋川１−２３−２３エイスクエアＳＡＲＡ南館２階
ACT草津ACTION,滋賀県草津市野路町1161-1
エースレーン愛知川,滋賀県愛知郡愛荘町長野２００
パルケ上賀茂店,京都府京都市北区上賀茂西河原１−１
ラウンドワン京都河原町店,京都府京都市中京区河原町通三条下ル山崎町２５０
ＧｉＧＯＭＯＭＯテラス京都伏見,京都府京都市伏見区桃山町山ノ下３２京都ＳＣビルＡＭ棟２Ｆ
ラウンドワン京都伏見店,京都府京都市伏見区下鳥羽平塚町１３１
あそＶＩＶＡゲームセンター,京都府福知山市字堀小字上高田２１４６−１
ＧｉＧＯ大阪第４ビル,大阪府大阪市北区梅田１−１１−４駅前第４ビルＢ１Ｆ
ｎａｍｃｏ梅田店,大阪府大阪市北区小松原町３−３ＯＳビル２Ｆ
ラウンドワン梅田店,大阪府大阪市北区小松原町４−１６
ＧｉＧＯ東梅田,大阪府大阪市北区堂山町９−２８
ラウンドワン東淀川店,大阪府大阪市東淀川区菅原７−１４−２８
ＧｉＧＯ今福,大阪府大阪市城東区今福東１−９−３４
ラウンドワン城東放出店,大阪府大阪市城東区今福南3-4-38
ＧｉＧＯ大阪道頓堀本店,大阪府中央区道頓堀１丁目８番２２号道頓堀ゼロゲート１階・２
タイトーステーション 難波店,大阪府大阪市中央区難波千日前１５−１２
ラウンドワン千日前店,大阪府大阪市中央区難波１−３−１
ＧｉＧＯあべのアポロ３階,大阪府大阪市阿倍野区阿倍野筋１−５−３１アポロビル３Ｆ
Ｇ−ｐａｌａあべの,大阪府大阪市阿倍野区阿倍野筋３−１０−１あべのベルタ２Ｆ
タイトーステーション大阪日本橋店,大阪府大阪市浪速区日本橋４−９−１４
ＧｉＧＯ難波アビオン,大阪府大阪市浪速区難波中２−３−１５　ＭＭＯビルＢ１Ｆ〜３Ｆ
ＧｉＧＯ新三国アルゴ７,大阪府豊中市神州町１−１５
ラウンドワン豊中店,大阪府豊中市名神口１−１−１
関大前フタバボウル,大阪府吹田市千里山東１−７−１８
あそＶＩＶＡ阪急茨木店,大阪府茨木市永代町６−２スポーツプラザ茨木２Ｆ
ラウンドワン高槻店,大阪府高槻市辻子３−６−４
ラウンドワン守口店,大阪府守口市佐太東町２−６−１４ジャガーグリーン２Ｆ
ＹＡＺ寝屋川店,大阪府寝屋川市石津中町25-26
モンキートリック,大阪府寝屋川市香里南之町32-5　YNレジデンス香里2F
ＧｉＧＯビバモール寝屋川,大阪府寝屋川市寝屋南２−２２−２ビバモール寝屋川モール棟２Ｆ
ラウンドワン枚方店,大阪府枚方市高野道１−２０−２０
ＧｉＧＯ枚方,大阪府枚方市須山町８３−１サンシャインプラザ枚方内
アミパラ大東店,大阪府大東市南新田２丁目３番５号
ＧｉＧＯフレスポ東大阪,大阪府東大阪市稲田新町３−９−６４
ＧｉＧＯ布施,大阪府東大阪市長堂１−１−１ロンモール布施内
ラウンドワン東大阪店,大阪府東大阪市若江南町１−２−１２
トップラン東大阪店,大阪府東大阪市東鴻池町１−６−３０イオンタウン東大阪店２Ｆ
ゲームフェイス八尾店,大阪府八尾市天王寺屋2-68
ソユーゲームフィールド泉南店,大阪府泉南市りんくう南浜３番１２イオンモールりんくう泉南２Ｆ
ゲームパニック堺,大阪府堺市堺区築港八幡町1番地堺浜ｼｰｻｲﾄﾞｽﾃｰｼﾞ内堺浜ｴﾝﾀﾒ館
SOYU GAME FIELD堺鉄砲町店,大阪府堺市堺区鉄砲町1番地イオンモール堺鉄砲町3F
ラウンドワン堺駅前店,大阪府堺市堺区戎島町4-44-3
ＧｉＧＯ和泉,大阪府和泉市肥子町２−４−４１
アミパラ光明池店,大阪府和泉市室堂町８２４−３６
ラウンドワンららぽーと和泉店,大阪府和泉市あゆみ野４−４−７　４階　４２１００番
フタバボウル泉大津店,大阪府泉大津市松之浜町１−２−５３
ラウンドワン岸和田店,大阪府岸和田市八阪町２−１１−１
ラウンドワン堺中央環状店,大阪府堺市東区石原町２−２４１
ＧｉＧＯ三宮北口,兵庫県神戸市中央区北長狭通一丁目８番１号
タイトーＦステーション三宮西館店,兵庫県神戸市中央区三宮町２丁目１１−１センタープラザ西館
ＧｉＧＯ神戸ｕｍｉｅサウスモール,兵庫県神戸市中央区東川崎町１ー７−２ダイヤニッセイビル４Ｆ
ラウンドワン三宮駅前店,兵庫県神戸市中央区小野柄通6-1-17
遊スペース マジカル,兵庫県神戸市中央区琴ノ緒町５−２−３
トップラン,兵庫県神戸市西区岩岡町古郷1474-1
ＧｉＧＯイオン淡路,兵庫県淡路市志筑新島１０ー２
ＧｉＧＯフェニックスプラザ摩耶,兵庫県神戸市灘区味泥町６−１フェニックスプラザ１Ｆ
ＧｉＧＯつかしん,兵庫県尼崎市塚口本町４−８−１つかしん内
ラウンドワンＪＲ尼崎駅前店,兵庫県尼崎市潮江１−４−５プラストいきいき館４階
プレイステーションネーブル西宮店,兵庫県西宮市両度町6-10
ＧｉＧＯコロワ甲子園,兵庫県西宮市甲子園高潮町３−３Ｃｒｏｗａ甲子園３Ｆ
ラウンドワン伊丹店,兵庫県伊丹市昆陽７丁目２９
ｎａｍｃｏ豊岡店,兵庫県豊岡市中陰字大工６１７３階
ハローズガーデン新三田店,兵庫県三田市けやき台１−６−４三田ウッディタウンサティ２番街
アピナ姫路店,兵庫県姫路市東郷町１４５４−３姫路リオス２階
ＧｉＧＯ姫路駅前,兵庫県姫路市駅前町２５４姫路ＯＳビルＢ１Ｆ
ゲームアイビス太子店,兵庫県揖保郡太子町太田2149
ラウンドワン姫路飾磨店,兵庫県姫路市飾磨区中島１−２５４
タイトーＦステーションアスピア明石店,兵庫県明石市東仲ノ町６‐１　アスピア明石店南館３階
ＧｉＧＯ明石,兵庫県明石市魚住町清水２４６４−１
ラウンドワン加古川店,兵庫県加古川市尾上町安田325番6号
アミパラ加古川店,兵庫県加古川市尾上町今福７１−２
ラウンドワン奈良・ミナーラ店,奈良県奈良市二条大路南１−３−１ミ・ナーラ５階
アミューズメントＣＵＥ奈良三条店,奈良県奈良市三条町478-1
アミパラ橿原店,奈良県橿原市十市町1222-1ツインゲート橿原１F
SOYUGameField奈良橿原店,奈良県橿原市曲川町7-20-1　イオンモール橿原3F
ピタゴラス和歌山,和歌山県和歌山市土入７３−１
ユーズランド和歌山店,和歌山県和歌山ふじと台２３番地イオンモール和歌山２Ｆ
ラウンドワン和歌山店,和歌山県和歌山市小雑賀７３９−３
ＧｉＧＯ鳥取,鳥取県鳥取市安長４１６
アミパラがいな店,鳥取県米子市日ノ出町１−８−１３
アピナ米子店,鳥取県米子市米原二丁目１３２０番地１メガドン・キホーテ３階
ＧｉＧＯ米子,鳥取県米子市両三柳２７７８−２
ＧｉＧＯ松江,島根県松江市嫁島町１２−１５
ジーパラ出雲,島根県出雲市渡橋町７８４−１
アミパラテクノランド店,岡山県岡山市北区大和町１−７−１２
ＧｉＧＯイオンモール岡山,岡山県岡山市北区下石井１−２−１イオンモール岡山６Ｆ
アミパラ岡山店,岡山県岡山市北区青江１丁目１３−８
ラウンドワン岡山妹尾店,岡山県岡山市南区妹尾３４１３−１
ＧｉＧＯ岡山藤崎,岡山県岡山市中区藤崎５９９−１２
ユーズランド倉敷店,岡山県倉敷市水江１番地イオンモール倉敷２Ｆ
ＧｉＧＯ倉敷,岡山県倉敷市西中新田５３５−２
アミパラ倉敷店,岡山県倉敷市西中新田624-1アミパラボウル1F
あみぱらんど福山店,広島県福山市三吉町南２−８−２４
ＧｉＧＯ福山,広島県福山市瀬戸町大字山北３００
ラウンドワン福山店,広島県福山市明神町１−９−２８
ＧｉＧＯ尾道,広島県尾道市新浜１−２−１３
タイトーステーション広島紙屋町店,広島県広島市中区紙屋町２−２−２１
ラウンドワン広島店,広島県広島市中区立町３−１１
ＧｉＧＯ広島本通,広島県広島市中区本通９−３０ランドマークビル１Ｆ
ＧｉＧＯ中筋,広島県広島市安佐南区中筋４−１１−７
アミパラ広島店,広島県広島市西区西観音町3-17
ＧｉＧＯＬＥＣＴ広島,広島県広島市西区扇町２−１−４５ＬＥＣＴ２Ｆ
ＧｉＧＯ海田,広島県安芸郡海田町南大正町３−３５
ＧｉＧＯ広,広島県呉市広中町１−９
スペースV1廿日市店,広島県廿日市市本町４−２３
ブラックジャック東広島店,広島県東広島市西条町御薗宇６１２０
アミパラここじゃ店,広島県東広島市西条町下見６−１０−１９
ＳＰＥＥＤ,山口県周南市大字久米３２１９
ネオブラボー,山口県防府市高倉１−３−３０
ソユーファミリーゲームフィールド防府店,山口県防府市鐘紡町７−１イオンタウン防府1F
タイトーＦステーション山口メルクス店,山口県山口市大字黒川８２−１ハイパーモールメルクス内
ＧｉＧＯイオンタウン小郡,山口県山口市小郡前田町３−６イオンタウン小郡内
フレスパランドカッタの湯,山口県宇部市海南町1675
アレックス,山口県宇部市西宇部南３−５−５３
アミューズメントパフェパレパレ田宮店,徳島県徳島市南田宮２−２−４６
ＧｉＧＯスエヒロボウル徳島,徳島県徳島市南末広町４−９５−２
ラウンドワン徳島・万代店,徳島県徳島市万代町４−１９−１
ラウンドワン高松店,香川県高松市松島町２−７−４３
えの木　高松店,香川県高松市藤塚町３丁目３−３
ＧｉＧＯイオンモール高松,香川県高松市香西本町1-1 イオンモール高松2F　227-2
ＧｉＧＯ高松,香川県高松市勅使町５３５
ＧｉＧＯ丸亀,香川県丸亀市蓬莱町５６−１
アミパラ丸亀店,香川県丸亀市飯野町西分字川縁甲５８４−１　ハローズ棟内
マックスプラザ善通寺,香川県善通寺市中村町１７９８−２
アミューズメントパークＭＧキスケ,愛媛県松山市宮田町４　キスケボックス内１階
ＧｉＧＯ松山,愛媛県松山市枝松５−７−３２
ソユーフォレストハンター松前店,愛媛県伊予郡松前町筒井８５０ＡＭ棟１階
ラウンドワン松山店,愛媛県松山市東長戸１−３−１０
プラサカプコン新居浜店,愛媛県新居浜市前田町８−８イオンモール新居浜２Ｆ
ＧｉＧＯそよら今治馬越,愛媛県今治市馬越町４ー８ー１
ｎａｍｃｏフジグラン北宇和島店,愛媛県宇和島市伊吹町甲９１２番地２フジグラン北宇和島店別棟
ラウンドワン高知店,高知県高知市南宝永町４−１２
ＧｉＧＯフジグラン高知,高知県高知市朝倉東町５２−１５フジグラン高知３Ｆ
アミパラ高知店,高知県南国市篠原１９４−１
Ｇ−ｐａｌａ小倉,福岡県北九州市小倉南区上葛原1−14−1
Ｇ−ＳＴＡＧＥ小倉,福岡県北九州市小倉北区浅野2-14-5あるあるCITY2階
ペップ魚町,福岡県北九州市小倉北区魚町２−４−２０
ハイパーメッセ,福岡県北九州市小倉南区北方４−６−７
ラウンドワン小倉店,福岡県北九州市小倉北区西港町15-65
小倉メトロポリス,福岡県北九州市小倉北区西港町２７−５
楽市楽座黒崎店,福岡県北九州市八幡西区桜ヶ丘町１−３フレスポ黒崎２階
ＧｉＧＯ中間,福岡県中間市上蓮花寺３−１−１
タイトーステーション福岡天神店,福岡県福岡市中央区天神２−６−３５サザンクロスビル
ラウンドワン福岡天神店,福岡県福岡市中央区天神２−６−１２
ＧｉＧＯ福岡天神,福岡県福岡市中央区天神２−７−６ＤＡＤＡビル
ＧｉＧＯミーナ天神,福岡県福岡市中央区天神４丁目３番８号　ミーナ天神７階　７０
アソビクル新宮店,福岡県糟屋郡新宮町三代９９９番地１
最後の５ドル,福岡県糟屋郡粕屋町大字仲原2706仲原ファミリープラザ2F
ｎａｍｃｏ博多バスターミナル店,福岡県福岡市博多区博多駅中央街２−１博多バスターミナル７階
楽市街道箱崎店,福岡県福岡市東区箱崎５丁目１番８号
ラウンドワン博多半道橋店,福岡県福岡市博多区半道橋２−２−８
Ｇ−ＳＴＡＧＥ七隈店,福岡県福岡市城南区七隈８−４−８
ラウンドワン大野城店,福岡県大野城市御笠川１−１８−１６
楽市楽座イオンモール福岡伊都店,福岡県福岡市西区北原1-3-1イオンモール福岡伊都SC別館
ＧｉＧＯゆめタウン飯塚,福岡県飯塚市菰田西３丁目６番１号
Ｇ−ＳＴＡＧＥ飯塚店,福岡県飯塚市枝国６８０−２
遊道楽新合川店,福岡県久留米市新合川1丁目6-7
遊道楽嘉瀬店,佐賀県佐賀市嘉瀬町中原２４８８−１
ＧｉＧＯ武雄,佐賀県武雄市武雄町富岡１２５１７−１
ラウンドワン佐賀店,佐賀県佐賀市兵庫北４−２−１
G-stage浜町,長崎県長崎市浜町2-26
Ｇ−ｐａｌａ時津,長崎県西彼杵郡時津町野田郷５９号
ＧｉＧＯみらい長崎ココウォーク,長崎県長崎市茂里町１−５５みらい長崎ココウォーク５Ｆ
ＧｉＧＯ諫早,長崎県諫早市小川町９０−１
ＧｉＧＯサンスパおおむら,長崎県大村市森園町６６３−３
ラウンドワン熊本店,熊本県熊本市西区春日7-25-15
ｎａｍｃｏワンダーシティ南熊本店,熊本県熊本市中央区九品寺６−９−１
スポラ九品寺,熊本県熊本市中央区九品寺5丁目10-15
スポラ菊陽,熊本県菊池郡菊陽町津久礼駄飼代２６１７−２
タイトーＦステーションセントポルタ大分店,大分県大分市中央町２−１−１
トライセン萩原,大分県大分市萩原４−２２７−７
ラウンドワン大分店,大分県大分市萩原２−１３−１７
ＧｉＧＯ高城,大分県大分市牧１−１６１−８
トライセン中津店,大分県中津市下池永６７−３
ＧｉＧＯ別府,大分県別府市餅ヶ浜町１６１−２
Ｇ−ｐａｌａ日田,大分県日田市友田997-1
ＧｉＧＯアミュプラザみやざき,宮崎県宮崎市老松２丁目２番２２号アミュプラザみやざき　うみ館
ラウンドワン宮崎店,宮崎県宮崎市中村東３−４−６０
ＧｉＧＯ延岡,宮崎県延岡市平原町５−１４９２−８
ラウンドワン鹿児島宇宿店,鹿児島県鹿児島市宇宿2-2-2
ゲームセンター電撃ベイサイド,鹿児島県鹿児島市浜町2-2
タイトーＦステーションニシムタ出水店,鹿児島県出水市六月田町３４７番地
ラウンドワン沖縄・南風原店,沖縄県島尻郡南風原町字兼城５５２番地
ラウンドワン沖縄・宜野湾店,沖縄県宜野湾市真志喜３−２８−８
楽市楽座イオンモール沖縄ライカム店,沖縄県中頭郡北中城村字沖縄ﾗｲｶﾑ1ｲｵﾝﾓｰﾙ沖縄ﾗｲｶﾑ4階
ＧｉＧＯ北谷,沖縄県中頭郡北谷町美浜９−８