mise,basyo							2018年03月06日2018年3月7日(水) ～ 4月8日(日)に開催されるスペシャルグッズキャンペーンの参加店舗一覧
キャッツアイ新川店,北海道札幌市北区新川二条7丁目1-7
ラウンドワン札幌白石本通店,北海道札幌市白石区本通１６丁目北１－５０
キャッツアイ新札幌店,北海道札幌市厚別区厚別東五条1-1-10
キャッツアイ清田店,北海道札幌市清田区清田１－１－２０－１
キャッツアイ手稲店,北海道札幌市手稲区前田３条１０丁目２－２１
キャッツアイ東苗穂店,北海道札幌市東区東苗穂6条2丁目1-25
ＢＩＧＢＡＮＧ函館,北海道函館市梁川町９－３テキサスビル３Ｆ
ラウンドワン函館店,北海道函館市西桔梗町８４８－１１
ＢＩＧＢＡＮＧ室蘭,北海道室蘭市中島本町２－８－１
ディノスパーク室蘭,北海道室蘭市東町4丁目31番3号 1階
ディノスパーク苫小牧,北海道苫小牧市柳町3丁目1番20号 ｲｵﾝﾓｰﾙ苫小牧 2階
namco札幌エスタ店,北海道札幌市中央区北5条西2-1-1札幌エスタ9F
ディノスパーク札幌中央,北海道札幌市中央区南3条西1丁目8番地ｽｶﾞｲﾋﾞﾙ1,2地下1階
タイトーステーション 札幌狸小路２丁目店,北海道札幌市中央区南３条西２丁目－１４
ディノスパークノルベサ,北海道札幌市中央区南3条西5丁目1番地1号NORBESA 5階
アドアーズ狸小路,北海道札幌市中央区南三条西４－１２－１アルシュビル５・６Ｆ
マキシム・ヒーロー,北海道札幌市北区北六条西6丁目1-2
キャッツアイ恵庭店,北海道恵庭市住吉町２丁目９－１
ラウンドワン札幌すすきの店,北海道札幌市中央区南五条西3-6-1
ラウンドワン札幌北２１条店,北海道札幌市東区北二十一条東１－１－２１
アミューズメントスペース遊ランド春光店,北海道旭川市春光1条7丁目2-25
ＢＩＧＢＡＮＧ滝川,北海道滝川市東町１－８－１４
アミューズメントスペース遊ランド旭川,北海道旭川市西御料５条２丁目
ラウンドワン旭川店,北海道旭川市永山三条１－４－７
ディノスパーク帯広,北海道帯広市白樺16条西2丁目 ﾄﾞﾘｰﾑﾀｳﾝ白樺 1階
ディノスパーク音更,北海道河東郡音更町木野大通西15丁目2番地12ﾋﾞｯｸﾞﾏｰﾄB棟
ＢＩＧＢＡＮＧ釧路,北海道釧路郡釧路町木場２－１
ＢＩＧＢＡＮＧ北見店,北海道北見市中央三輪7丁目４４６－１
ディノスパーク北見店,北海道北見市西三輪5丁目1番地16号
（株）光速憧路,北海道稚内市港5-8-15
ラウンドワン青森店,青森県青森市浜田３－１－１
セガワールド八戸Ｒ４５,青森県八戸市城下4-25-14
ゲームフェスタミタマ店,青森県弘前市駅前町5-5
セガ弘前,青森県弘前市末広1-3-3
ソユースペースファンタジーインフィニ,青森県弘前市城東北３－１０－１さくらの弘前店４Ｆ
青森メトロポリス,青森県青森市三好1-15-8
ユーズランド下田店,青森県上北郡おいらせ町中野平４０－１イオンモール下田１Ｆ
ゲームヴィクト盛岡,岩手県盛岡市大通２－６－１１　日興産業ビル地下１階
サンシャイン,岩手県盛岡市大通2-7-21ソレントビル1F
ラウンドワン盛岡店,岩手県盛岡市盛岡駅西通２－１０－３５
タイトーステーション 盛岡マッハランド店,岩手県盛岡市上堂１－２－３８マッハランド内
みらい夢津志田店,岩手県盛岡市津志田南３－１５－４５
ＢＩＮＧＯ一関,岩手県一関市山目字中野９２－１
セガ水沢,岩手県奥州市水沢区佐倉河字鎧田4-1
Ｇ３ポロスイオンタウン北上店,岩手県北上市里分四地割２０番地１
タイトーステーション 仙台名掛丁店,宮城県仙台市青葉区中央１－７－１３
タイトーステーション 仙台クリスロード店,宮城県仙台市青葉区中央２－３－２５
プレイランドエフワンＲ,宮城県仙台市青葉区中央２－６－６タベイビルＢ１Ｆ
仙台レジャーランド一番町店,宮城県仙台市青葉区一番町4-3-27ガリレア一番町ビル1Ｆ～3Ｆ
スーパーノバ仙台利府,宮城県宮城郡利府町加瀬字新前谷地５５－１
セガ名取セッツウイングス,宮城県名取市飯野坂字土城堀57-1
ビーカム松森店,宮城県仙台市泉区松森字斎兵衛５８－１
ＧＡＭＥＢＡＮＫ泉店,宮城県仙台市泉区大沢２－５－４
セガ仙台コロナワールド,宮城県仙台市宮城野区福室字田中前1番53-1
ラウンドワン仙台苦竹店,宮城県仙台市宮城野区苦竹１－７－１０
THE 3RD PLANET BiVi仙台店,宮城県仙台市宮城野区榴岡2-1-25
ゲームコーナー東部,宮城県仙台市若林区六丁の目中町26-60 斎喜東部ビル2F
セガワールド石巻,宮城県石巻市大街道東4-1-45
セガワールド佐沼,宮城県登米市迫町佐沼字中江2-5-8
セガワールド古川,宮城県大崎市古川城西15
ＰＡＬＯ古川,宮城県大崎市古川沢田筒場浦１５　イオン古川１階
ラウンドワン秋田店,秋田県秋田市卸町１－１－２
セガ秋田,秋田県秋田市茨島1-1-16
カレッジスクエア,山形県山形市小白川町１－１－７
セガワールド北山形,山形県山形市北町1-3-20
ビーカム成沢店,山形県山形市成沢西５－３－２７
ゲームゾーントレジャー吉原店,山形県山形市前明石１３５２－５ゲームプラザＢＥ・ＩＮ２内１F
セガ米沢,山形県米沢市大字花沢字タナコ原177
スーパーノバ天童,山形県天童市南町1-5-26
トレジャー新庄店,山形県新庄市金沢沖１０６８
アピナ鶴岡店,山形県鶴岡市文下字広野１－１
ＡＧスクエア庄内店,山形県東田川郡三川町猪字大堰端326番地6
セガワールド福島,福島県福島市本内中井1-2
ラウンドワン福島店,福島県福島市太田町14-18
スーパーノバ福島,福島県福島市黒岩字中島7-2
セガワールド白河,福島県白河市新高山1-1 メガステージ白河内
ＳＯＹＵ　Ｅ－ＳＴＵＤＩＯ須賀川店,福島県須賀川市古河１０５イオンタウン須賀川Ｂ棟内
タイトーアミューズメントシティ郡山,福島県郡山市南2-38　フレスポ郡山店
セガ日和田,福島県郡山市日和田町字西中島7-1
ラウンドワン郡山店,福島県郡山市向河原町４－５５
ｎａｍｃｏイオンタウン郡山店,福島県郡山市松木町２－８８イオンタウン郡山内
スーパーノバ会津インター,福島県会津若松市町北町上荒久田字宮下１４２
セガ小名浜,福島県いわき市小名浜林城字塚前18-1
G3ポロス原町店,福島県南相馬市原町区北原本屋敷188
セガワールド勿来,福島県いわき市勿来町四沢字鍵田13
プラサカプコン土浦店,茨城県土浦市真鍋2-1-29
セガ霞ヶ浦,茨城県稲敷市西代1473-1
ゲームパニックつくば,茨城県土浦市中村東1-1-1サンタスワールド内
ピンクパンサーつくばみらい店,茨城県つくばみらい市陽光台1-14-1
セガワールド龍ヶ崎,茨城県龍ケ崎市藤ケ丘4-2-8
ピンクパンサー下妻店,茨城県下妻市小島884-10
ピンクパンサーつくば店,茨城県つくば市小野崎177-2
ＧＡＭＥ ＰＡＤＤＯＣＫ＋１,茨城県古河市小堤１９１６－１
ピンクパンサー結城店,茨城県結城市結城10520-1
アピナ下館店,茨城県筑西市玉戸１０１２－３
ピンクパンサー友部店,茨城県笠間市住吉1364-1
セガ水戸,茨城県水戸市宮町1-7-44コムボックス310
ピンクパンサー水戸けやき台店,茨城県水戸市酒門町3276-1
ピンクパンサー那珂店,茨城県那珂市菅谷1593-8
ピンクパンサー水戸赤塚店,茨城県水戸市河和田1-1
アミューズビバ,茨城県ひたちなか市東大島２－１１－１１
宝島鹿嶋店,茨城県鹿嶋市宮中290-1ショッピングセンターチェリオ1F
ジャムジャム神栖店,茨城県神栖市神栖1-8-1
ＡＧスクエア石岡,茨城県石岡市東大橋中峯1976-1
ピンクパンサー日立店,茨城県日立市東多賀町5-10-10
ユーズランド水戸内原店,茨城県水戸市内原２－１イオンモール水戸内原２Ｆ
セガワールド日立,茨城県日立市田尻町3-26-1
スタジオプリモ宇都宮店,栃木県宇都宮市曲師町2-8宇都宮フェスタ1F
シーサイドリゾートアミューズメントパーク,栃木県宇都宮市睦町７－３
ラウンドワン宇都宮店,栃木県宇都宮市江曽島町２０７２－１
INTER PARK+1宇都宮,栃木県宇都宮市インターパーク６－５－１
ゲーム＆ビリヤード　遊ｉｎｇ,栃木県宇都宮市石井町下平出境2707-4
ナムコプラボ宇都宮店,栃木県宇都宮市簗瀬町１６０６－１　Ｐ＆Ｄビル
セガワールド宇都宮,栃木県宇都宮市東宿郷5-1-7
セガ今市,栃木県日光市芹沼1448-1
タイトーＦステーションおやまゆうえん,栃木県小山市喜沢１４７５－５２
アピナ小山店,栃木県小山市駅南町４－２７－１８
セガワールド小山,栃木県小山市東城南1-1-18
ドラマ足利店,栃木県足利市朝倉町244-1
namcoフェドラP&D佐野店,栃木県佐野市高萩町１３４０
ラウンドワン栃木・樋ノ口店,栃木県栃木市樋ノ口町５５－１
セガ西那須野,栃木県那須塩原市南郷屋2-106-27
オオタワラスポーツランド,栃木県那須塩原市一区町１０４－６０
群馬レジャーランド高崎駅東口店,群馬県高崎市江木町３３３－１高崎ＥＸビル２Ｆ
THE 3RD PLANET 高崎店,群馬県高崎市下和田町5-3-8 メディアメガ高崎内
ユーズランド高崎店,群馬県高崎市棟高町１４００番地イオンモール高崎２Ｆ
ゲームパークＭ１,群馬県前橋市国領町２－１３－６
ゲームシティボストン,群馬県前橋市大友町3-7-3
インターワールド伊勢崎店,群馬県伊勢崎市宮子町3425-4
群馬レジャーランド伊勢崎店,群馬県伊勢崎市連取町3066-1
ユーズランド太田店,群馬県太田市石原町８１番地イオンモール太田２Ｆ
アピナ太田店,群馬県太田市内ケ島町９０７－１
群馬レジャーランド太田店,群馬県太田市西矢島町162-2
セガワールド太田,群馬県太田市西矢島町575-1
セガワールド館林,群馬県館林市小桑原大道西949-1
関東スポーツセンター,群馬県館林市近藤８４０
群馬レジャーランド藤岡店,群馬県藤岡市中2002-1
群馬レジャーランド渋川店,群馬県渋川市八木原1364
セガワールド沼田,群馬県沼田市下久屋町1100-1
インターワールド沼田,群馬県沼田市薄根町3700-1
ラウンドワン前橋店,群馬県前橋市天川大島町１１０１－１
ラウンドワン大宮店,埼玉県さいたま市大宮区宮町４－９０－７
キャロム大宮店,埼玉県さいたま市大宮区仲町１－１７－１大東ビル
Ｓｐｉｃａ大宮南銀店,埼玉県さいたま市大宮区仲町1-57
タイトーステーション 大宮店,埼玉県さいたま市大宮区大門町１－１
ウェアハウス三橋店,埼玉県さいたま市西区三橋６－９５５－１
セガ川口,埼玉県川口市東領家2-2-10
ゲームシティ川口店,埼玉県川口市栄町1-10-5
ＡＭ ＰＩＡ 川口,埼玉県川口市栄町３－１－１６イート川口ビル４Ｆ
ＨＯＵＳＴＯＮ西川口店,埼玉県川口市西川口1-6-3西川口ビル1F
ギガステーション戸田店,埼玉県戸田市大字美女木943-7
インターワールド戸田店,埼玉県戸田市笹目３－２１－９
ベネクス浦和店,埼玉県さいたま市南区辻7-2-8
ウェアハウス草加店別館,埼玉県草加市稲荷２－３６－３３
ラウンドワン草加店,埼玉県草加市谷塚上町２０４番１
スクウェアワン幸手店,埼玉県幸手市上高野２１４２－１
ラウンドワンららぽーと新三郷店,埼玉県三郷市新三郷ららシティ3-1-1ららぽーと新三郷2F20000番
ゲームパニック三郷,埼玉県三郷市ピアラシティ1-1-200
ベネクス越谷店,埼玉県越谷市南荻島２７７０－１
ユーズランド越谷店,埼玉県越谷市レイクタウン4-2-2イオンレイクタウンKAZE3F
埼玉レジャーランド春日部店,埼玉県春日部市大字増富字谷際163-1
ユーズランド春日部店,埼玉県春日部市下柳４２０－１イオンモール春日部２Ｆ
ビッグボウル杉戸,埼玉県北葛飾郡杉戸町大字杉戸２３３８
プラサカプコン羽生店,埼玉県羽生市川崎２－２８１－３イオンモール羽生２階
ラウンドワンさいたま・栗橋店,埼玉県久喜市小右衛門１９２－１
キャロム栗橋店,埼玉県久喜市高柳田中１７４１－３
ゲームシティプラス川越店,埼玉県川越市泉町１－１　ウニクス南古谷シネマ棟１Ｆ
ベネクス川越店,埼玉県川越市大仙波340-1
埼玉レジャーランド川越店,埼玉県川越市新富町１－１７－４
アミューズランドモナコ川越店,埼玉県川越市新富町2-4-1
キャロム坂戸店,埼玉県坂戸市関間2-151-1
ブーボスボス坂戸店,埼玉県坂戸市片柳1732-1
キャッツアイ狭山店,埼玉県狭山市入間川３１４１
ラウンドワン朝霞店,埼玉県朝霞市膝折町２－１６－１０
タイトーステーション 和光店,埼玉県和光市丸山台１－４－５
アミューズメントフィールドバイヨン,埼玉県ふじみ野市うれし野２－１６－１LCモールうれし野２Ｆ
セガワールド入間,埼玉県入間市東藤沢2-18
ラウンドワン入間店,埼玉県入間市小谷田３－７－２５
タイトーステーション 所沢店,埼玉県所沢市日吉町３－７
セガ所沢,埼玉県所沢市日吉町8-1
ｎａｍｃｏ熊谷店,埼玉県熊谷市銀座2-97CARPA1階
セガワールド籠原,埼玉県熊谷市美土里町1-169
ラウンドワン上尾店,埼玉県上尾市大字平塚９１７－１
アピナ上尾店,埼玉県上尾市緑丘３－３－１１－２　Ｐ・Ａ・Ｐ・Ａ上尾ＳＣ別棟
ラウンドワンさいたま・鴻巣店,埼玉県鴻巣市箕田３１６３－７
モンテカルロ深谷店,埼玉県深谷市西島3-1-2スカイハイツ101号
ムー大陸本庄店,埼玉県本庄市本町1018
ラウンドワンさいたま・上里店,埼玉県児玉郡上里町大字金久保３９４－１
ＡＧスクエア埼玉花園店,埼玉県深谷市荒川359
ラッキー中央店・フェリシダ,千葉県千葉市中央区富士見2-8-1
セガ千葉,千葉県千葉市中央区富士見2-4-1
スポーツウェーブ鉄腕24,千葉県千葉市中央区浜野町1025-59
セガアリーナ蘇我,千葉県千葉市中央区川崎町51-1ハーバーシティ蘇我FW AM棟1F
セガ幕張,千葉県千葉市美浜区ひび野1-8メッセ・アミューズ・モール１Ｆ
スポーツウェーブ鉄腕24稲毛長沼店,千葉県千葉市稲毛区長沼原町697番地
パレパレ稲毛長沼店,千葉県千葉市稲毛区長沼原町７３１－２５ﾌﾚｽﾎﾟ稲毛A２棟４
ムー大陸稲毛店,千葉県千葉市稲毛区小仲台2-5-7海宝ビル2F
ＣＬＵＢＳＥＧＡ稲毛オーツーパーク,千葉県千葉市稲毛区園生町380-1
ウェアハウス南流山店,千葉県流山市南流山４－１６－６
セガ我孫子,千葉県我孫子市柴崎字天王谷47-1
ジョイプラザ印西牧の原店,千葉県印西市原１－２ビッグホップガーデンモール印西２Ｆ
セガ松戸,千葉県松戸市日暮1-1-1八柱駅第2ﾋﾞﾙ2F
ハイテクランドセガ岩瀬,千葉県松戸市岩瀬鍛冶塚611-2
ゲームソニックビーム松戸,千葉県松戸市松戸1172-1
ｎａｍｃｏ東京ガリバー松戸,千葉県松戸市松戸１２３０－１ピアザ松戸１Ｆ
ラウンドワン市川鬼高店,千葉県市川市鬼高４－１－３
本八幡ゲームUNO,千葉県市川市八幡２丁目１６ー６八幡ハタビルB1F
アミューズメントエース市川,千葉県市川市市川１－９－１１サン市川ハイツ１階
タイトーＦステーション市川妙典店,千葉県市川市妙典4-1-1　イオン市川妙典店2番街2F
ＤＡＩＫＥＩＥＮ,千葉県市川市大町３５９
アドアーズ船橋,千葉県船橋市本町１－３１－２６セブン船橋B1F～４F
タイトーステーション 船橋店,千葉県船橋市本町１－６－１
チャリオット船橋店,千葉県船橋市藤原5-6-7　2.3階
アミューズメントエース津田沼,千葉県船橋市前原西2-15-1
ＡＭ　ＰＩＡ　津田沼,千葉県習志野市津田沼１－２－１十三ビルＢ１Ｆ
ゲームランド津田沼店,千葉県習志野市津田沼１－２３－１イオンモール津田沼２Ｆ
ラウンドワン習志野店,千葉県習志野市芝園１－４－５
スーパービバホーム新習志野店２階,千葉県習志野市茜浜1-1-2 2F
ラウンドワン八千代村上店,千葉県八千代市村上南１丁目５番地５４
ラッキーバッティングドーム八千代店,千葉県八千代市大和田新田字八幡後1088
キャッツアイ八千代店,千葉県八千代市吉橋１８５１　ｉｓｍ緑ヶ丘内
タイトーステーション 柏店,千葉県柏市柏２－３－１フーサワビル
ハイテクセガ柏,千葉県柏市柏1-1-11丸井デパート内B1F
柏ヤングボウル,千葉県柏市南柏中央11-1
タイトーFステーション柏中央,千葉県柏市十余二２４９－５
ラウンドワンアリオ柏店,千葉県柏市大島田１丁目６番地１セブンパークアリオ柏　１０７０
千葉レジャーランド野田店,千葉県野田市吉春776-1
YAZワールド野田七光台店,千葉県野田市七光台4-2
ゲームプラザセントラル浦安店,千葉県浦安市北栄1-16-15
宝島新浦安店,千葉県浦安市入船１－４－１イオン新浦安店４Ｆ
ラッキー佐倉店,千葉県佐倉市井野1475
セガワールド成田,千葉県成田市東町157-5
千葉レジャーランド成東店,千葉県山武市姫島111-1
セガワールド旭,千葉県旭市二3150-1
イスカンダル五井金杉店,千葉県市原市五井金杉1-47
ラウンドワン市原店,千葉県市原市八幡北町３－５－１
チャリオット五井店,千葉県市原市五井中央西２－１－２
イスカンダル木更津店,千葉県木更津市潮見４－１－２
アミュージアム茂原店,千葉県茂原市高師１６１９－１
Ｈｅｙ,東京都千代田区外神田１－１０－５廣瀬本社ビル１階～４階
東京レジャーランド秋葉原店,東京都千代田区外神田1-9-5
東京レジャーランド秋葉原2号店,東京都千代田区外神田4-3-3ミナミビル6F・7F
セガ秋葉原１号館,東京都千代田区外神田1-10-9
セガ秋葉原2号館,東京都千代田区外神田1-15-1
セガ秋葉原3号館,東京都千代田区外神田1-11-11外神田１丁目ビルディング
セガ秋葉原4号館,東京都千代田区外神田1-15-9
アドアーズ上野アメ横店,東京都台東区上野４－９－１４上野Ｋ．ＫビルＢ１-４階
ｎａｍｃｏ王子サンスクエア店,東京都北区王子１－４－１サンスクエア２階
セガ赤羽,東京都北区赤羽1-7-9赤羽第一葉山ビルB1
タイトーイン 綾瀬店,東京都足立区綾瀬４－９－２９ホーキョボナービル
GAMEピーアーク青井,東京都足立区一ツ家3-8-12
セガ竹の塚,東京都足立区竹の塚6-8-6 ピーくんPlaza-B
ハイテクランドセガ立石,東京都葛飾区立石7-2-1
アドアーズ新小岩,東京都葛飾区新小岩１－４４－４Ｂ１-Ｂ３Ｆ
○×△□（ラくトス）,東京都葛飾区新小岩１－４４－６
東京レジャーランド亀有店,東京都葛飾区亀有3-21-2
タイトーＦステーションオリナス錦糸町店,東京都墨田区太平4-1-2オリナスモール地下1F
江戸川ヤングボウル,東京都江戸川区中央4-22-25
ドットコム葛西,東京都江戸川区中葛西３－３５－５
タイトーＦステーション西葛西,東京都江戸川区西葛西６－６－１０
ハイテクセガ葛西,東京都江戸川区西葛西5-1-14第一保志ビル
セガワールド船堀,東京都江戸川区船堀1-6-11
東京レジャーランドお台場メディアージュ店,東京都港区台場1-7-1 B ZONE4F
ラウンドワン南砂店,東京都江東区南砂６－７－１５トピレックプラザ４Ｆ
アムネット五反田店,東京都品川区西五反田１－２７－５
ファンファン平和島店,東京都大田区大森北6-29-13
ＡＭ　ＰＩＡ　大森,東京都大田区山王２－２－１５
セガワールド大森,東京都大田区山王2-1-5大森駅ララビル2F
アドアーズ蒲田西口店Ｂ館,東京都大田区西蒲田７－５－１０蒲田駅西口会館１階
シルクハット蒲田Ｍ２,東京都大田区西蒲田７－６－３プリンス会館
ハイテクランドセガ池上,東京都大田区池上6-2-3松山ビル2Ｆ
タイトーステーション 渋谷店,東京都渋谷区渋谷１－２４－１２渋谷東映プラザ
ハイテクランドセガ　シブヤ,東京都渋谷区渋谷1-14-14
アミューズメントスペースASO：VIBA！,東京都渋谷区恵比寿1-10-5三恵エビスビル2F
アドアーズ渋谷,東京都渋谷区宇田川町13-11KN渋谷1ビル
セガ　代々木,東京都渋谷区代々木1-35-2
ＣＬＵＢＳＥＧＡ自由ヶ丘,東京都目黒区自由が丘2-10-9
ゲームプラザGAO歌舞伎町店,東京都新宿区歌舞伎町1-6-8アミューズ歌舞伎町ビル1F
セガ新宿歌舞伎町,東京都新宿区歌舞伎町1-21-1第二東亜会館1F・2F
タイトーステーション新宿東口店,東京都新宿区新宿３－２２－７　指田ビル
タイトー新宿南口ゲームワールド店,東京都新宿区新宿３－３５－８
新宿スポーツランド本館,東京都新宿区新宿3-22-12
ゲームスポット２１新宿西口,東京都新宿区西新宿１－１５－２
クラブセガ新宿西口,東京都新宿区西新宿1-12-5
セガ神楽坂,東京都新宿区神楽坂2-11第2カグラヒルズ1F
アドアーズ中野,東京都中野区中野5-52-15ブロードウェイ185
ｎａｍｃｏ中野店,東京都中野区中野５－５２－１５中野ブロードウェイ別館
ｎａｍｃｏ荻窪店,東京都杉並区上荻１－１３－１０ハクサンビル
タイトーＢＩＧＢＯＸ高田馬場店,東京都新宿区高田馬場１－３５－３　ＢＩＧＢＯＸ６Ｆ
ｎａｍｃｏ巣鴨店,東京都豊島区巣鴨１－１５－１ミヤタビルB1F・B2F
ラウンドワン池袋店,東京都豊島区東池袋１－１４－１
ＡＭサントロペ池袋,東京都豊島区東池袋１－２９サントロペビル２Ｆ
アドアーズ池袋東口店,東京都豊島区東池袋１－４１－４池袋とうきゅうビル１-２階
セガ池袋ＧＩＧＯ,東京都豊島区東池袋1-21-1
タイトーステーション 池袋西口店,東京都豊島区西池袋１－１５－９第一西池ビル
タイトーステーション 池袋ロサ店,東京都豊島区西池袋１－３７－１２ロサ会館１階
ゲームサファリ大山,東京都板橋区大山東町60-10やすだ大山駅前店2F
ゲームシティ板橋店,東京都板橋区小茂根１－３２－９
ラウンドワン板橋店,東京都板橋区相生町１６－１３
ミラクルイン中村橋,東京都練馬区貫井１－１－２ＹＫビル２Ｆ
アミュージアムＯＳＣ店,東京都練馬区東大泉２－３４－１オズスタジオシティ２Ｆ
キャロム練馬店,東京都練馬区北町１－１１－１２
プラサカプコン吉祥寺店,東京都武蔵野市吉祥寺本町1-10-1いなりやビルB1F
ラウンドワン吉祥寺店,東京都武蔵野市吉祥寺本町1-11-22
プレイロットジョイ,東京都武蔵野市吉祥寺本町１－８－２３
フォルム武蔵境,東京都武蔵野市境南町２－７－２０ダイヤパレス第２　１階
アミューズランドモナコ吉祥寺店,東京都武蔵野市吉祥寺本町１－９－７高橋ビル
アドアーズ仙川店,東京都調布市仙川町２－２１－７ＶＩＣビル７
アミューズランドモナコ調布１号店,東京都調布市布田１－５２－３
セガワールドアルカス,東京都府中市宮西町2-5-1さくら三番館内2、3F
ラウンドワン府中本町駅前,東京都府中市本町１－１３－３カネタビル
セガワールド府中,東京都府中市西原町1-6-2フレスポ府中1F・2F
タイトーステーション国分寺店,東京都国分寺市本町３－５－１１
ゲームシティ国分寺南店,東京都国分寺市南町２－１７－１ハタヤ第一ビル１Ｆ
タイトーステーション立川店,東京都立川市曙町２－４－５クリサス立川２・３Ｆ
立川オスローバッティングセンター,東京都立川市錦町1-4-27立川オスロービル2、3F
アミューズランドモナコ立川店,東京都立川市柴崎町３－４－１カワイヤビル
クラブセガ立川,東京都立川市柴崎町3-2-1グランデュオビル1.2F
ユーズランド日の出店,東京都西多摩郡日の出町大字平井237-3イオンモール日の出３Ｆ
ドラマ瑞穂店,東京都西多摩郡瑞穂町武蔵382-1
ＧＩＧＡ箱根ヶ崎店,東京都西多摩郡瑞穂町箱根ヶ崎東松原１１－５
ドラマ八王子高倉店,東京都八王子市高倉町55-4
ゲームプラザセントラル八王子店,東京都八王子市東町12-15第5セントラル
シルクハット八王子,東京都八王子市旭町２－５八王子ツインタワービル３階
ドラマ野猿店,東京都八王子市大塚628-1
ラウンドワン八王子店,東京都八王子市万町５３－１
タイトーステーション南大沢店,東京都八王子市南大沢２－３ＦＡＢ 南大沢２Ｆ
ＹＡＺワールド八王子みなみ野店,東京都八王子市みなみ野１－２－１アクロスモール３Ｆ
タイトーステーション 町田店,東京都町田市原町田６－２１－２３　松山ビル１階
アドアーズ町田,東京都町田市原町田６－２１－２５大正堂第２ビル１-４Ｆ
ラウンドワン町田店,東京都町田市森野１－１３－１４
アミュージアム昭島店,東京都昭島市田中町５７３－１－２
セガワールド福生,東京都福生市福生1076-1
キャロム青梅店,東京都青梅市千ケ瀬町4-326-1
THE 3RD PLANET 多摩センター店,東京都多摩市落合1-39-2 マグレブビル２Ｆ・３Ｆ
キャロム東大和店,東京都東大和市立野2-2-2
セガワールド東大和,東京都東大和市桜が丘1-1330-19BIGBOX東大和1F
ラウンドワン武蔵村山店,東京都武蔵村山市伊奈平３－１－１
ＡＭ ＰＩＡ川崎モアーズ,神奈川県川崎市川崎区駅前本町７岡田屋モアーズ１、２Ｆ
シルクハット川崎ダイス,神奈川県川崎市川崎区駅前本町８番地ダイスビルＢ２Ｆ
ウェアハウス川崎九龍城,神奈川県川崎市川崎区日進町3-7
ラウンドワン川崎大師店,神奈川県川崎市川崎区殿町１－５－１
ベネクス川崎,神奈川県川崎市川崎区鋼管通り４－８－３
ｎａｍｃｏラゾーナ川崎店,神奈川県川崎市幸区堀川町72-1ﾗｿﾞｰﾅ川崎ﾌﾟﾗｻﾞ4階
タイトーステーション溝の口,神奈川県川崎市高津区溝口１－１１－８ＯＫＫＡ６３４ビル３階
イミグランデ溝口店,神奈川県川崎市高津区溝口１－１４－７　第二カスタムビル
ラウンドワン高津店,神奈川県川崎市高津区二子４－８－１
テクモピア向ヶ丘遊園店,神奈川県川崎市多摩区登戸2755ミノワホームズ1F
タイトーステーション 横浜西口五番街店,神奈川県横浜市西区南幸１－１２ー９
フリーダム,神奈川県横浜市西区南幸１-5－27
ラウンドワン横浜駅西口店,神奈川県横浜市西区南幸２－８－１６
ラウンドワン横浜綱島店,神奈川県横浜市港北区樽町２－６－４０Ｔ-PLATZ内
クラブセガ綱島,神奈川県横浜市港北区綱島西2-6-29
THE 3RD PLANET 横浜本店,神奈川県横浜市都筑区中川中央1-25-1 NPモール6F
ネバーランド港北店,神奈川県横浜市都筑区中川中央1-36-16
ドラマ港北インター店,神奈川県横浜市都筑区東方町321-6
ｎａｍｃｏ都筑店,神奈川県横浜市都筑区川和町８４６－１
ネバーランド2座間店,神奈川県座間市ひばりが丘4丁目6208
ＣＬＵＢＳＥＧＡ相模大野,神奈川県相模原市南区相模大野3-13-2 フレスコビル2F
ＡＭサントロペ伊勢佐木町,神奈川県横浜市中区伊勢佐木町３－９６ 日活会館３Ｆ
アミューズメントパークジアス上大岡,神奈川県横浜市港南区上大岡西2-1-28
ＣＬＵＢＳＥＧＡ新杉田,神奈川県横浜市磯子区杉田1-1-1らびすた新杉田2F
ゲームコスモ金沢文庫店,神奈川県横浜市金沢区谷津町344
シルクハット横須賀中央,神奈川県横須賀市若松町１－５プライムビルＢ１Ｆ
プラサカプコン横須賀店,神奈川県横須賀市若松町2-30モアーズシティ4F
アストロ鶴ヶ峰店,神奈川県横浜市旭区鶴ケ峰本町１－３８－３JNα鶴ヶ峰店2F
ベネクス大和店,神奈川県大和市下鶴間2752-2
ミリアンパーク　ネクサス,神奈川県厚木市田村町9-25
ゲームインファンファン本厚木店,神奈川県厚木市中町２－１－６
シルクハット本厚木,神奈川県厚木市中町2-4-13本厚木駅前ビル
パームトップス,神奈川県厚木市中町4-15-9
神奈川レジャーランド厚木店,神奈川県厚木市戸室5-31-1
タイトーステーション海老名ビナウォーク店,神奈川県海老名市中央１－１８－１　ビナウォーク６番館２Ｆ
タイトーステーション 戸塚西口店,神奈川県横浜市戸塚区戸塚４０２３
ＡＭ　ＰＩＡ　大船,神奈川県鎌倉市大船１－２４大船駅前ビル１～３Ｆ
タイトーステーション 小田原店,神奈川県小田原市栄町１－３－１２
ゲームインファンファン藤沢店,神奈川県藤沢市鵠沼石上１－３－８
アドアーズ藤沢北口,神奈川県藤沢市藤沢４６０－１　３－４Ｆ
タイトーステーション 藤沢店,神奈川県藤沢市南藤沢２１－１
ドラマ藤沢店,神奈川県藤沢市本藤沢5-6-8
アピナ橋本店,神奈川県相模原市緑区西橋本５－１－１ラ・フロール駐車場棟１階
ムトス相模原店,神奈川県相模原市中央区中央２－１－５
アミューズメントランドYAZ平塚店,神奈川県平塚市田村1-4-26
ベネクス平塚店,神奈川県平塚市四之宮６－１０－２７
ラウンドワンららぽーと湘南平塚店,神奈川県平塚市天沼１０－１３階 ３３２８０番
小田原メトロポリス,神奈川県小田原市前川字相坪219-4
プレイアイシー東海大学前店,神奈川県秦野市南矢名1-15-1
スターフィールド,新潟県長岡市新組町2003番地1
ゲームセンターテクノポリス,新潟県長岡市要町1-8-50
アピナ長岡店,新潟県長岡市堺東町２２
アピナ上越インター店,新潟県上越市下門前１６６１
上越レジャーランボウル,新潟県上越市下門前薬島827-2
タイトーＦステーション上越店,新潟県上越市富岡3524 J-MAXシアター内1F
カプコサーカス新潟東店,新潟県新潟市東区大形本町３－１－２　ジャスコシティ新潟東
ｎａｍｃｏシルクドゥガリバー新潟店,新潟県新潟市中央区南笹口１－１－１　ひもろぎビル２Ｆ
ラウンドワン新潟店,新潟県新潟市中央区美咲町２－１－３８
メジャーロード黒埼,新潟県新潟市西区山田３３０３番地（３３０２番地）
メジャーロード白根,新潟県新潟市南区上下諏訪字論地９４８－２
メジャーロード24,新潟県見附市今町4-20-567-1
メジャーゲーム館新発田店,新潟県新発田市新栄町２－４－６ジョイタウン新発田
オーケーコーラル,新潟県燕市佐渡2853
トヤマレジャーランド呉羽店,富山県富山市高木字貝塚2054
アピナ富山新庄店,富山県富山市荒川３－２－１２
ゲームセンターハローワールド,富山県富山市新庄本町1-5-25
アピナ富山豊田店,富山県富山市豊田町２丁目１２－６６
サービスエリアIN高岡,富山県高岡市下石瀬857-1
ユーズランド高岡店,富山県高岡市下伏間江３８３イオンモール高岡２Ｆ
ゲームスポット２０７,富山県高岡市鐘紡町１６５５－３
ゲームスポットアップル魚津店,富山県魚津市吉島2-407-1
プレイランドイン黒部,富山県黒部市沓掛645
ユーズランドとなみ店,富山県砺波市中神土地区画事業地内31街区1ｲｵﾝﾓｰﾙとなみ2F
アピナ富山南店,富山県富山市堀川町３５５－３　マイプラザ内
セガイオンタウン金沢示野,石川県金沢市戸板西2-1
バイパスレジャーランド藤江新館,石川県金沢市藤江南2-105
バイパスレジャーランド藤江本館,石川県金沢市藤江南2-41
ラウンドワン金沢店,石川県金沢市横川6-120-1
バイパスレジャーランド加賀店,石川県加賀市箱宮町ヲ1-1
バイパスレジャーランド宇ノ気店,石川県かほく市森子85
福井レジャーランドワイプラザ店,福井県福井市新保北1-303　ヤスサキワイプラザＢ棟2Ｆ
セガ福井,福井県福井市丸山1-410
セガワールド武生,福井県越前市新町3-13-4
福井レジャーランド板垣店,福井県福井市下馬３－１１２
ゲームパニック甲府,山梨県甲府市国母5-20-24
ラウンドワン山梨・石和店,山梨県笛吹市石和町広瀬７３７－１
プラサカプコン甲府店,山梨県中巨摩郡昭和町西条字北河原３７１７
アピナ長野大橋店,長野県長野市若里７－９－１２
アピナ長野村山店,長野県長野市村山５０２－１
ラウンドワン長野店,長野県長野市大字東和田８２７番地６
アピナ長野川中島店,長野県長野市川中島町御厨９６７－１
ＰＡＬＯ佐久,長野県佐久市岩村田６－２ステーションパーク・佐久
アピナ佐久インター店,長野県佐久市岩村田北１－１３－１
セガワールド上田,長野県上田市大字上田1847-1
アピナ上田店,長野県上田市秋和３５９－１
アピナ松本店,長野県松本市双葉１９－１０
セガ松本,長野県松本市渚1-7-1なぎさライフサイト内
ＰＡＬＯ諏訪,長野県諏訪市沖田町５丁目１８ステーションパーク諏訪
ＡＧスクエア岡谷店,長野県岡谷市塚間町2-1-21
アピナ飯田店,長野県飯田市座光寺３７２８－１
アピナ伊那店,長野県伊那市大字西町５０９３
タイトーFステーション松本店,長野県松本市平田東１－２７－１
アピナ塩尻店,長野県塩尻市広丘野村１７９４－１
セガワールド豊科,長野県安曇野市豊科南穂高1115
アピナ穂高店,長野県安曇野市穂高２４５０
Ａ．Ｃ．グランド,岐阜県岐阜市茜部大川1-77
ゲームファンタジアン精華店,岐阜県岐阜市鏡島精華2-2-1
岐阜レジャーランド穂積店,岐阜県瑞穂市稲里630番地
ラウンドワンモレラ岐阜店,岐阜県本巣市三橋１１００
セガマーゴ関,岐阜県関市倉知516
オアシス,岐阜県羽島郡岐南町八剣７－１５
ゲームファンタジアン柳津店,岐阜県岐阜市柳津町上佐波西3-68
大垣メトロポリス,岐阜県大垣市三塚町西沼５２３－１
ゲームハウスアリババ,岐阜県大垣市池尻町９４０－１
アッシュ美濃加茂店,岐阜県美濃加茂市山手町2-56-1メトロスクエア２Ｆ
セガワールド高山,岐阜県高山市上岡本町7-7
セガワールド多治見,岐阜県多治見市住吉町1-1-1
ゲームゾーン各務原店,岐阜県各務原市鵜沼各務原町５－２８６－１ペタルビル１Ｆ
ＧＡＭＥタカラ島　可児店,岐阜県可児市広見字古川２５１９ー１２　
THE 3RD PLANET BiVi沼津店,静岡県沼津市大手町1-1-5
ジョイランドアミューズ諏訪店,静岡県沼津市大諏訪２０－２
セガワールド　サントムーン,静岡県駿東郡清水町玉川61-2
ACT御殿場店,静岡県御殿場市東山字石橋296-1
ラウンドワン富士店,静岡県富士市八代町４－１５
THE 3RD PLANET 富士店,静岡県富士市永田町2-99
ゲームオフ富士宮,静岡県富士宮市三園平1360
セガワールド富士,静岡県富士市厚原95-1
タイトーＦステーション静岡,静岡県静岡市呉服町２－５－４　ふしみや第２ビル
セガワールド静岡,静岡県静岡市葵区七間町4-2静活プラザビル1F・2F
アップル新北街道店,静岡県静岡市葵区沓谷5-13-4
ラウンドワン静岡・駿河店,静岡県静岡市駿河区手越７５
アップルグランリバー大井川店,静岡県焼津市下江留１３２７
ＳＵＰＥＲＷＡＶＥ静岡,静岡県静岡市駿河区中吉田１５－８
THE 3RD PLANET 静岡インター店,静岡県静岡市駿河区中野新田383-3
ゲームインプリンス,静岡県静岡市清水区天神1-2-6
シートピアYAZ焼津店,静岡県焼津市道原585
THE 3RD PLANET 島田店,静岡県島田市中溝町2531
タイトーステーション 浜松店,静岡県浜松市中区肴町３２２－２０松竹ビル
ポート２４浜松店,静岡県浜松市西区坪井町4183-1
ＹＡＺワールド浜松葵店,静岡県浜松市中区葵西２－２７－１０
THE 3RD PLANET OZ浜松店,静岡県浜松市東区宮竹町322-1
ラウンドワン浜松店,静岡県浜松市東区天王町諏訪１９８１－１７
セガ掛川,静岡県掛川市細田248
ＡＧスクエア袋井店,静岡県袋井市川井1142-1
ＡＧスクエア磐田店,静岡県磐田市下万能413
セガ飯村,愛知県豊橋市飯村町字西山25-121
ラウンドワン豊橋店,愛知県豊橋市大岩町字岩田２７－２
ＷＡＶＥ田原店,愛知県田原市神戸町大坪１５２－１
タイトーステーション 豊橋店,愛知県豊橋市藤沢町１４１－４アミューズメントビル１Ｆ
アミューズメントクラブノバ,愛知県豊橋市三本木町元三本木８０－２
豊川メトロポリス,愛知県豊川市下長山町上アライ１４－１
ＷＡＶＥ豊川白鳥店,愛知県豊川市白鳥町京次55-1
ゲームファンタジアン蒲郡店,愛知県蒲郡市竹谷町中野１－１２
ゲームファンタジアン岡崎店,愛知県岡崎市錦町２－４
ポート２４幸田店,愛知県額田郡幸田町相見沖原1-3
セガ岡崎,愛知県岡崎市上地3-50-4
アミューズメントスクエア２０１,愛知県岡崎市岩津町１１９－６
カーニバル・Ｃ・ドーム,愛知県西尾市上町南又七山31番
セガ安城,愛知県安城市百石町2-35-13
Ｕ　ＦＡＣＴＯＲＹｉｎ安城,愛知県安城市住吉町５－１３－３７
セガイオンタウン刈谷,愛知県刈谷市東境町京和１
M's PARK刈谷店,愛知県刈谷市稲場町３－２０６
アミューズメントプラザ　マルシン,愛知県刈谷市池田町4-609
ＡＤＸマミー刈谷店,愛知県刈谷市末広町１－１９
セガ金山,愛知県名古屋市熱田区金山1-19-21F～3F
コムテックタワー,愛知県名古屋市中村区名駅４－１０－２０
セガイオンタウン名西,愛知県名古屋市西区香呑町6-49-1ｲｵﾝﾀｳﾝ名西2F
名古屋レジャーランドささしま店,愛知県名古屋市中村区平池町4-60-14 ﾏｰｹｯﾄｽｸｴｱささしま1F
ラウンドワン中川１号線店,愛知県名古屋市中川区法蔵町２－２３
中川メトロポリス,愛知県名古屋市中川区江松3丁目110番地
ＶＡＭＰ中川店,愛知県名古屋市中川区新家１－２００７
名古屋レジャーランド内田橋店,愛知県名古屋市南区内田橋2-26-22
ゲームファンタジーランドモアイ,愛知県名古屋市緑区桃山３－１６１０－１
ラウンドワン鳴海店,愛知県名古屋市緑区鳴海町杜若２８
名古屋レジャーランド大高店,愛知県名古屋市緑区忠治山201番地
ゲーム キングジョイ,愛知県名古屋市中区栄3-3-32
クラブセガ名古屋伏見,愛知県名古屋市中区栄1-4-5
タイトーステーション 大須店,愛知県名古屋市中区大須３－２０－７
アーバンスクエア大須店,愛知県名古屋市中区大須３－３０－３１
コムテックスクウェア,愛知県名古屋市中区金山1-16-8
ファンタジープラザ名古屋,愛知県名古屋市北区玄馬町２３４－１ﾄﾞﾝｷﾎｰﾃ名古屋本店２階
ＧＲＥＡ,愛知県名古屋市千種区今池５－２２－１７
ポート２４八事店,愛知県名古屋市昭和区広路町北石坂102番地4
コムテックプラザ赤池,愛知県日進市赤池１－２９０１
ユーワールド豊明,愛知県豊明市前後町螺貝１３８４番地１
ユーズランド東浦店,愛知県知多郡東浦町緒川旭１３－２イオンモール東浦２Ｆ
M's PARK豊田店,愛知県豊田市寿町３－２１、２２
セガ豊田,愛知県豊田市深田町1-65-1
ゲームコング,愛知県豊田市広路町2-20
ゲームファンタジーランドダイナソア,愛知県大府市東新町３－８７
ラウンドワン半田店,愛知県半田市瑞穂町６－７－８
半田メトロポリス,愛知県半田市旭町３－１１－１
ゲームファンタジーランドナイル,愛知県東海市名和町三番割上４０－２
アミューズメントプラザワイド,愛知県東海市名和町二番割上16-2
ゲームファンタジアン長久手店,愛知県長久手市武蔵塚705
ラウンドワン名古屋西春店,愛知県北名古屋市宇福寺神明１５
楽市街道 名古屋店,愛知県北名古屋市中之郷新明４５－２
小牧メトロポリス,愛知県小牧市間々片山１８１
M's PARK小牧店,愛知県小牧市大字村中字稲荷７８３
クラブセガ春日井,愛知県春日井市岩野町4180
オークランドボウル,愛知県春日井市鳥居松町３－１１
タカラ島尾張旭店,愛知県尾張旭市北本地ヶ原４－２９
M's PARK三郷店西館,愛知県尾張旭市南原山町赤土２０７
セガ東名ボール,愛知県瀬戸市西原町2-114
ゲームゾーン一宮店,愛知県一宮市羽衣２－５－１
セガ尾西,愛知県一宮市篭屋3-9-7アソビックスびさい1F
YAZワールド四日市店,三重県四日市市泊小柳町４－３４
ラウンドワンみえ川越インターチェンジ店,三重県三重郡川越町南福崎８５１－１
セガワールド桑名,三重県桑名市大仲新田宮前158
セガ生桑,三重県四日市市生桑町字川原崎299-1
アミパラ鈴鹿店,三重県鈴鹿市西条町字東澤430-1
アピナ鈴鹿店,三重県鈴鹿市庄野羽山4-20-1イオンタウン鈴鹿2階
オークランドシティ津店,三重県津市雲出本郷町１８０５－３３
ラウンドワン津・高茶屋店,三重県津市高茶屋小森町２７７－８
セガワールド久居,三重県津市久居明神町字風早2534-1
クラブセガアドバンスモール松阪,三重県松阪市田村町235-1
ゲームチャオ松阪店,三重県松阪市船江町７８０
セガ伊勢,三重県伊勢市中須町666
ＣＬＵＢＳＥＧＡ名張,三重県名張市希央台3番地15
ゲームチャオ名張店,三重県名張市蔵持町原出773-1
ドリームキャンディ,三重県伊賀市小田町瓜谷７１１－１
ラウンドワン浜大津アーカス店,滋賀県大津市浜町２－１浜大津アーカス内
スーパーヒーロー堅田,滋賀県大津市真野２－３１－３０
滋賀レジャーランド大津店,滋賀県大津市におの浜３－１－４３
セガ甲西,滋賀県湖南市夏見字二ツ橋356-1
ゲームディーノ彦根店,滋賀県彦根市西沼波町１６６
セガワールド草津,滋賀県草津市西渋川1-23-23SARA新棟2F
アミパラ草津店,滋賀県草津市木川町311-1JJタウン木川2F
プレイランドキング七条店,京都府京都市下京区東境町１８７（七条通烏丸西入）
辻商店,京都府京都市南区東九条上殿田町13
ラウンドワン京都河原町店,京都府京都市中京区河原町通三条下ル山崎町２５０
ゲームパニック京都,京都府京都市中京区桜之町415番　京都松竹座ビル
ネオＡＭスペースａ－ｃｈｏ,京都府京都市中京区寺町通四条上る東大文字町３０２－３０３
THE 3RD PLANET BiVi京都二条店,京都府京都市中京区西ノ京栂尾町107
プレイランドキング円町店,京都府京都市中京区西ノ京西円町40
セガワールド六地蔵,京都府京都市伏見区桃山町山ノ下32京都SCビルAM棟2F
ラウンドワン京都伏見店,京都府京都市伏見区下鳥羽平塚町１３１
シェルネット西院,京都府京都市右京区西院久保田町６－５
アミパラ京都南店,京都府向日市森本町佃１５－７うきわくシティ２F
あそＶＩＶＡゲームセンター,京都府福知山市字堀小字下高田２３４６番地
ハイスピード,大阪府大阪市北区梅田１－１－３－Ｂ１００号－０２号
ゲームゼロ,大阪府大阪市北区梅田１－２－２大阪駅前第２ビルＢ１
タイトーステーション梅三小路店,大阪府大阪市北区梅田３－２－１３６梅三小路内
ハイテクランドセガミスト２,大阪府大阪市北区梅田1-11-4駅前第4ビルB1F
ｎａｍｃｏ梅田店,大阪府大阪市北区小松原町３－３ＯＳビル１～３Ｆ
ラウンドワン梅田店,大阪府大阪市北区小松原町４－１６
クラブセガ東梅田,大阪府大阪市北区堂山町9-28
タイトーFステーション 梅田店,大阪府大阪市北区曽根崎２－１６－２６
ハイテクランドセガ西中島,大阪府大阪市淀川区西中島3-16-8深井センタービル1・2F
ラウンドワン東淀川店,大阪府大阪市東淀川区菅原７－１４－２８
ＰＡＬＯ京橋,大阪府大阪市都島区片町２－３ー５１　イオン京橋２・３Ｆ
セガ今福,大阪府大阪市城東区今福東1-9-34
ラウンドワン城東放出店,大阪府大阪市城東区今福南3-4-38
タイトーステーション 難波店,大阪府大阪市中央区難波千日前１５－１２
ラウンドワン千日前店,大阪府大阪市中央区難波１－３－１
ラウンドワン北心斎橋店,大阪府大阪市中央区南船場３－６－１８
Ｇ－ｐａｌａあべの,大阪府大阪市阿倍野区阿倍野筋３－６０－１０１－１ベルタ２Ｆ
セガワールドアポロ,大阪府大阪市阿倍野区阿倍野筋1-5-31 アポロビル3F
タイトーステーション 大阪日本橋店,大阪府大阪市浪速区日本橋４－９－１４
ｎａｍｃｏ大阪日本橋店,大阪府大阪市浪速区難波中2-1-17コスモビル1～3階
セガ難波アビオン,大阪府大阪市浪速区難波中2-3-15MMOビル1F・2F
ｎａｍｃｏマグスミノエ店,大阪府大阪市住ノ江区泉１丁目１番８２号マグスミノエ
セガ新三国アルゴ７,大阪府豊中市神州町1-15
ラウンドワン豊中店,大阪府豊中市名神口１－１－１
チャレンジャーガムガム,大阪府吹田市岸部南１－２４－９
関大前フタバボウル,大阪府吹田市千里山東１－７－１８
モーリーファンタジーｆ茨木,大阪府茨木市松ヶ本町８－３０－５
ラウンドワン茨木店,大阪府茨木市南清水町３－５
ゲームディーノ阪急茨木店,大阪府茨木市永代町５ ソシオビルＢ１
ラウンドワン高槻店,大阪府高槻市辻子３－６－４
ラウンドワン守口店,大阪府守口市佐太東町２－６－１４ジャガーグリーン２Ｆ
ＹＡＺ寝屋川店,大阪府寝屋川市石津中町25-26
モンキートリック,大阪府寝屋川市香里南之町32-5　YNレジデンス香里2F
セガビバモール寝屋川,大阪府寝屋川市寝屋南2-22-2ビバモール寝屋川 モール棟2F
ラウンドワン枚方店,大阪府枚方市高野道１－２０－２０
セガワールド枚方,大阪府枚方市須山町83-1サンシャインプラザ枚方内
ＡＧスクエア東大阪店,大阪府東大阪市稲田新町3-9-64
セガワールド布施,大阪府東大阪市長堂1-1-1ロンモール布施内
ラウンドワン東大阪店,大阪府東大阪市若江南町１－２－１２
ゲーム　フェイス　松原店,大阪府松原市大堀町1-1-9
ゲームフェイス八尾店,大阪府八尾市天王寺屋2-68
ＣＬＵＢＳＥＧＡ藤井寺,大阪府藤井寺市沢田1-20-8
スポーツセンター　２１世紀,大阪府堺市南区岩室108-1
ゲームパニック堺,大阪府堺市堺区築港八幡町1番地堺浜ｼｰｻｲﾄﾞｽﾃｰｼﾞ内堺浜ｴﾝﾀﾒ館
ラウンドワン堺駅前店,大阪府堺市堺区戎島町4-44-3
セガワールド和泉,大阪府和泉市肥子町2-4-41
フタバボウル泉大津店,大阪府泉大津市松之浜町１－２－５３
ラウンドワン岸和田店,大阪府岸和田市八阪町２－１１－１
星狩物語岸和田店,大阪府岸和田市作才町1-3-2
セガワールド松原,大阪府堺市東区八下町3-10
ラウンドワン堺中央環状店,大阪府堺市東区石原町２－２４１
ｎａｍｃｏ三宮店,兵庫県神戸市中央区北長狭通１－１－１
ラウンドワン三宮駅前店,兵庫県神戸市中央区小野柄通6-1-17
遊スペース マジカル,兵庫県神戸市中央区琴ノ緒町５－２－３
三宮サンクス,兵庫県神戸市中央区琴ﾉ緒町5-4-5高架下４０４～４０７
遊スペース アローズ,兵庫県神戸市西区丸塚２丁目９－１８
トップラン,兵庫県神戸市西区岩岡町古郷1474-1
ラウンドワン新開地店,兵庫県神戸市兵庫区新開地２－３－４
アミパラ垂水店,兵庫県神戸市垂水区名谷町字室山１４００－１８
セガフェニックスプラザ摩耶,兵庫県神戸市灘区味泥町6-1フェニックスプラザ1F
ラウンドワン尼崎店,兵庫県尼崎市西難波町４－５－２５
セガつかしん,兵庫県尼崎市塚口本町4-8-1つかしん内
プレイステーションネーブル西宮店,兵庫県西宮市両度町6-10
ラウンドワン伊丹店,兵庫県伊丹市昆陽７丁目２９
セガワールド花北,兵庫県姫路市増位新町1-6 ヴィーナスタウン花北2F
ＣＬＵＢＳＥＧＡ姫路ＯＳ,兵庫県姫路市駅前町254姫路OSビルB1F
ゲームアイビス太子店,兵庫県揖保郡太子町太田2149
ラウンドワン姫路飾磨店,兵庫県姫路市飾磨区中島１－２５４
セガ明石,兵庫県明石市魚住町清水2464-1
ラウンドワン加古川店,兵庫県加古川市尾上町安田325番6号
遊スペース　スプラ,兵庫県加古川市尾上町安田３５１－１
アミパラ加古川店,兵庫県加古川市尾上町今福７１－２
キッズサーカス奈良柏木店,奈良県奈良市柏木町４５６－１
ラウンドワン奈良店,奈良県奈良市大宮町7-1-43
アミパラ橿原店,奈良県橿原市十市町1222-1ツインゲート橿原１F
アミューズメントＣＵＥ奈良大和高田店,奈良県大和高田市東中２－１１－１６
プレイランドサーカス太田店,和歌山県和歌山市太田１－５－２８
ピタゴラス,和歌山県和歌山市土入73-1
ユーズランド和歌山店,和歌山県和歌山市中字楠谷５７３イオンモール和歌山２Ｆ
ラウンドワン和歌山店,和歌山県和歌山市小雑賀７３９－３
紀ノ川ボウル,和歌山県岩出市西国分656-1
セガ鳥取,鳥取県鳥取市安長416
アミパラがいな店,鳥取県米子市日ノ出町１－８－１３
セガワールド米子,鳥取県米子市両三柳2778-2
セガ松江,島根県松江市嫁島町12-15
オートパーラーやすぎ,島根県安来市西荒島町３３番地
ジーパラ出雲,島根県出雲市渡橋町７８４－１
ｙｏｕｍｅ　ＣＩＲＣＵＳ出雲店,島根県出雲市大塚町６５０－１ゆめタウン出雲店　東館３Ｆ
アミパラテクノランド店,岡山県岡山市北区大和町１－７－１２
岡山ジョイポリス,岡山県岡山市北区下石井2-10-1
アミパラ岡山店,岡山県岡山市北区青江１丁目１３－８
ラウンドワン岡山妹尾店,岡山県岡山市南区妹尾３４１３－１
アミューズメントプレイス・ギミック・セガ,岡山県岡山市中区藤崎599-12
ゲームアイビス岡山店,岡山県岡山市中区高屋３０８－１
ファンタジスタ,岡山県倉敷市新倉敷駅前５－１９４
ユーズランド倉敷店,岡山県倉敷市水江１番地イオンモール倉敷２Ｆ
アミパラ倉敷店,岡山県倉敷市西中新田624-1アミパラボウル1F
セガ倉敷,岡山県倉敷市西中新田535-2
セガワールド福山,広島県福山市瀬戸町大字山北300
アミパラ神辺店,広島県福山市神辺町大字新道上字１－２－１
福山メトロポリス,広島県福山市一文字町２４－１
ラウンドワン福山店,広島県福山市明神町１－９－２８
ゲームパーク,広島県福山市南手城町４－２４－２０
アミパラキャッスル店,広島県福山市東深津町4-16-25福山キャッスルボウル2F
セガ尾道,広島県尾道市新浜1-2-13
ＡＭパークＭＧジアス店,広島県福山市柳津町１－７－６０
アミューズメントパークワールド,広島県広島市中区八丁堀１１－６パークレーンビル１Ｆ
タイトーステーション 広島紙屋町店,広島県広島市中区紙屋町２－２－２１
ラウンドワン広島店,広島県広島市中区立町３－１１
タイトーステーション 広島本通店,広島県広島市中区本通３－５せらかぐ本通ビル
ビバーチャ,広島県広島市中区南竹屋町１０－１７
セガワールド　ＭＥＧＡ,広島県広島市安佐南区中筋4-11-7
セガワールド大町,広島県広島市安佐南区大町東3-27-4
ブラックジャックアクア店,広島県広島市安佐南区大町東４－１２－１１
ＧＩＧＡ　ＺＯＮＥ,広島県広島市南区松原町２－２２
アミパラ広島店,広島県広島市西区西観音町3-17
フタバ図書アルティランド,広島県広島市西区草津南４－７－１　アルパーク北棟２Ｆ
セガワールド宇品,広島県広島市南区宇品西3-4フタバ図書GIGA宇品店内
セガ海田,広島県安芸郡海田町南大正町3-35
シネパーク広店,広島県呉市広中町1-9
スペースV1廿日市店,広島県廿日市市本町４－２３
ブラックジャック東広島,広島県東広島市西条町御薗宇6120
アミパラここじゃ店,広島県東広島市西条町下見６－１０－１９
ギガゾーン岩国店,山口県岩国市室の木１－５－５
アミュージアム周南店,山口県下松市中央町21-3THEMALL周南3F
アミパラ周南久米店,山口県周南市大字久米２８３４　イオンタウン周南久米
ＳＰＥＥＤ,山口県周南市大字久米３２１９
ネオブラボー,山口県防府市高倉１－３－３０
ラウンドワン下関店,山口県下関市東大和町１－３－１５
アミパラ下関店,山口県下関市長府才川１－４２－４８
THE 3RD PLANET 山口店,山口県山口市湯田温泉6-8-3
ＡＧスクエア小郡店,山口県山口市小郡前田町3-6ロックタウン
フレスパランドカッタの湯,山口県宇部市海南町1675
アレックス,山口県宇部市西宇部南３－５－５３
アミューズメントパフェパレパレ田宮店,徳島県徳島市南田宮２－２－４６
セガ徳島スエヒロボウル,徳島県徳島市南末広町4-95-2
アポロゲームセンター沖洲店,徳島県徳島市南沖洲１－９３
ラウンドワン徳島・万代店,徳島県徳島市万代町４－１９－１
シーサイドボウル高松,香川県高松市浜ノ町59‐10
ラウンドワン高松店,香川県高松市松島町２－７－４３
戦　香川,香川県高松市高松町２５５４－１８
セガ高松,香川県高松市勅使町535
アミュージアム高松店,香川県高松市伏石町2144-9
セガ丸亀,香川県丸亀市蓬莱町56-1
アミパラ丸亀店,香川県丸亀市飯野町西分字川縁甲５８４－１　ハローズ棟内
マックスプラザ善通寺,香川県善通寺市中村町１７９８－２
プレイドーム松山,愛媛県松山市余戸南４丁目９－４０
アミパラ松山店,愛媛県松山市生石町６５５－１
駅前スタジアム３,愛媛県松山市大手町２丁目４－１
バンバン2,愛媛県松山市道後樋又5-28
セガ松山,愛媛県松山市枝松5-7-32
ラウンドワン松山店,愛媛県松山市東長戸１－３－１０
ハイテクセガ新居浜,愛媛県新居浜市徳常町6-8
ＡＭパークＭＧ伊予三島店,愛媛県四国中央市中之庄町字汐汲道７５－１
タイトーFステーション今治,愛媛県今治市東村1丁目甲745-1
ラウンドワン高知店,高知県高知市南宝永町４－１２
アミパラ高知店,高知県南国市篠原１９５－１
ＡＭパークＭＧ須崎店,高知県須崎市神田２５００－１マルナカ須崎店内１Ｆ
Ｇ－ｐａｌａ小倉,福岡県北九州市小倉南区上葛原３－１４－１
カジノ京町,福岡県北九州市小倉北区京町二丁目６－３
ハイパーメッセ,福岡県北九州市小倉南区北方4-6-7
ラウンドワン小倉店,福岡県北九州市小倉北区西港町15-65
小倉メトロポリス,福岡県北九州市小倉北区西港町２７－５
アミューズメントＭＧＭ陣原,福岡県北九州市八幡西区陣原１－２－１２
ＳＥＧＡＡＲＥＮＡ中間,福岡県中間市上蓮花寺3-1-1
ラウンドワン福岡天神店,福岡県福岡市中央区天神２－６－１２
タイトーステーション 福岡天神店,福岡県福岡市中央区天神２－６－３５サザンクロスビル
サンゲームス新宮店,福岡県糟屋郡新宮町美咲3-1-40新宮ドーム1F
G-COM和白店,福岡県福岡市東区和白3-27-69
最後の５ドル,福岡県糟屋郡粕屋町大字仲原2706仲原ファミリープラザ2F
ｎａｍｃｏ博多バスターミナル店,福岡県福岡市博多区博多駅中央街２－１博多バスターミナル７階
タイトーFステーションヨドバシ博多店,福岡県福岡市博多区博多駅中央街6-12ヨドバシカメラ4Ｆ
タイトー 博多パピヨンプラザ店,福岡県福岡市博多区千代１－２－１７パピヨンプラザ内
楽市街道箱崎店2F,福岡県福岡市東区箱崎5-1-8
ジーパラ博多,福岡県福岡市博多区東光寺町２丁目６番４０号ｺﾏｰｼｬﾙﾓｰﾙ博多２階
ラウンドワン博多半道橋店,福岡県福岡市博多区半道橋２－２－８
Ｇ－ＳＴＡＧＥ七隈店,福岡県福岡市城南区七隈８－４－８
フタバ図書ギガ福大前店ソフトピア,福岡県福岡市城南区片江５－５１－１６
ラウンドワン大野城店,福岡県大野城市御笠川１－１８－１６
サンゲーム大野城店,福岡県大野城市瓦田5-11-28
楽市楽座福重店,福岡県福岡市西区石丸４－２６３－１
ゲームウィズダム,福岡県飯塚市柏の森162-3
Ｇ－ＳＴＡＧＥ飯塚店,福岡県飯塚市枝国６８０－２
トークファイブ直方店,福岡県直方市大字下境字牟田889-1
楽市楽座行橋店,福岡県行橋市西泉６－１－１
ユーズボウル久留米,福岡県久留米市東櫛原町字深町１１１０
大牟田Ｊ－ＧＡＭＥ,福岡県大牟田市旭町３－３－７
遊道楽新合川店,福岡県久留米市新合川1丁目6-7
楽市楽座210久留米店,福岡県久留米市東合川2-2-1
遊道楽嘉瀬店,佐賀県佐賀市嘉瀬町中原２４８８－１
サンゲーム鳥栖店,佐賀県鳥栖市元町1353-1
ＡＧスクエア佐賀武雄店,佐賀県武雄市武雄町富岡12517-1
ＦＡＳボウリングセンター,佐賀県唐津市栄町２５８１－１ＦＡＳボウリングセンター
ソニックワールド伊万里店,佐賀県伊万里市二里町八谷搦１８９－３
ラウンドワン佐賀店,佐賀県佐賀市兵庫北４－２－１
G-stage浜町,長崎県長崎市浜町2-26
Ｇ－ｐａｌａ時津,長崎県西彼杵郡時津町野田郷５９号
ハイテクセガもみの木村,長崎県諫早市小川町90-1
セガワールドサンスパおおむら,長崎県大村市森園町663-3
ソニックワールド大村店,長崎県大村市古賀島町３８３－１
アミパラ佐世保店,長崎県佐世保市大塔町１８－１５
楽市楽座　佐世保店,長崎県佐世保市大塔町１８６１番地１２
ラウンドワン熊本店,熊本県熊本市西区春日7-25-15
アムズ　下通り,熊本県熊本市中央区手取本町4-12
サンゲームス熊本インタープラザ,熊本県熊本市東区御領8-4-82号
スポラ九品寺,熊本県熊本市中央区九品寺5丁目10-15
ｎａｍｃｏワンダーシティ南熊本店,熊本県熊本市中央区九品寺６－９－１
パスカワールドグリーンランド店,熊本県荒尾市本井手１５７４－５４
リッチモンド,熊本県八代市旭中央通り20-3
宇土パスカワールド,熊本県宇土市善道寺町綾織９５
スポラ菊陽,熊本県菊池郡菊陽町津久礼駄飼代２６１７－２
ラウンドワン大分店,大分県大分市萩原２－１３－１７
トライセン萩原,大分県大分市萩原４－２２７－７
セガワールド高城,大分県大分市牧1-161-8
フリッパーズクラブ 新館,大分県大分市片島字上川原148-1
トライセン中津店,大分県中津市下池永６７－３
セガワールド中津,大分県中津市沖代町1-2-16
ユーズランド三光店,大分県中津市三光佐知1032イオンモール三光2F
ハイテクランドセガハーバープレイス,大分県別府市餅ヶ浜町161-2
Ｇ－ｐａｌａ日田,大分県日田市大字友田９８６－１
ラウンドワン宮崎店,宮崎県宮崎市中村東３－４－６０
セガ延岡,宮崎県延岡市平原町5-1492-8
サンゲームス都城北店,宮崎県都城市上川東4丁目5997-4
ビリヤードG’Z,宮崎県都城市牟田町４－２
タイトーアミュプラザ鹿児島店,鹿児島県鹿児島市中央町１－１アミュプラザ鹿児島５Ｆ
ラウンドワン鹿児島宇宿店,鹿児島県鹿児島市宇宿2-2-2
サンゲームス天文館店,鹿児島県鹿児島市千日町5-6
セガワールド出水,鹿児島県出水市六月田町347
ジーパラ隼人,鹿児島県霧島市隼人町見次５３２－８
ラウンドワン沖縄・南風原店,沖縄県島尻郡南風原町字兼城５５２番地
ラウンドワン沖縄・宜野湾店,沖縄県宜野湾市真志喜３－２８－８
ＣＬＵＢ　ＳＥＧＡ北谷,沖縄県中頭郡北谷町美浜9-8
HOLLYWOOD GAME ZONE	383, LEVEL 3, PLAZA HOLLYWOODDIAMOND HILL, KOWLOON,
GAMEZONE(KWUN TONG PLAZA)	1/F,KWUN TONG PLAZA,68HOI YUEN ROAD, KWUNTONG, KOWLOON
GAMEZONE(MONG KOK)	BF., ARGYLE CENTRE PHASE I,65 ARGYLE ST, MONGKOK, KOWLOON
GOLDEN ERA GAME CENTRE	2/F, GOLDEN ERA PLAZA, 39SAI YEE STREET, MONGKOK, KOWLOON
X-LAND(TSUEN WAN)	FLAT/RM 4B, 4/F CITY LANDMARK I,68 CHUNG ON ST., TSUEN WAN
MING HANG GAME CENTRE	G/F, TAI SANG BLDG, 1A SANDSSTREET, H.K.
GOLD STAR(TSUEN WAN)	3F,E WING, NAN FUNG CENTRE, 264-298CASTLE PEAK RD.,TSUEN WAN N.T
POWER CITY(CHEUNG SHA WAN )	G09&G09B3 G/F & M09 M/F,833 CHEUNG SHA WAN ROAD, KOWLOON