2025.1.15 (水)『maimai でらっくす PRiSM オリジナルグッズプレゼントキャンペーン 第6弾』参加店舗一覧,2025年1月15日(水) ～ 2025年3月12日(水)に開催される『maimai でらっくす PRiSM オリジナルグッズプレゼントキャンペーン 第6弾』の参加店舗一覧になります。
ＢＩＧＢＡＮＧ北見店,北海道北見市中央三輪7丁目４４６−１
ＧｉＧＯ帯広稲田,北海道帯広市稲田町南八線西１２−１スズランボウル１・２階
タイトーステーション 千歳店,北海道千歳市北栄２−１２−５
ＧｉＧＯ西友手稲,北海道札幌市手稲区前田１条１１丁目西友手稲店３階
ＧｉＧＯ室蘭,北海道室蘭市東町４丁目３１番２号１階
ＧｉＧＯドリームタウン白樺,北海道帯広市白樺１６条西２丁目ドリームタウン白樺１階
キャッツアイ新札幌店,北海道札幌市厚別区厚別東五条１ー２−１０
キャッツアイ清田店,北海道札幌市清田区清田１条１−２０−１
ＧｉＧＯ札幌駅西口,北海道札幌市北区北６条西６丁目１‐１
東急百貨店さっぽろアミューズパーク,北海道札幌市中央区北４条西２−１東急百貨店さっぽろ店９階
SOYUGameField旭川西店,北海道旭川市緑町23-2161-3イオンモール旭川西3F
ＧｉＧＯイオンモール苫小牧,北海道苫小牧市柳町３丁目１番２０号イオンモール苫小牧２階
ＢＩＧＢＡＮＧ函館,北海道函館市梁川町９−３テキサスビル３Ｆ
ＧｉＧＯ函館昭和,北海道函館市昭和３丁目２４−１８ゲオ函館昭和店１階
イオン千歳　キッズパーク,北海道千歳市栄町６−６１
ラウンドワン函館店,北海道函館市西桔梗町８４８−１１
ラウンドワン旭川店,北海道旭川市永山三条１−４−７
ＢＩＧＢＡＮＧ室蘭,北海道室蘭市中島本町２−８−１
ＧｉＧＯ北見,北海道北見市西三輪５丁目１番地１６号
アドアーズ札幌北４２条,北海道札幌市東区北４２条東７−１−１　嶋ビル２階
ラウンドワン札幌北２１条店,北海道札幌市東区北二十一条東１−１−２１
ラウンドワン札幌白石本通店,北海道札幌市白石区本通１６丁目北１−５０
ＢＩＧＢＡＮＧ釧路,北海道釧路郡釧路町木場２−１
ソユーゲームフィールド発寒,北海道札幌市西区発寒8条12丁目1　イオン札幌発寒SC3F
ソユーゲームフィールド苗穂店,北海道札幌市東区東苗穂2条3-1-1　イオンモール札幌苗穂２Ｆ
イオン紋別　キッズパーク,北海道紋別市花園3-4-39
ＧｉＧＯＭＥＧＡドン・キホーテ函館,北海道函館市美原１−７−１　ＭＥＧＡドン・キホーテ函館店２Ｆ
ソユーゲームフィールド旭川駅前店,北海道旭川市宮下通７−２−５ｲｵﾝﾓｰﾙ旭川駅前４F
ゲームランド新さっぽろ,北海道札幌市厚別区中央２条５丁目７−３ カテプリさっぽろ３階
ゲームフィールド旭川春光店,北海道旭川市春光町１０番２　イオン旭川春光ＳＣ
タイトーステーション札幌狸小路２丁目店,北海道札幌市中央区南３条西２丁目−１４
ラウンドワン札幌すすきの店,北海道札幌市中央区南五条西3-6-1
ＧｉＧＯ八戸,青森県八戸市城下４−２５−１４
ＧｉＧＯ弘前,青森県弘前市末広１−３−３
ゲームフェスタミタマ店,青森県弘前市駅前町5-5
ソユースペースファンタジーインフィニ,青森県弘前市城東北３−１０−１さくら野百貨店弘前店４Ｆ
ユーズランド下田店,青森県上北郡おいらせ町中野平４０−１イオンモール下田１Ｆ
ラウンドワン青森店,青森県青森市浜田３−１−１
ゲームフィールド弘前樋の口店,青森県弘前市樋の口二丁目９−６イオンタウン弘前樋の口店
ソユーゲームフィールドシーナシーナ青森店,青森県青森市浜田一丁目１４番地１シーナシーナ青森２Ｆ
ソユーゲームフィールド八戸店,青森県八戸市沼館4-7-112八戸ピアドゥＢ棟2F
ＧｉＧＯ水沢,岩手県奥州市水沢区佐倉河字鎧田４−１
タイトーステーション 盛岡マッハランド店,岩手県盛岡市上堂１−２−３８マッハランド内
アミューズメントゾーン北上店,岩手県北上市本通2-2-1さくら野北上店4F
ラウンドワン盛岡店,岩手県盛岡市盛岡駅西通２−１０−３５
チャットタウン北上店,岩手県北上市北鬼柳１９地割６８番地　江釣子ＳＣパル２Ｆ
サンシャイン,岩手県盛岡市大通２ー７ー２１ジュリアンビル１階
ソユーゲームフィールド釜石店,岩手県釜石市港町２−１−１イオンタウン釜石店３F
ＧｉＧＯ佐沼,宮城県登米市迫町佐沼字中江２−５−８
ＧｉＧＯ名取,宮城県名取市飯野坂字土城堀５７−１
タイトーステーション仙台名掛丁店,宮城県仙台市青葉区中央１−７−１３
ゲームコーナー東部,宮城県仙台市若林区六丁の目中町26-60 斎喜東部ビル2F
ＧｉＧＯ石巻,宮城県石巻市大街道東４−１−４５
THE 3RD PLANET BiVi仙台店,宮城県仙台市宮城野区榴岡2-1-25
プラサカプコン石巻店,宮城県石巻市茜平4丁目104番地 ｲｵﾝ石巻ｼｮｯﾋﾟﾝｸﾞｾﾝﾀｰ2F
ゲームランド佐沼店,宮城県登米市南方町新島前４６−１イオンタウン佐沼ＳＣ
ラウンドワン仙台苦竹店,宮城県仙台市宮城野区苦竹１−７−１０
ＧｉＧＯ利府,宮城県宮城郡利府町加瀬字新前谷地５５−１
ＧＡＭＥＢＡＮＫ仙台泉店,宮城県仙台市泉区大沢２−５−４
ゲームフィールド仙台長町店,宮城県仙台市太白区長町７丁目２０番３号ザ・モール仙台長町店３階
ＧｉＧＯイオン仙台中山,宮城県仙台市泉区南中山１−３５−５７別館３Ｆ
ＳＯＹＵ　ＧＡＭＥ　ＦＩＥＬＤ古川店,宮城県大崎市古川沢田字筒場浦１５番地イオンタウン古川内
アピナ新利府　北館店,宮城県宮城郡利府町利府字新屋田前２２イオンモール新利府北館２
ＧｉＧＯ仙台一番町,宮城県仙台市青葉区一番町４丁目５番１３号サンシャインビル１階
ＳＯＹＵＧａｍｅＦｉｅｌｄ矢本店,宮城県東松島市小松字上浮足４３番地イオンタウン矢本
アピナ富谷店,宮城県富谷市大清水１丁目３３‐１　１０９シネマズ富谷１階
タイトーステーション 仙台クリスロード店,宮城県仙台市青葉区中央２−３−２５
ＧｉＧＯ仙台,宮城県仙台市青葉区中央２−５−５三経６０ビル
ＧｉＧＯ秋田,秋田県秋田市茨島１−１−１６
ＳＯＹＵＧａｍｅＦｉｅｌｄ御所野店,秋田県秋田市御所野地蔵田１ー１−１イオンモール秋田２Ｆ
ｎａｍｃｏイオンタウン大館西店,秋田県大館市根下戸新町18-121イオンタウン大館西内
ラウンドワン秋田店,秋田県秋田市卸町１−１−２
ゲームフィールド十文字店,秋田県横手市十文字町仁井田字東22-1スーパーモールラッキー内
ペニーポット秋田,秋田県秋田市中通2-8-1フォンテ秋田4F
ＳＯＹＵＧａｍｅＦｉｅｌｄ能代店,秋田県能代市鰄渕字古屋布１番イオンタウン能代内
ＳＯＹＵＧａｍｅＦｉｅｌｄ大館店,秋田県大館市御成町三丁目７番５８号いとく大館ＳＣ３階
ＧｉＧＯ北山形,山形県山形市北町１−３−２０
ＧｉＧＯ米沢,山形県米沢市大字花沢字タナコ原１７７
ＧｉＧＯ天童,山形県天童市南町１−５−２６
ビーカム成沢店,山形県山形市成沢西５−３−２７
ソユーゲームフィールド三川店,山形県東田川郡三川町大字猪子字和田庫１２８−１イオン三川１Ｆ
ＧｉＧＯ庄内,山形県東田川郡三川町猪字大堰端３２６番地６
アピナ鶴岡店,山形県鶴岡市文下字広野１−１
ソユーゲームフィールド天童店,山形県天童市芳賀タウン北４−１−１ イオンモール天童２Ｆ
スタジオプリモ山形店,山形県山形市城南町１−１−１　霞城セントラル２Ｆ
ＧｉＧＯ新庄,山形県新庄市金沢１０６８
ＳＯＹＵＧａｍｅＦｉｅｌｄ酒田店,山形県酒田市泉町１９８番地イオンタウン酒田内
ＧｉＧＯ小名浜,福島県いわき市小名浜林城字塚前１８−１
ＧｉＧＯ日和田,福島県郡山市日和田町字西中島７−１
ＧｉＧＯ白河,福島県白河市新高山１−１　メガステージ白河内
ＧｉＧＯ福島,福島県福島市本内中井１−２
サープラ福島あそびタウン,福島県福島市栄町１−１　パワーシティーピボット内
ＧｉＧＯ福島南,福島県福島市黒岩字中島７−２
ＳＯＹＵ　Ｅ−ＳＴＵＤＩＯ須賀川店,福島県須賀川市古河１０５イオンタウン須賀川Ｂ棟内
ラウンドワン福島店,福島県福島市太田町14-18
ＧｉＧＯ会津若松,福島県会津若松市町北町上荒久田字宮下１４２
ラウンドワン郡山店,福島県郡山市向河原町４−５５
タイトーＦ郡山オリエントパーク店,福島県郡山市安積町荒井字大久保３５−１
ソユーゲームフィールド小名浜店,福島県いわき市小名浜字辰巳町７９イオンモールいわき小名浜３Ｆ
ＧｉＧＯ日立,茨城県日立市田尻町３−２６−１
ＧｉＧＯ霞ヶ浦,茨城県稲敷市西代１４７３−１
ＧＡＭＥ ＰＡＤＤＯＣＫ＋１,茨城県古河市小堤１９１６−１
ピンクパンサー下妻店,茨城県下妻市小島884-10
ゲームパニックつくば,茨城県土浦市中村東1-1-1サンタスワールド内
アピナ下館店,茨城県筑西市玉戸１０１２−３
ＧｉＧＯ神栖,茨城県神栖市神栖１ー８−１
ＧｉＧＯショッピングセンターチェリオ鹿嶋,茨城県鹿嶋市宮中２９０−１ショッピングセンターチェリオ１階
ピンクパンサー水戸赤塚店,茨城県水戸市河和田1-1
ＧｉＧＯデイズタウンつくば,茨城県つくば市竹園１—９−２デイズタウンつくば地下１Ｆ
ユーズランド水戸内原店,茨城県水戸市内原２−１イオンモール水戸内原２Ｆ
ＧｉＧＯ水戸,茨城県水戸市宮町１−７−４４コムボックス３１０
ゲームメガみらい平店,茨城県つくばみらい市陽光台１−１４−１
アミューズビバ,茨城県ひたちなか市東大島２−１１−１１
ゲームメガ日立店,茨城県日立市東多賀町５−１０−１０
ＧｉＧＯ石岡,茨城県石岡市東大橋中峯１９７６−１
ＧｉＧＯひたちなか,茨城県ひたちなか市田中後４０−２
ＧｉＧＯ龍ケ崎,茨城県龍ケ崎市藤ケ丘４−２−８
ゲームメガ水戸けやき台店,茨城県水戸市酒門町３２７６−１
ｎａｍｃｏiiasつくば店,茨城県つくば市研究学園5-19　iiasつくば店2F2190
楽市楽座イオンモール土浦店,茨城県土浦市上高津３６７イオンモール土浦ＳＣ３階
ＳＯＹＵ　ＴＯＹ’Ｓ　ＮＹ　守谷店,茨城県守谷市百合ヶ丘3-249-1　イオンタウン守谷2Ｆ
ＧｉＧＯＭＥＧＡドン・キホーテ勝田,茨城県ひたちなか市石川町１−１ＭＥＧＡドン・キホーテ勝田店２Ｆ
スタジオプリモ水戸店,茨城県水戸市宮町１−２−４マイム１F
ＧｉＧＯ水戸南,茨城県水戸市千波町２０１７−１
ピンクパンサー土浦店,茨城県土浦市木田余４５８５−３
タイトーＦステーションヨークタウン坂東店,茨城県坂東市辺田１１０４番地１
ゲームメガつくば店,茨城県つくば市小野崎１７７−２
ＧｉＧＯトナリエクレオつくば,茨城県つくば市吾妻１丁目７−１　トナリエクレオ３Ｆ
アミューズメントパレスワンダーヴュー阿見,茨城県稲敷郡阿見町大字阿見２９５８ショッピングセンター２階
ＧｉＧＯ宇都宮,栃木県宇都宮市東宿郷５−１−７
ＧｉＧＯ小山,栃木県小山市東城南１−１−１８
ＧｉＧＯ西那須野,栃木県那須塩原市南郷屋２−１０６−２７
ＧｉＧＯ日光,栃木県日光市芹沼１４４８−１
ｎａｍｃｏ宇都宮店,栃木県宇都宮市簗瀬町１６０６−１　Ｐ＆Ｄビル
シーサイドリゾートアミューズメントパーク,栃木県宇都宮市睦町７−３
INTER PARK+1宇都宮,栃木県宇都宮市インターパーク６−５−１
大田原スポーツランド,栃木県那須塩原市一区町１０４−６０
タイトーステーション 宇都宮ベルモール店,栃木県宇都宮市陽東６−２−１ベルモール内２Ｆ
ラウンドワン宇都宮店,栃木県宇都宮市江曽島町２０７２−１
ドラマ足利店,栃木県足利市朝倉町244-1
ｎａｍｃｏフェドラＰ＆Ｄ佐野店,栃木県佐野市高萩町１３４０
アピナ小山店,栃木県小山市駅南町４−２７−１８
タイトーＦステーション小山店,栃木県小山市喜沢1475ハーヴェストウォーク内スポーツシネマ棟
TFSトナリエ宇都宮,栃木県宇都宮市駅前通り１丁目４番６号トナリエ宇都宮
スタジオプリモ宇都宮店,栃木県宇都宮市曲師町2-8宇都宮フェスタ1F
アピナ宇都宮店,栃木県河内郡上三川町磯岡４２１ー１ジョイフル本田宇都宮店２階
ＧｉＧＯ太田,群馬県太田市西矢島町５７５−１
ＧｉＧＯ沼田,群馬県沼田市下久屋町１１００−１
群馬レジャーランド伊勢崎店,群馬県伊勢崎市連取町3066-1
アピナ太田店,群馬県太田市内ケ島町９０７−１
インターワールド伊勢崎店,群馬県伊勢崎市宮子町３４２５−４
ＧｉＧＯ館林,群馬県館林市小桑原町９４９−１
ユーズランド太田店,群馬県太田市石原町８１番地イオンモール太田２Ｆ
群馬レジャーランド太田店,群馬県太田市西矢島町162-2
群馬レジャーランド藤岡店,群馬県藤岡市中2002-1
ユーズランド高崎店,群馬県高崎市棟高町１４００番地イオンモール高崎２Ｆ
ｎａｍｃｏけやきウォーク前橋,群馬県前橋市文京町２−１−１けやきウォーク前橋2F
群馬レジャーランド渋川店,群馬県渋川市八木原1364
ラウンドワン前橋店,群馬県前橋市天川大島町１１０１−１
ＧｉＧＯＭＥＧＡドン・キホーテ桐生,群馬県桐生市永楽町５−１０ＭＥＧＡドン・キホーテ桐生店３Ｆ
ＧｉＧＯスマーク伊勢崎,群馬県伊勢崎市西小保方町３６８スマーク伊勢崎３Ｆ　３０２区画
タイト—Ｆステーション高崎オ—パ店,群馬県高崎市八島町４６−１　高崎オ—パ７階
群馬レジャーランド高崎駅東口店,群馬県高崎市江木町３３３−１高崎ＥＸビル
タイトーステーション 和光店,埼玉県和光市丸山台１−４−５
ＧｉＧＯ所沢,埼玉県所沢市日吉町８−１
ＧｉＧＯ入間,埼玉県入間市東藤沢２−１８
ＧｉＧＯ川口,埼玉県川口市東領家２−２−１０
ＧｉＧＯ籠原,埼玉県熊谷市美土里町１−１−１６９
楽市楽座イオンモール川口前川店,埼玉県川口市前川1-1-11イオンモール川口前川店3F
埼玉レジャーランド春日部店,埼玉県春日部市大字増富字谷際163-1
アミューズランドモナコ川越店,埼玉県川越市新富町2-4-1
ラウンドワン大宮店,埼玉県さいたま市大宮区宮町４−９０−７
ラウンドワンわらび店,埼玉県蕨市北町５−１−６
ウェアハウス上尾店,埼玉県上尾市二ツ宮１０４４
ウェアハウス越谷店,埼玉県越谷市南荻島８４１−１
アミューズメントクラブ浦和,埼玉県さいたま市浦和区仲町1-10-7
ゲームファクトリーマグマ草加店,埼玉県草加市氷川町2125-1
ゲームシティ川口店,埼玉県川口市栄町1-10-5
ウェアハウス岩槻店,埼玉県さいたま市岩槻区加倉３−３−６３
アドアーズ和光,埼玉県和光市本町３−５ワコーステーション３　１−３Ｆ
アミューズメントフィールドバイヨン,埼玉県ふじみ野市うれし野２−１６−１LCモールうれし野２Ｆ
ｎａｍｃｏ熊谷店,埼玉県熊谷市銀座2-97CARPA1階
ＧｉＧＯ花園,埼玉県深谷市荒川３５９
シルクハット川口,埼玉県川口市栄町３−１−１６イート川口ビル４Ｆ
ＳＯＹＵＧａｍｅＦｅｉｌｄ熊谷,埼玉県熊谷市銀座2-245ﾆｯﾄﾓｰﾙ4F
ＧｉＧＯイオンモール与野,埼玉県さいたま市中央区本町西５ー２−９イオンモール与野３Ｆ
ゲームパニック三郷,埼玉県三郷市ピアラシティ1-1-200
ラウンドワン朝霞店,埼玉県朝霞市膝折町２−１６−１０
ＧｉＧＯイオンモール浦和美園,埼玉県さいたま市緑区美園５−５０−１イオンモール浦和美園２Ｆ
アドアーズ蕨,埼玉県蕨市塚越1-4-4ラ・セーヌビル2階
ラウンドワン上尾店,埼玉県上尾市大字平塚９１７−１
ウェアハウス草加店別館,埼玉県草加市稲荷２−３６−３３
ラウンドワンさいたま・栗橋店,埼玉県久喜市小右衛門１９２−１
ラウンドワン入間店,埼玉県入間市小谷田３−７−２５
ビッグボウル杉戸,埼玉県北葛飾郡杉戸町大字杉戸２３３８
プラサカプコン羽生店,埼玉県羽生市川崎２−２８１−３イオンモール羽生２階
ラウンドワン草加店,埼玉県草加市谷塚上町２０４番１
ユーズランド越谷店,埼玉県越谷市レイクタウン4-2-2イオンレイクタウンKAZE3F
アピナ川越店,埼玉県川越市泉町１−１　ウニクス南古谷シネマ棟１Ｆ
ソユーゲームフィールド菖蒲店,埼玉県久喜市菖蒲町菖蒲６００５番地１　モラージュ菖蒲３Ｆ
ラウンドワンさいたま・上里店,埼玉県児玉郡上里町大字金久保３９４−１
タイトーステーション 所沢店,埼玉県所沢市日吉町３−７
ラウンドワンららぽーと新三郷店,埼玉県三郷市新三郷ららシティ3-1-1ららぽーと新三郷2F20000番
ラウンドワンさいたま・鴻巣店,埼玉県鴻巣市箕田３１６３−７
ソユーゲームフィールド川口店,埼玉県川口市並木元町１−７９　アリオ川口３Ｆ
ギガステーション戸田店,埼玉県戸田市大字美女木943-7
ハローズガーデンワカバウォーク店,埼玉県鶴ヶ島市富士見1-2-1ワカバウォーク2F
ユーズランド春日部店,埼玉県春日部市下柳４２０−１イオンモール春日部２Ｆ
アピナ上尾店,埼玉県上尾市緑丘３−３−１１−２　Ｐ・Ａ・Ｐ・Ａ上尾ＳＣ別棟
タイトーＦステーションダイエー大宮店,埼玉県さいたま市大宮区桜木町２‐３　ダイエー店内７Ｆ
プリモピア鴻巣店,埼玉県鴻巣市北新宿２２５−１ウニクス鴻巣１階
テクモピア川越店,埼玉県川越市脇田町４ー２ドンキホーテ川越東口店３Ｆ
ＧｉＧＯ南越谷ラクーン,埼玉県越谷市南越谷１丁目１５番１号南越谷ラクーン２Ｆ
ラウンドワン所沢店,埼玉県所沢市東町５丁目２２　６階
ＧｉＧＯ大宮西口,埼玉県さいたま市大宮区桜木町二丁目３番地２
ウェアハウス三橋店,埼玉県さいたま市西区三橋６−９５５−１
埼玉レジャーランド大宮駅東口店,埼玉県さいたま市大宮区宮町1丁目8 大宮セントラルビルＢ１Ｆ－２Ｆ
ＧｉＧＯビバモール蕨錦町,埼玉県蕨市錦町１丁目１２ー１２階２１８区画
埼玉レジャーランド大宮ラクーン店,埼玉県さいたま市大宮区宮町1-60 RAKUUN５階
タイトーステーション 大宮店,埼玉県さいたま市大宮区大門町１−１
タイトーステーション 柏店,千葉県柏市柏２−３−１フーサワビル
ＧｉＧＯ柏,千葉県柏市柏１−１−１１丸井デパート内Ｂ１Ｆ
ＧｉＧＯ千葉,千葉県千葉市中央区富士見２−４−１
ＧｉＧＯ旭,千葉県旭市二字野場３１５０−１
ＧｉＧＯイオン新浦安ショッピングセンター,千葉県浦安市入船１−４−１イオン新浦安ＳＣ４Ｆ
ラッキー中央店・フェリシダ,千葉県千葉市中央区富士見2-8-1
千葉レジャーランド成東店,千葉県山武市姫島111-1
千葉レジャーランド野田店,千葉県野田市吉春776-1
ウェアハウス南流山店,千葉県流山市南流山４−１６−６
チャリオット五井店,千葉県市原市五井中央西２−１−２
プラサカプコン成田店,千葉県成田市ウイング土屋２４イオン成田ＳＣ２Ｆ
スポーツウェーブ鉄腕24,千葉県千葉市中央区浜野町1025-59
ラッキーバッティングドーム八千代店,千葉県八千代市大和田新田1088
アドアーズ千葉,千葉県千葉市中央区富士見２−４−１５第一東和ビル
ＧｉＧＯ幕張,千葉県千葉市美浜区ひび野１−８メッセ・アミューズ・モール１Ｆ
パレパレ稲毛長沼店,千葉県千葉市稲毛区長沼原町731-17フレスポ稲毛Ａ２棟４
ＧｉＧＯ八柱,千葉県松戸市日暮１−１−１八柱駅第２ビル２Ｆ
プラサカプコン富津店,千葉県富津市青木1-5-1イオンモール富津内ゲームコーナー
柏ガリバー,千葉県柏市柏１−１−１１ファミリかしわ地下
シルクハット津田沼,千葉県習志野市津田沼１−２−１十三ビル地下１階
ＧｉＧＯフェスティバルウォーク蘇我,千葉県千葉市中央区川崎町５１−１ハーバーシティ蘇我ＦＷ　１Ｆ
ラッキー佐倉店,千葉県佐倉市井野1475
フリスポ佐原,千葉県香取市佐原イ−４２００
スーパーウェーブ柏,千葉県柏市十余二２４９−５
タイトーステーション 船橋店,千葉県船橋市本町１−６−１
スポーツウェーブ鉄腕24稲毛長沼店,千葉県千葉市稲毛区長沼原町697番地
ＧｉＧＯ稲毛オーツーパーク,千葉県千葉市稲毛区園生町３８０−１
ラウンドワン市原店,千葉県市原市八幡北町３−５−１
ラウンドワン習志野店,千葉県習志野市芝園１−４−５
ラウンドワン市川鬼高店,千葉県市川市鬼高４−１−３
タイトーステーション 旭サンモール店,千葉県旭市イ−２６７６−１　サンモール３Ｆ
ソユーゲームフィールド幕張店,千葉県千葉市花見川区幕張町４−４１７−２５　ＩＹ幕張店２Ｆ
ＧｉＧＯイオンモール銚子,千葉県銚子市三崎町２−２６６０−１イオンモール銚子２Ｆ
プレビ　ららぽーとＴＯＫＹＯーＢＡＹ店,千葉県船橋市浜町２−１−１ららぽーとTOKYOBAY西館３階
タイトーＦステーション市川妙典店,千葉県市川市妙典4-1-1　イオン市川妙典店2番街2F
アドアーズ船橋,千葉県船橋市本町１−３１−２６セブン船橋Ｂ１Ｆ〜３Ｆ
ソユーゲームフィールド木更津店,千葉県木更津市築地１−４イオンモール木更津２F
ラウンドワンアリオ柏店,千葉県柏市大島田１丁目６番地１セブンパークアリオ柏　１０７０
ゲームランド津田沼店,千葉県習志野市津田沼１−２３−１イオンモール津田沼２Ｆ
タイトーＦステーション新松戸店,千葉県松戸市新松戸３−２−２イオンフードスタイル新松戸店４階
アピナ印西店,千葉県印西市原１−２ビッグホップガーデンモール印西２Ｆ
アピナ市原店,千葉県市原市更級４丁目２番１号アクロスプラザ市原更級Ｆ棟１階
ＧａｍｅＦｉｅｌｄ千城台店,千葉県千葉市若葉区千城台北３丁目２１−１イコアス千城台３Ｆ
スタジオプリモ本八幡店,千葉県市川市八幡２−１５−１０パティオ５階
ＧｉＧＯそよら成田ニュータウン,千葉県成田市赤坂２丁目１ー１０５Ｆ５１０区画
ＧｉＧＯ我孫子,千葉県我孫子市柴崎字天王谷４７−１
テクモピア船橋南口店,千葉県船橋市本町１ー７ー６ドリーム船橋ビル３Ｆ
ｎａｍｃｏ松戸店,千葉県松戸市松戸１２３０−１ピアザ松戸１Ｆ
アミューズメントエース津田沼,千葉県船橋市前原西２−１５−１ファシービル
ＧｉＧＯ渋谷宮益坂,東京都渋谷区渋谷１−１４−１４ＥＳＴ１階・７階
ＧｉＧＯ新宿西口,東京都新宿区西新宿１−１２−５Ｂ１Ｆ・１Ｆ
新宿スポーツランド本館,東京都新宿区新宿3-22-12
ＧｉＧＯ西葛西,東京都江戸川区西葛西５−１−１４第一保志ビル
ＧｉＧＯ船堀,東京都江戸川区船堀１ー６ー１１
ＧｉＧＯ神楽坂,東京都新宿区神楽坂２−１１第２カグラヒルズ１Ｆ
ＧｉＧＯ大森,東京都大田区山王２−１−５大森駅ララビル２Ｆ
ＧｉＧＯ立川,東京都立川市柴崎町３−２−１サザンビル１・２Ｆ
ＧｉＧＯ自由が丘,東京都目黒区自由が丘２ー１０ー９
ＧｉＧＯ福生,東京都福生市福生１０７６−１
ＧｉＧＯ池上,東京都大田区池上６−２−３松山ビル２Ｆ
ｎａｍｃｏ巣鴨店,東京都豊島区巣鴨１−１５−１宮田ビルB2F
ゲームプラザセントラル八王子店,東京都八王子市東町12-15第5セントラル
アミューズメントスペースASO：VIBA！,東京都渋谷区恵比寿1-10-5三恵エビスビル2F
アドアーズ中野,東京都中野区中野５−５２−１５　ブロードウェイ１８５
アドアーズ町田,東京都町田市原町田６−２１−２５　大正堂第２ビル１〜４Ｆ
アドアーズ仙川,東京都調布市仙川町２−２１−１２　ＶＩＣビル７
プラサカプコン吉祥寺店,東京都武蔵野市吉祥寺本町１−１０−１いなりやビル地下１階
ラウンドワン南砂店,東京都江東区南砂６−７−１５トピレックプラザ４Ｆ
タイトー新宿南口ゲームワールド店,東京都新宿区新宿３−３５−８
タイトーステーション 渋谷店,東京都渋谷区渋谷１−２４−１２渋谷東映プラザ
タイトーＢＩＧＢＯＸ高田馬場店,東京都新宿区高田馬場１−３５−３　ＢＩＧＢＯＸ６Ｆ
タイトーステーション新宿東口店,東京都新宿区新宿３−２２−７　指田ビル
タイトーステーション国分寺店,東京都国分寺市本町３−５−１１
ウェアハウス入谷店,東京都足立区入谷７−８−１１
ウェアハウス保木間店,東京都足立区保木間１−１−１９
アミューズメントスペースカプセル,東京都多摩市永山１−３−４ヒューマックスパビリオン永山B1-2F
東十条ゲームリボン,東京都北区東十条4-4-23
ハイテクランドキューデン,東京都足立区西新井栄町2-7-2
タイトーステーション 町田店,東京都町田市原町田６−２１−２３　松山ビル１階
アドアーズ亀戸店,東京都江東区亀戸５−２−６サンエービル１〜５階
ｎａｍｃｏ中野店,東京都中野区中野５−５２−１５中野ブロードウェイ別館
タイトーステーション 上野アメ横店,東京都台東区上野４−１０−１７
ＧｉＧＯ府中,東京都府中市西原町１−６−２フレスポ府中１Ｆ・２Ｆ
ドラマ八王子高倉店,東京都八王子市高倉町55-4
ゲームサファリ大山,東京都板橋区大山東町60-10やすだ大山駅前店2F
ＧｉＧＯアリオ葛西,東京都江戸川区東葛西９−３−３イトーヨーカドー３Ｆ
ラウンドワン板橋店,東京都板橋区相生町１６−１３
ｎａｍｃｏ王子サンスクエア店,東京都北区王子１−４−１サンスクエア２階
ゲームＷ,東京都豊島区南長崎5-27-6
ＧｉＧＯイオンモールむさし村山,東京都武蔵村山市榎１−１−３−２０５９
アピナ八王子みなみ野店,東京都八王子市みなみ野１−２−１アクロスモール３Ｆ
アドアーズ新小岩,東京都葛飾区新小岩１−４４−４　ＶＯＲＴ新小岩ビル
ドラマ瑞穂店,東京都西多摩郡瑞穂町武蔵382-1
ユーズランド日の出店,東京都西多摩郡日の出町大字平井237-3イオンモール日の出３Ｆ
東京レジャーランド秋葉原2号店,東京都千代田区外神田4-3-3ミナミビル6F・7F
ラウンドワン武蔵村山店,東京都武蔵村山市伊奈平３−１−１
ＧｉＧＯラパーク瑞江,東京都江戸川区瑞江２−１−２ドン・キホーテラパーク瑞江店４Ｆ
ＧｉＧＯ赤羽,東京都北区赤羽１−７−９赤羽第一葉山ビルＢ１
ラウンドワン府中本町駅前,東京都府中市本町１−１３−３カネタビル
タイトーステーション錦糸町楽天地店,東京都墨田区江東橋４−２７−１４楽天地ビルＢ１Ｆ
SOYU ZAURUS WORLD 大森店　,東京都大田区大森北2-13-1イトーヨーカドー大森店3F
ソユープレイランドソピア八王子店,東京都八王子市狭間町1462-1イトーヨーカドー八王子店3F
ハローズガーデン武蔵小金井店,東京都小金井市本町6-14-9イトーヨーカドー武蔵小金井店4F
ラウンドワンダイバーシティ東京プラザ店,東京都江東区青海1-1-10ダイバーシティ東京プラザ6階61000
Amusement&Game MAGHREB,東京都多摩市落合１−４１−１マグレブウェスト１階・２階
ＧｉＧＯ竹の塚,東京都足立区竹の塚６−８−６ピーくんＰｌａｚａ−ｂ
東京レジャーランド亀有店,東京都葛飾区亀有3-21-2
タイトーステーション 池袋西口店,東京都豊島区西池袋１−１５−９第一西池ビル
タイトーステーション立川北口店,東京都立川市曙町２−４−５クリサス立川２・３Ｆ
ラウンドワン吉祥寺店,東京都武蔵野市吉祥寺本町1-11-22
ＧｉＧＯ町田,東京都町田市原町田６−１３ー１７アーバンミサワビルＢ１
ＧｉＧＯ赤羽駅前,東京都北区赤羽１−２−４
アピナ荻窪店,東京都杉並区上荻１−１３−１０ハクサンビル
ＧｉＧＯ南町田ＧＢＰシアター,東京都町田市鶴間３−４−１ワンダーシアター１階Ｈ１０３区画
ウェアハウス一橋学園店,東京都小平市学園東町一丁目４番３９号平山ビル３Ｆ
ＧｉＧＯ新大久保,東京都新宿区百人町２丁目１０−１南雲ビルＢ１Ｆ
ＷＯＲＬＤ　ＧＡＭＥ　ＣＩＲＣＵＳ,東京都立川市羽衣町２−４−１３羽衣長田ビル１０１ＷＧＣ
東京レジャーランド池袋店,東京都豊島区東池袋１−２９−１サントロペ池袋２階３階
東京レジャーランド吉祥寺店,東京都武蔵野市吉祥寺本町1-3-7　YSビル地下１階〜4階
GiGO池袋3号館,東京都豊島区東池袋1-1-4池袋北辰ビル
ｎａｍｃｏ秋葉原,東京都千代田区外神田１丁目１５番９号
アピナ成増店,東京都板橋区成増二丁目２１番２号　メガドンキホーテ成増店５階
ソユーゲームフィールド南大沢店,東京都八王子市南大沢２−２８−１イトーヨーカドー南大沢店２Ｆ
ＧｉＧＯ成増,東京都板橋区成増２ー１７ー２４五曠第６ビル
ＧｉＧＯ立石,東京都葛飾区立石７丁目３番６号リ・セブン
シルクハット蒲田西口,東京都大田区西蒲田７−２−３第二醍醐ビル地下１階〜２階
東京レジャーランド秋葉原店,東京都千代田区外神田1-9-5
シルクハット八王子,東京都八王子市旭町２−５　八王子ツインタワービル３階
タイトーＦステーションオリナス錦糸町店,東京都墨田区太平4-1-2オリナスモール地下1F
ｎａｍｃｏ池袋店ＲＥＤ,東京都豊島区東池袋１−２２−１０　ＨＵＭＡＸパビリオン１Ｆ
ＧｉＧＯ秋葉原３号館２,東京都千代田区外神田１−１１−１１外神田１丁目ビルディング
ＧｉＧＯ高田馬場,東京都新宿区高田馬場４−７−５高田馬場グランド東京
ゲームパニック秋葉原,東京都千代田区外神田1-13-1　Akihabara ex
ＧｉＧＯ秋葉原１号館,東京都千代田区外神田１−１０ー９
アミューズランドモナコ調布駅前店,東京都調布市布田４−２−２２
ラウンドワン町田店,東京都町田市森野１−１３−１４
ラウンドワン池袋店,東京都豊島区東池袋１−１４−１
ゲームパニック新宿歌舞伎町,東京都新宿区歌舞伎町1-20-1　ﾋｭｰﾏｯｸｽﾊﾟﾋﾞﾘｵﾝ1階2階
ＧｉＧＯ総本店,東京都豊島区東池袋一丁目１３番６号
ＧｉＧＯ本厚木,神奈川県厚木市中町４−１５−９
ＧｉＧＯ相模原,神奈川県相模原市中央区中央２−１−５
ＧｉＧＯ相模大野,神奈川県相模原市南区相模大野３−１３−２東和ビル２Ｆ・３Ｆ
アドアーズ大和店Ａ館,神奈川県大和市大和東１−４−３大黒屋ビル１、２階
シルクハット本厚木,神奈川県厚木市中町３−４−２２第二会田ビル２階
シルクハット伊勢佐木町,神奈川県横浜市中区伊勢佐木町３—９６日活会館３階
ラウンドワン高津店,神奈川県川崎市高津区二子４−８−１
タイトーステーション溝の口,神奈川県川崎市高津区溝口１−１１−８ＯＫＫＡ６３４ビル３階
タイトーステーション戸塚西口店,神奈川県横浜市戸塚区戸塚町４０２３
プラサカプコン横須賀店,神奈川県横須賀市若松町2-30モアーズシティ4F
ラウンドワン横浜綱島店,神奈川県横浜市港北区樽町２−６−４０Ｔ-PLATZ内
ゲームコスモ鶴見店,神奈川県横浜市鶴見区豊岡町１７−４
テクモピア座間店,神奈川県座間市ひばりが丘４−１１−４８
ＧｉＧＯ綱島,神奈川県横浜市港北区綱島西２−６−２９
神奈川レジャーランド厚木店,神奈川県厚木市戸室5-31-1
シルクハット大船,神奈川県鎌倉市大船１−２４　大船駅前ビル１〜３Ｆ
ＧｉＧＯ新杉田,神奈川県横浜市磯子区杉田１−１−１らびすた新杉田２Ｆ
ラウンドワン川崎大師店,神奈川県川崎市川崎区殿町１−５−１
ドラマ藤沢店,神奈川県藤沢市本藤沢5-6-8
タイトーステーション海老名ビナウォーク店,神奈川県海老名市中央１−１８−１　ビナウォーク６番館２Ｆ
ドラマ港北インター店,神奈川県横浜市都筑区東方町321-6
アドアーズ橋本,神奈川県相模原市緑区橋本３−３−１ＳＩＮＧビル２Ｆ
楽市楽座湘南藤沢店,神奈川県藤沢市辻堂新町4-3-5ﾐｽﾀｰﾏｯｸｽ湘南藤沢SC２F
プレイランド大和鶴間,神奈川県大和市下鶴間１−３−１イトーヨーカドー大和鶴間店３Ｆ
タイトーステーション横浜西口五番街店,神奈川県横浜市西区南幸１−１２ー９
タイトーステーション 藤沢店,神奈川県藤沢市南藤沢２１−１
プレビ　アリオ橋本店,神奈川県相模原市緑区大山町１−２２アリオ橋本店内２階
プレイランド川崎,神奈川県川崎市川崎区小田栄2-2-1-3F
ＳＯＹＵGAME　FIELD湘南店,神奈川県藤沢市辻堂新町4-1-1湘南モールＦＩＬＬ2F
ＧｉＧＯダイナシティ小田原,神奈川県小田原市中里２９６−１ダイナシティイーストモール３Ｆ
ＧｉＧＯイト—ヨーカドー古淵,神奈川県相模原市南区古淵３−１３−３３イトーヨーカドー３Ｆ
イミグランデ溝口店,神奈川県川崎市高津区溝口１−１４−７　第二カスタムビル
ＧｉＧＯ横浜中華街,神奈川県横浜市中区山下町８０−１
アピナ橋本店,神奈川県相模原市緑区西橋本５−１−１ラ・フロール駐車場棟１階
イミグランデ日吉店３,神奈川県横浜市港北区日吉2−2−4
ラウンドワンららぽーと湘南平塚店,神奈川県平塚市天沼１０−１３階 ３３２８０番
ＧｉＧＯ海老名,神奈川県海老名市中央一丁目４番３１号海老名プラザビル１階
ＧｉＧＯセンター南,神奈川県横浜市都筑区茅ヶ崎中央３−２５
タイトーFステーション向ヶ丘遊園店,神奈川県川崎市多摩区登戸2718-1
ソユーゲームフィールド上大岡店,神奈川県横浜市港南区上大岡西１−１８−３　ミオカリスト館６階
ｎａｍｃｏコースカベイサイドストアーズ,神奈川県横須賀市本町２−１−１２　コースカベイサイド５Ｆ
ＧｉＧＯ相模原ラクーン,神奈川県相模原市中央区小山１ー１ー１４
シルクハットマルイファミリー海老名,神奈川県海老名市中央１ー６ー１マルイファミリー海老名３階
ラウンドワン横浜駅西口店,神奈川県横浜市西区南幸２−８−１６
シルクハット川崎ダイス,神奈川県川崎市川崎区駅前本町８番地ダイスビル地下２階
イトーヨーカドー横浜ゲームコーナー,神奈川県都筑区池辺４０３５−１ＩＹ堂２Ｆ子供ワールド部ハローズ宛
カプコサーカス新潟東店,新潟県新潟市東区大形本町３−１−２　ジャスコシティ新潟東
上越レジャーランボウル,新潟県上越市下門前薬島827-2
メジャーロード24,新潟県見附市今町4-20-568-1
タイトーＦステーション燕三条店,新潟県燕市井土巻３−１５０イオン県央店アメニティ棟１Ｆ
ｎａｍｃｏ新潟店,新潟県新潟市中央区南笹口１−１−１　ひもろぎビル２Ｆ
メジャーロード黒埼,新潟県新潟市西区山田３３０３番地（３３０２番地）
ラウンドワン新潟店,新潟県新潟市中央区美咲町２−１−３８
ハローズガーデン長岡店,新潟県長岡市千秋２−２７８アピタリバーサイド千秋長岡店２Ｆ
アピナ上越インター店,新潟県上越市下門前１６６１
アピナ長岡店,新潟県長岡市堺東町２２
タイトーＦステーション上越店,新潟県上越市富岡3524 J-MAXシアター内1F
ＨａｐｉｐｉＬａｎｄ十日町,新潟県十日町市丑７３５−１
ハローズガーデンプラス新発田店,新潟県新発田市住吉町５‐１１‐５イオンモール新発田店２階
ＧｉＧＯ万代シティバスセンタービル,新潟県新潟市中央区万代１丁目６番１号
トヤマレジャーランド呉羽店,富山県富山市高木字貝塚2054
タイトーステーション ファボーレ婦中店,富山県富山市婦中町下轡田１６５−１フューチャーファボーレ２F
ユーズランド高岡店,富山県高岡市下伏間江３８３イオンモール高岡２Ｆ
アピナ富山新庄店,富山県富山市荒川３−２−１２
アピナ富山豊田店,富山県富山市豊田町２丁目１２−６６
キッズサーカス五福店,富山県富山市五福1143-1
アピナ富山南店,富山県富山市堀川町３５５−３　マイプラザ内
ＧｉＧＯイオンモール高岡,富山県高岡市下伏間３８３　イオンモール高岡２Ｆ２００１Ａ区画
ＧｉＧＯマリエとやま,富山県富山市桜町１丁目１番６１号マリエとやま４Ｆ
富山レジャーランド掛尾店,富山県富山市掛尾町３６０−１
ＧｉＧＯアルプラザ金沢,石川県金沢市諸江町３０−１
バイパスレジャーランド藤江新館,石川県金沢市藤江南2-105
タイトーステーション 金沢店,石川県金沢市片町２−１−７宇都宮片町ビル
バイパスレジャーランド加賀店,石川県加賀市箱宮町ヲ1-1
ＧｉＧＯイオンタウン金沢示野,石川県金沢市戸板西２−１
アピナ野々市店,石川県野々市市白山町４−１イオンタウン野々市店内
楽市楽座イオンモール新小松店,石川県小松市清六町３１５イオンモール新小松店２Ｆ
ラウンドワン金沢店,石川県金沢市横川6-120-1
ＧｉＧＯ福井,福井県福井市丸山１−４１０
ＧｉＧＯ武生,福井県越前市新町３−１３−４
フクイレジャーランドワイプラザ店,福井県福井市新保北1-303　ヤスサキワイプラザＢ棟2Ｆ
ＪＯＹＬＡＮＤ敦賀店,福井県敦賀市木崎４０ー１２
福井レジャーランド板垣店,福井県福井市下馬３−１０２
ゲームパニック甲府,山梨県甲府市国母5-20-24
プラサカプコン甲府店,山梨県中巨摩郡昭和町西条字北河原３７１７
楽市楽座イオンモール甲府店,山梨県中巨摩郡昭和町飯喰１５０５−１イオンモール２０１１
アピナ長野大橋店,長野県長野市若里７−９−１２
ＧｉＧＯ豊科,長野県安曇野市豊科南穂高１１１５
アピナ伊那店,長野県伊那市大字西町５０９３
アピナ松本店,長野県松本市双葉１９−１０
ＧｉＧＯ岡谷,長野県岡谷市塚間町２−１−２１
ラウンドワン長野店,長野県長野市大字東和田８２７番地６
アピナ塩尻店,長野県塩尻市広丘野村１７９４−１
アピナ飯田店,長野県飯田市座光寺３７２８−１
アピナ長野川中島店,長野県長野市川中島町御厨９６７−１
アピナ佐久インター店,長野県佐久市岩村田北１−１３−１
ゲームゾーン岡谷店,長野県岡谷市中央町２−２−１イルプラザ１Ｆ
ソユーゲームフィールド長野店,長野県長野市三輪９−４３−２４イオンタウン長野三輪店
アピナ上田店,長野県上田市秋和３５９−１
楽市楽座イオンモール松本店,長野県松本市中央四丁目９番５１号
ＧｉＧＯ高山,岐阜県高山市上岡本町７−７
ゲームファンタジアン柳津店,岐阜県岐阜市柳津町上佐波西3-68
Ａ．Ｃ．グランド,岐阜県岐阜市茜部大川1-77
ＧｉＧＯマーゴ関,岐阜県関市倉知５１６
大垣メトロポリス,岐阜県大垣市三塚町西沼５２３−１
オリエンタルバッティング可児店,岐阜県可児市今渡６９５−１
ｎａｍｃｏイオンモール各務原インター店,岐阜県各務原市那加萱場町３−８イオンモール各務原店２Ｆ
ＧｉＧＯアクアウォーク大垣,岐阜県大垣市林町６ー８０ー２１アクアウォーク大垣２Ｆ
ラウンドワンモレラ岐阜店,岐阜県本巣市三橋１１００
ゲームピコ鵜沼店,岐阜県各務原市鵜沼西町３丁目３０９　イオンタウン各務原鵜沼内
アピナ各務原店,岐阜県各務原市蘇原花園町２丁目９番地１
ＭＩＲＡＩＮＯイオンモール土岐店,岐阜県土岐市土岐津町土岐口中山１３７２番１
岐阜レジャーランド穂積店,岐阜県瑞穂市稲里630番地
コミ丸アリババ大垣店,岐阜県大垣市池尻町９４０−１
ラウンドワン富士店,静岡県富士市八代町４−１５
ポート２４浜松店,静岡県浜松市中央区坪井町4183-1
ＧｉＧＯ掛川,静岡県掛川市細田２４８
ＧｉＧＯ袋井,静岡県袋井市川井１１４２−１
アピナ焼津店,静岡県焼津市道原５８５
ＧｉＧＯサントムーン柿田川,静岡県駿東郡清水町玉川６１−２サントムーン柿田川２Ｆ
サープラ沼津あそびタウン,静岡県沼津市大手町１−１−５
アピナ浜松店,静岡県浜松市中央区葵西２−２７−１０
タイトーステーション新浜松ザザシティ店,静岡県浜松市中央区鍛冶町１５サザンシティ西館２Ｆ
プラサカプコン志都呂店,静岡県浜松市中央区志都呂町2-37-1 ｲｵﾝﾓｰﾙ浜松志都呂3F
楽市楽座サンストリート浜北店,静岡県浜松市浜名区平口２８６１サンストリート浜北
ラウンドワン浜松店,静岡県浜松市中央区天王町諏訪１９８１−１７
ラウンドワン静岡・駿河店,静岡県静岡市駿河区手越７５
ソユー竜宮タウン静岡店,静岡県静岡市駿河区石田1-5-1アピタ静岡ＳＣ2Ｆ
ＧｉＧＯベイドリーム清水,静岡県静岡市清水区駒越北８−１ベイドリーム清水２Ｆ
アミューズメントパーク静岡店,静岡県静岡市葵区柚木１０２６番地３階
アップル島田店,静岡県島田市宝来町8-5
タイトーＦステーション静岡,静岡県静岡市葵区呉服町２−５−４　ふしみや第２ビル
アピナ磐田店,静岡県磐田市西貝塚横須賀道北3690イオンタウン磐田内
タイトーＦステーションイオン富士宮店,静岡県富士宮市浅間町１−８　イオンモール富士宮３Ｆ
スーパーウェーブ静岡,静岡県静岡市清水区鳥坂８６０
ＧｉＧＯ静岡,静岡県静岡市葵区七間町４番地
アップル新北街道店,静岡県静岡市葵区沓谷5-13-4
アップルグランリバー大井川店,静岡県焼津市下江留１３２７
半田メトロポリス,愛知県半田市旭町３−１１−１
ＧｉＧＯ金山,愛知県名古屋市熱田区金山１−１９ー２
ＧｉＧＯ岡崎,愛知県岡崎市上地３−５０−４
アミューズメントプラザワイド,愛知県東海市名和町二番割上16-2
ＧｉＧＯ春日井,愛知県春日井市岩野町４１８０
ＧｉＧＯ東名ボール,愛知県瀬戸市西原町２−１１４
ＧｉＧＯ豊田,愛知県豊田市深田町１−６５−１
安城メトロポリス,愛知県安城市浜富町６−８
ＧｉＧＯギャラリエアピタ知立,愛知県知立市長篠町大山１８−１ギャラリエアピタ１Ｆ
ＧｉＧＯ安城,愛知県安城市百石町２−３５−１３
ＧｉＧＯ豊橋飯村,愛知県豊橋市飯村町字西山２５−１２１
ゲームパニック大高,愛知県名古屋市緑区忠治山２０１番地
名古屋レジャーランド内田橋店,愛知県名古屋市南区内田橋2-26-22
ラウンドワン千種店,愛知県名古屋市千種区新栄3-20-17タイホウ千種駅前南ビル8階
ラウンドワン鳴海店,愛知県名古屋市緑区鳴海町杜若２８
M's PARK豊田店,愛知県豊田市寿町３−２１、２２
M's PARK刈谷店,愛知県刈谷市稲場町３−２０６
オークランドボウル春日井,愛知県春日井市鳥居松町３−１１　１階ゲームコーナー
ユーズランド東浦店,愛知県知多郡東浦町緒川旭１３−２イオンモール東浦２Ｆ
ＧｉＧＯ尾西,愛知県一宮市篭屋３−９−７アソビックスびさい１Ｆ
ポート２４幸田店,愛知県額田郡幸田町相見沖原1-3
ゲームファンタジアン岡崎店,愛知県岡崎市錦町２−４
楽市街道 名古屋店,愛知県北名古屋市中之郷新明４５−１
アミューズメントワールドメトロポリス小牧,愛知県小牧市村中新町３３
ラウンドワン中川１号線店,愛知県名古屋市中川区法蔵町２−２３
ＧｉＧＯイオンモール木曽川,愛知県一宮市木曽川町黒田八ヶ池２５−１イオンモール木曽川３Ｆ
楽市楽座イオンモール扶桑店,愛知県丹羽郡扶桑町南山名高塚5番地イオンモール扶桑2階
ラウンドワン名古屋西春店,愛知県北名古屋市宇福寺神明１５
ムー大陸西尾シャオ店,愛知県西尾市下町御城下２３−１シャオ２Ｆ
ｎａｍｃｏイオンモールナゴヤドーム前店,愛知県名古屋市東区矢田南4丁目102-3ｲｵﾝﾓｰﾙﾅｺﾞﾔﾄﾞｰﾑ前SC3F
ＧｉＧＯイオンタウン刈谷,愛知県刈谷市東境町京和１
ラウンドワン半田店,愛知県半田市瑞穂町６−７−８
ポート２４八事店,愛知県名古屋市昭和区広路町北石坂102番地4
ラウンドワン豊橋店,愛知県豊橋市大岩町字岩田２７−２
ゲームファンタジアン長久手店,愛知県長久手市武蔵塚705
ファンタジープラザ名古屋,愛知県名古屋市北区玄馬町２３４−１ﾄﾞﾝｷﾎｰﾃ名古屋本店２階
ＡＤＸマミー出川店,愛知県春日井市不二ヶ丘１丁目５番地
プラサカプコン岡崎店,愛知県岡崎市戸崎町字外山３８−５イオンモール岡崎　シネコン棟
ＧｉＧＯｍｏｚｏワンダーシティ,愛知県名古屋市西区二方町４０番
ＡＤＸマミー岡崎店,愛知県岡崎市井田新町６−１
SOYU BREMEN TOWN 鳴海店,愛知県名古屋市緑区鳴海町字伝治山3-9　アピタ鳴海店2F
ソユープレイランドソピア安城店,愛知県安城市住吉町3-1-8イトーヨーカドー安城店2F
ＧｉＧＯイオンタウン名西,愛知県名古屋市西区香呑町６−４９−１イオンタウン名西２Ｆ
ファンタジーウエストタウン西尾店,愛知県西尾市高鼻町３−２３−９ヴェルサウォーク西尾店３Ｆ
楽市楽座イオンモール名古屋茶屋店,愛知県名古屋市港区西茶屋２−１１イオンモール名古屋茶屋３階
ｎａｍｃｏ名古屋駅前店,愛知県名古屋市中村区椿町６−６ニッセイ名古屋西ビル別館Ｂ１
タイトーステーションフェドラ大須店,愛知県名古屋市中区大須３−３０−３１
ゲーム　アルカナ,愛知県稲沢市朝府町２−３３
ラウンドワンイーアス春日井店,愛知県春日井市六軒屋町東丘２２テナント区画番号３０１０
アピナ豊橋,愛知県豊橋市藤沢町１４１ホリデイ・スクエアＡＭ棟１階
ダイナソアエイジ,愛知県大府市東新町三丁目８８番地
コムテックスクウェア,愛知県名古屋市中区金山1-16-8
アピナ名古屋栄店,愛知県名古屋市中区錦３‐１７‐１５ドン・キホーテ栄本店Ｂ１
タイトーＦステーション弥富店,愛知県弥富市五明町蒲原１３７１‐４
ソユーゲームフィールド赤池店,愛知県日進市赤池町箕ノ手１番プライムツリー赤池３階
コムテックタワー,愛知県名古屋市中村区名駅４−１０−２０
ＧｉＧＯマーケットスクエアささしま,愛知県名古屋市中村区平池町４丁目６０番地１４号
ゲームパニック大須,愛知県名古屋市中区大須3-30-93　メガタウンB1F
ゲーム キングジョイ,愛知県名古屋市中区栄3-3-32
ゲームチャオ松阪店,三重県松阪市船江町７８０
ＧｉＧＯ生桑,三重県四日市市生桑町字川原崎２９９−１
ドリームキャンディ,三重県伊賀市小田町７１１−１
アソビックスゲームワールド,三重県三重郡朝日町小向181
ＧｉＧＯアドバンスモール松阪,三重県松阪市田村町２３５−１
ＧｉＧＯ久居,三重県津市久居明神町字風早２５３４−１
プレビ　トナリエ四日市,三重県四日市市安島１−３−３１トナリエ５階
アピナ四日市店,三重県四日市市泊小柳町４−３４
ＧｉＧＯ名張,三重県名張市希央台３番地１５
ラウンドワンみえ川越インターチェンジ店,三重県三重郡川越町南福崎８５１−１
ラウンドワン津・高茶屋店,三重県津市高茶屋小森町２７７−８
ＧｉＧＯ伊勢,三重県伊勢市中須町６６６
アピナ鈴鹿店,三重県鈴鹿市庄野羽山4-20-1イオンタウン鈴鹿2階
アミパラ鈴鹿店,三重県鈴鹿市西条町字東澤430-1
ＧｉＧＯ桑名,三重県桑名市江場１５７８
ＧｉＧＯ甲西,滋賀県湖南市夏見字二ツ橋３５６−１
ＧｉＧＯエイスクエア草津,滋賀県草津市西渋川１−２３−２３エイスクエアＳＡＲＡ南館２階
ACT草津ACTION,滋賀県草津市野路町1161-1
エースレーン近江八幡店,滋賀県近江八幡市出町７３６アクトビル１Ｆ
エースレーン守山,滋賀県守山市播磨田町２３１−４ＡＣＴ守山３番館内
エースレーン愛知川,滋賀県愛知郡愛荘町長野２００
エースレーン堅田,滋賀県大津市今堅田２−４０−１０
タイトーＦステーションイオン近江八幡店,滋賀県近江八幡市鷹飼町南３−７　１階
ラウンドワン浜大津アーカス店,滋賀県大津市浜町２−１浜大津アーカス内
ＧＡＭＥ　ＦＩＥＬＤ守山店,滋賀県守山市今浜町２６２０−５ピエリ守山1Ｆ
アミパラ草津店,滋賀県草津市木川町72
滋賀レジャーランド大津店,滋賀県大津市におの浜３−１−４３　イオンタウンアヤハプラザ内
ｎａｍｃｏビバシティ彦根店,滋賀県彦根市竹ケ鼻町４３−１ビバシティ彦根２Ｆ
ＧｉＧＯＭＯＭＯテラス京都伏見,京都府京都市伏見区桃山町山ノ下３２京都ＳＣビルＡＭ棟２Ｆ
プラサカプコン京都店,京都府京都市右京区西院追分町２５−１イオンモール京都五条３Ｆ
ラウンドワン京都伏見店,京都府京都市伏見区下鳥羽平塚町１３１
パルケ上賀茂店,京都府京都市北区上賀茂西河原１−１
あそＶＩＶＡゲームセンター,京都府福知山市字堀小字上高田２１４６−１
プレイランド京都店,京都府京都市右京区山ノ内池尻町1-1京都ファミリー3F
アミューズメントＣＵＥ京都円町店,京都府京都市中京区西ノ京西円町４０
ラウンドワン京都河原町店,京都府京都市中京区河原町通三条下ル山崎町２５０
バンダイナムコＣｒｏｓｓＳｔｏｒｅ京都,京都府京都市南区西九条鳥居口町１イオンモールＫＹＯＴＯ　ＳＡＫＵＲ
ＧｉＧＯ布施,大阪府東大阪市長堂１−１−１ロンモール布施内
ＧｉＧＯ東梅田,大阪府大阪市北区堂山町９−２８
ＧｉＧＯ今福,大阪府大阪市城東区今福東１−９−３４
ＧｉＧＯ枚方,大阪府枚方市須山町８３−１サンシャインプラザ枚方内
ラウンドワン豊中店,大阪府豊中市名神口１−１−１
ラウンドワン守口店,大阪府守口市佐太東町２−６−１４ジャガーグリーン２Ｆ
ラウンドワン東大阪店,大阪府東大阪市若江南町１−２−１２
ラウンドワン東淀川店,大阪府大阪市東淀川区菅原７−１４−２８
ゲームフェイス八尾店,大阪府八尾市天王寺屋2-68
ＧｉＧＯ和泉,大阪府和泉市肥子町２−４−４１
モンキートリック,大阪府寝屋川市香里南之町32-5　YNレジデンス香里2F
関大前フタバボウル,大阪府吹田市千里山東１−７−１８
ソユーゲームフィールド泉南店,大阪府泉南市りんくう南浜３番１２イオンモールりんくう泉南２Ｆ
ラウンドワン高槻店,大阪府高槻市辻子３−６−４
ラウンドワン堺中央環状店,大阪府堺市東区石原町２−２４１
ラウンドワン城東放出店,大阪府大阪市城東区今福南3-4-38
ラウンドワン堺駅前店,大阪府堺市堺区戎島町4-44-3
ラウンドワン枚方店,大阪府枚方市高野道１−２０−２０
ゲームパニック堺,大阪府堺市堺区築港八幡町1番地堺浜ｼｰｻｲﾄﾞｽﾃｰｼﾞ内堺浜ｴﾝﾀﾒ館
フタバボウル泉大津店,大阪府泉大津市松之浜町１−２−５３
タイトーステーション アリオ八尾店,大阪府八尾市光町２−３　イトーヨーカドーアリオ八尾３Ｆ
タイトーステーション 難波店,大阪府大阪市中央区難波千日前１５−１２
Ｇ−ｐａｌａあべの,大阪府大阪市阿倍野区阿倍野筋３−１０−１あべのベルタ２Ｆ
ラウンドワン岸和田店,大阪府岸和田市八阪町２−１１−１
ＧｉＧＯフレスポ東大阪,大阪府東大阪市稲田新町３−９−６４
ＧｉＧＯビバモール寝屋川,大阪府寝屋川市寝屋南２−２２−２ビバモール寝屋川モール棟２Ｆ
ＹＡＺ寝屋川店,大阪府寝屋川市石津中町25-26
タイトーステーション大阪日本橋店,大阪府大阪市浪速区日本橋４−９−１４
ＧｉＧＯ新三国アルゴ７,大阪府豊中市神州町１−１５
ラウンドワンららぽーと和泉店,大阪府和泉市あゆみ野４−４−７　４階　４２１００番
ENTERTAINMENT FIELD ららぽーとEXPOCITY店,大阪府吹田市千里万博公園２−１ららぽーとＥＸＰＯＣＩＴＹ３Ｆ
楽市楽座イオンモール四條畷店,大阪府四條畷市砂4-3-2イオンモール四條畷店3F
トップラン東大阪店,大阪府東大阪市東鴻池町１−６−３０イオンタウン東大阪店２Ｆ
SOYU GAME FIELD堺鉄砲町店,大阪府堺市堺区鉄砲町1番地イオンモール堺鉄砲町3F
あそＶＩＶＡ阪急茨木店,大阪府茨木市永代町６−２スポーツプラザ茨木２Ｆ
SOYUGameFieldみのおキューズモール店,大阪府箕面市西宿１−１５−３０みのおキューズモールＣ棟２階
アミパラ光明池店,大阪府和泉市室堂町８２４−３６
ＧｉＧＯ難波アビオン,大阪府大阪市浪速区難波中２−３−１５　ＭＭＯビルＢ１Ｆ〜３Ｆ
ＧｉＧＯあべのアポロ３階,大阪府大阪市阿倍野区阿倍野筋１−５−３１アポロビル３Ｆ
ｎａｍｃｏ梅田店,大阪府大阪市北区小松原町３−３ＯＳビル２Ｆ
ラウンドワン梅田店,大阪府大阪市北区小松原町４−１６
ラウンドワン千日前店,大阪府大阪市中央区難波１−３−１
ＧｉＧＯ大阪道頓堀本店,大阪府中央区道頓堀１丁目８番２２号道頓堀ゼロゲート１階・２
ＧｉＧＯ明石,兵庫県明石市魚住町清水２４６４−１
ＧｉＧＯつかしん,兵庫県尼崎市塚口本町４−８−１つかしん内
遊スペース マジカル,兵庫県神戸市中央区琴ノ緒町５−２−３
ゲームアイビス太子店,兵庫県揖保郡太子町太田2149
ラウンドワン加古川店,兵庫県加古川市尾上町安田325番6号
ラウンドワンＪＲ尼崎駅前店,兵庫県尼崎市潮江１−４−５プラストいきいき館４階
遊スペース アローズ,兵庫県神戸市西区丸塚２丁目９−１８
プレイステーションネーブル西宮店,兵庫県西宮市両度町6-10
アミパラ垂水店,兵庫県神戸市垂水区名谷町字室山１４００−１８
ラウンドワン姫路飾磨店,兵庫県姫路市飾磨区中島１−２５４
社スポーツレーン,兵庫県加東市社1189-1
トップラン,兵庫県神戸市西区岩岡町古郷1474-1
ＧｉＧＯ神戸ｕｍｉｅサウスモール,兵庫県神戸市中央区東川崎町１ー７−２ダイヤニッセイビル４Ｆ
ＧｉＧＯフェニックスプラザ摩耶,兵庫県神戸市灘区味泥町６−１フェニックスプラザ１Ｆ
ＧｉＧＯ神戸ｕｍｉｅモザイク,兵庫県神戸市中央区東川崎１ー６ー１神戸モザイク３Ｆ
タイトーＦステーション三宮西館店,兵庫県神戸市中央区三宮町２丁目１１−１センタープラザ西館
アミパラ加古川店,兵庫県加古川市尾上町今福７１−２
ｎａｍｃｏイオンモール神戸南店,兵庫県神戸市兵庫区中之島２−１−１ イオンモール神戸南３Ｆ
タイトーＦステーション姫路,兵庫県姫路市駅前町２６９・２７０番地
ＧｉＧＯコロワ甲子園,兵庫県西宮市甲子園高潮町３−３Ｃｒｏｗａ甲子園３Ｆ
アピナ姫路店,兵庫県姫路市東郷町１４５４−３姫路リオス２階
タイトーＦステーションアスピア明石店,兵庫県明石市東仲ノ町６‐１　アスピア明石店南館３階
ＧｉＧＯイオン淡路,兵庫県淡路市志筑新島１０ー２
ハローズガーデン猪名川店,兵庫県川辺郡猪名川町白金２‐１イオンモール猪名川店３階
ＧｉＧＯイオンモール姫路リバーシティー,兵庫県姫路市飾磨区細江２５６０番地
ＧｉＧＯ三宮北口,兵庫県神戸市中央区北長狭通一丁目８番１号
ＧｉＧＯ姫路駅前,兵庫県姫路市駅前町２５４姫路ＯＳビルＢ１Ｆ
ラウンドワン伊丹店,兵庫県伊丹市昆陽７丁目２９
ハローズガーデン新三田店,兵庫県三田市けやき台１−６−４三田ウッディタウンサティ２番街
ラウンドワン三宮駅前店,兵庫県神戸市中央区小野柄通6-1-17
ラウンドワン奈良・ミナーラ店,奈良県奈良市二条大路南１−３−１ミ・ナーラ５階
SOYUGameField奈良橿原店,奈良県橿原市曲川町7-20-1　イオンモール橿原3F
アミューズメントＣＵＥ奈良三条店,奈良県奈良市三条町478-1
楽市楽座　イオンモール大和郡山店,奈良県大和郡山市下三橋町741-333イオンモール大和郡山店
キッズサーカス奈良柏木店,奈良県奈良市柏木町４５６−１
アミパラ橿原店,奈良県橿原市十市町1222-1ツインゲート橿原１F
ラウンドワン和歌山店,和歌山県和歌山市小雑賀７３９−３
ユーズランド和歌山店,和歌山県和歌山ふじと台２３番地イオンモール和歌山２Ｆ
ピタゴラス和歌山,和歌山県和歌山市土入７３−１
ＧｉＧＯ鳥取,鳥取県鳥取市安長４１６
アミパラがいな店,鳥取県米子市日ノ出町１−８−１３
アピナ米子店,鳥取県米子市米原二丁目１３２０番地１メガドン・キホーテ３階
ＧｉＧＯ松江,島根県松江市嫁島町１２−１５
ジーパラ出雲,島根県出雲市渡橋町７８４−１
ｙｏｕｍｅ　ＣＩＲＣＵＳ出雲店,島根県出雲市大塚町６５０−１ゆめタウン出雲店　東館３Ｆ
ＧｉＧＯ倉敷,岡山県倉敷市西中新田５３５−２
ＧｉＧＯ岡山藤崎,岡山県岡山市中区藤崎５９９−１２
アミパラテクノランド店,岡山県岡山市北区大和町１−７−１２
アミパラ倉敷店,岡山県倉敷市西中新田624-1アミパラボウル1F
ユーズランド倉敷店,岡山県倉敷市水江１番地イオンモール倉敷２Ｆ
アミパラ岡山店,岡山県岡山市北区青江１丁目１３−８
ラウンドワン岡山妹尾店,岡山県岡山市南区妹尾３４１３−１
タイトーＦステーションマルナカ新倉敷店,岡山県倉敷市玉島爪崎９８１−１
ＧｉＧＯイオンモール岡山,岡山県岡山市北区下石井１−２−１イオンモール岡山６Ｆ
ＧｉＧＯ中筋,広島県広島市安佐南区中筋４−１１−７
ＧｉＧＯ海田,広島県安芸郡海田町南大正町３−３５
ＧｉＧＯ尾道,広島県尾道市新浜１−２−１３
ＧｉＧＯ福山,広島県福山市瀬戸町大字山北３００
アミパラ広島店,広島県広島市西区西観音町3-17
ＧｉＧＯ広,広島県呉市広中町１−９
タイトーステーション広島紙屋町店,広島県広島市中区紙屋町２−２−２１
スペースV1廿日市店,広島県廿日市市本町４−２３
ｎａｍｃｏイオンモール広島府中,広島県安芸郡府中町大須2-1-1イオンモール広島府中3階
アミパラ神辺店,広島県福山市神辺町大字新道上字１−２−１
ラウンドワン福山店,広島県福山市明神町１−９−２８
ＧｉＧＯアルパーク北棟,広島県広島市西区草津南４−７−１　アルパーク北棟２Ｆ
ＧｉＧＯＬＥＣＴ広島,広島県広島市西区扇町２−１−４５ＬＥＣＴ２Ｆ
ＧｉＧＯ広島本通,広島県広島市中区本通９−３０ランドマークビル１Ｆ
アミパラ東尾道店,広島県尾道市高須町５６８８
アミパラここじゃ店,広島県東広島市西条町下見６−１０−１９
ラウンドワン広島店,広島県広島市中区立町３−１１
ＳＰＥＥＤ,山口県周南市大字久米３２１９
ＧｉＧＯイオンタウン小郡,山口県山口市小郡前田町３−６イオンタウン小郡内
フレスパランドカッタの湯,山口県宇部市海南町1675
アミパラ下関店,山口県下関市長府才川１−４２−４８
アレックス,山口県宇部市西宇部南３−５−５３
ソユーファミリーゲームフィールド防府店,山口県防府市鐘紡町７−１イオンタウン防府1F
ネオブラボー,山口県防府市高倉１−３−３０
タイトーＦステーション山口メルクス店,山口県山口市大字黒川８２−１ハイパーモールメルクス内
アミパラ周南久米店,山口県周南市大字久米２８３４　イオンタウン周南久米
ＧｉＧＯスエヒロボウル徳島,徳島県徳島市南末広町４−９５−２
アミューズメントパフェパレパレ田宮店,徳島県徳島市南田宮２−２−４６
ラウンドワン徳島・万代店,徳島県徳島市万代町４−１９−１
マックスプラザ善通寺,香川県善通寺市中村町１７９８−２
ＧｉＧＯ丸亀,香川県丸亀市蓬莱町５６−１
ラウンドワン高松店,香川県高松市松島町２−７−４３
アミパラ丸亀店,香川県丸亀市飯野町西分字川縁甲５８４−１　ハローズ棟内
タイトーＦステーションゆめタウン三豊店,香川県三豊市豊中町本山甲２２
ＧｉＧＯイオンモール高松,香川県高松市香西本町1-1 イオンモール高松2F　227-2
えの木　高松店,香川県高松市藤塚町３丁目３−３
ＧｉＧＯ松山,愛媛県松山市枝松５−７−３２
アミューズメントパークＭＧキスケ,愛媛県松山市宮田町４　キスケボックス内１階
プラサカプコン新居浜店,愛媛県新居浜市前田町８−８イオンモール新居浜２Ｆ
ソユーフォレストハンター松前店,愛媛県伊予郡松前町筒井８５０ＡＭ棟１階
ラウンドワン松山店,愛媛県松山市東長戸１−３−１０
タイトーＦステーション今治ワールドプラザ,愛媛県今治市東村１の１４の２今治ワールドプラザ内
アミューズメントパークＭＧ大街道,愛媛県松山市大街道１−４−１７
宮西スタジアムⅡ,愛媛県松山市宮西２丁目４－４１
ＧｉＧＯそよら今治馬越,愛媛県今治市馬越町４ー８ー１
えの木,高知県高知市旭町3丁目100-3
アミパラ高知店,高知県南国市篠原１９４−１
ＧｉＧＯフジグラン高知,高知県高知市朝倉東町５２−１５フジグラン高知３Ｆ
ラウンドワン高知店,高知県高知市南宝永町４−１２
ハイパーメッセ,福岡県北九州市小倉南区北方４−６−７
Ｇ−ＳＴＡＧＥ飯塚店,福岡県飯塚市枝国６８０−２
Ｇ−ＳＴＡＧＥ七隈店,福岡県福岡市城南区七隈８−４−８
ＧｉＧＯ中間,福岡県中間市上蓮花寺３−１−１
タイトーステーション福岡天神店,福岡県福岡市中央区天神２−６−３５サザンクロスビル
楽市街道箱崎店,福岡県福岡市東区箱崎５丁目１番８号
楽市楽座イオンモール福岡店,福岡県糟屋郡粕屋町大字酒殿字老ノ木１９２−１ 2F
楽市楽座黒崎店,福岡県北九州市八幡西区桜ヶ丘町１−３フレスポ黒崎２階
楽市街道くるめ店,福岡県久留米市新合川2-7-10久留米アミューズメントビル内
ラウンドワン小倉店,福岡県北九州市小倉北区西港町15-65
楽市楽座イオンモール福岡伊都店,福岡県福岡市西区北原1-3-1イオンモール福岡伊都SC別館
遊道楽新合川店,福岡県久留米市新合川1丁目6-7
ラウンドワン博多半道橋店,福岡県福岡市博多区半道橋２−２−８
ラウンドワン大野城店,福岡県大野城市御笠川１−１８−１６
ペップ魚町,福岡県北九州市小倉北区魚町２−４−２０
Ｇ−ｐａｌａ小倉,福岡県北九州市小倉南区上葛原1−14−1
アソビクル新宮店,福岡県糟屋郡新宮町三代９９９番地１
ＧｉＧＯミーナ天神,福岡県福岡市中央区天神４丁目３番８号　ミーナ天神７階　７０
ＧｉＧＯゆめタウン飯塚,福岡県飯塚市菰田西３丁目６番１号
Ｇ−ＳＴＡＧＥ小倉,福岡県北九州市小倉北区浅野2-14-5あるあるCITY2階
最後の５ドル,福岡県糟屋郡粕屋町大字仲原2706仲原ファミリープラザ2F
ＧｉＧＯ福岡天神,福岡県福岡市中央区天神２−７−６ＤＡＤＡビル
ｎａｍｃｏ博多バスターミナル店,福岡県福岡市博多区博多駅中央街２−１博多バスターミナル７階
ラウンドワン福岡天神店,福岡県福岡市中央区天神２−６−１２
遊道楽嘉瀬店,佐賀県佐賀市嘉瀬町中原２４８８−１
ＧｉＧＯ武雄,佐賀県武雄市武雄町富岡１２５１７−１
ラウンドワン佐賀店,佐賀県佐賀市兵庫北４−２−１
ｎａｍｃｏモラージュ佐賀店,佐賀県佐賀市巨勢町大字牛島７３０モラージュ佐賀南館１Ｆ
ＧｉＧＯ諫早,長崎県諫早市小川町９０−１
Ｇ−ｐａｌａ時津,長崎県西彼杵郡時津町野田郷５９号
三冠王バッティングセンター,長崎県佐世保市相浦町２６８９−１
ＧｉＧＯサンスパおおむら,長崎県大村市森園町６６３−３
遊道楽時津店,長崎県西彼杵郡時津町元村郷８６３−１０
ＧｉＧＯみらい長崎ココウォーク,長崎県長崎市茂里町１−５５みらい長崎ココウォーク５Ｆ
アミパラ佐世保店,長崎県佐世保市大塔町１８−１５
G-stage浜町,長崎県長崎市浜町2-26
ｎａｍｃｏアミュプラザ長崎新館,長崎県長崎市尾上町１番１号　アミュプラザ長崎新館４階
ｎａｍｃｏワンダーシティ南熊本店,熊本県熊本市中央区九品寺６−９−１
パスカワールドグリーンランド店,熊本県荒尾市本井手１５７４−５４
ラウンドワン熊本店,熊本県熊本市西区春日7-25-15
スポラ菊陽,熊本県菊池郡菊陽町津久礼駄飼代２６１７−２
サープラ下通りあそびタウン,熊本県熊本市中央区手取本町４番１２号
パスカランドはません,熊本県熊本市南区田井島1-2-1ゆめタウンはません3F
ＧｉＧＯアミュプラザくまもと,熊本県熊本市西区春日三丁目１５番２６号６Ｆ　６１８区画
ＧｉＧＯ中津,大分県中津市沖代町１−２−１６
ＧｉＧＯ高城,大分県大分市牧１−１６１−８
ＧｉＧＯ別府,大分県別府市餅ヶ浜町１６１−２
Ｇ−ｐａｌａ日田,大分県日田市友田997-1
タイトーＦステーションセントポルタ大分店,大分県大分市中央町２−１−１
トライセン萩原,大分県大分市萩原４−２２７−７
ラウンドワン大分店,大分県大分市萩原２−１３−１７
トライセン中津店,大分県中津市下池永６７−３
ユーズランド三光店,大分県中津市三光佐知1032イオンモール三光2F
タイトー アミュプラザおおいた店,大分県大分市要町１−１４アミュプラザおおいた４Ｆ
ＧｉＧＯ延岡,宮崎県延岡市平原町５−１４９２−８
ラウンドワン宮崎店,宮崎県宮崎市中村東３−４−６０
ＧｉＧＯアミュプラザみやざき,宮崎県宮崎市老松２丁目２番２２号アミュプラザみやざき　うみ館
ラウンドワン鹿児島宇宿店,鹿児島県鹿児島市宇宿2-2-2
ＡｍｕｓｅｍｅｎｔｃｉｔｙＧ−ＳＴＡ,鹿児島県薩摩川内市向田本町４９番
タイトーアミュプラザ鹿児島店,鹿児島県鹿児島市中央町１−１アミュプラザ鹿児島５Ｆ
ゲームセンター電撃ベイサイド,鹿児島県鹿児島市浜町2-2
タイトーＦステーションニシムタ出水店,鹿児島県出水市六月田町３４７番地
ＧｉＧＯ北谷,沖縄県中頭郡北谷町美浜９−８
ｎａｍｃｏイオン具志川店,沖縄県うるま市字前原幸崎原３０３イオン具志川ＳＣ内２Ｆ
ラウンドワン沖縄・宜野湾店,沖縄県宜野湾市真志喜３−２８−８
ラウンドワン沖縄・南風原店,沖縄県島尻郡南風原町字兼城５５２番地
楽市楽座イオンモール沖縄ライカム店,沖縄県中頭郡北中城村字沖縄ﾗｲｶﾑ1ｲｵﾝﾓｰﾙ沖縄ﾗｲｶﾑ4階
ｎａｍｃｏサンエー浦添西海岸パルコシティ,沖縄県浦添市西洲３丁目１番１サンエー浦添西海岸パルコシティ３階
